user_id,anime_id,rating,name,genre,type,episodes,members
73424,7785,10,Yojouhan Shinwa Taikei,"Mystery, Psychological, Romance",TV,11,122531
59789,19769,6,Mahou Sensou,"Action, Fantasy, Magic",TV,12,104192
55960,59,10,Chobits,"Comedy, Drama, Ecchi, Romance, Sci-Fi, Seinen",TV,26,266846
71461,3342,10,Mnemosyne: Mnemosyne no Musume-tachi,"Action, Horror, Sci-Fi, Shoujo Ai, Supernatural",TV,6,96092
55390,986,8,Dragon Ball Z Special 1: Tatta Hitori no Saishuu Kessen,"Adventure, Comedy, Fantasy, Sci-Fi, Shounen",Special,1,46276
21160,14345,10,Btooom!,"Action, Psychological, Sci-Fi, Seinen",TV,12,329561
51693,8312,7,Piece,Music,Music,1,1143
57050,2026,9,Hayate no Gotoku!,"Action, Comedy, Harem, Parody, Romance",TV,52,130085
35577,11759,9,Accel World,"Action, Game, Romance, School, Sci-Fi",TV,24,324284
4574,8675,9,Seitokai Yakuindomo,"Comedy, School, Shounen, Slice of Life",TV,13,217617
38920,7,6,Witch Hunter Robin,"Action, Drama, Magic, Mystery, Police, Supernatural",TV,26,64905
38644,19365,6,Samurai Flamenco,"Action, Comedy, Parody",TV,22,74324
66021,12929,-1,Saint Seiya Omega,"Action, Adventure, Fantasy, Shounen",TV,97,22684
36665,19163,-1,Date A Live II,"Comedy, Harem, Mecha, Romance, School, Sci-Fi",TV,10,186187
61228,2236,9,Toki wo Kakeru Shoujo,"Adventure, Drama, Romance, Sci-Fi",Movie,1,289206
47612,23383,8,D-Frag! OVA,"Comedy, Game, Seinen",OVA,1,28116
10501,953,8,Jyu Oh Sei,"Action, Adventure, Drama, Mystery, Sci-Fi, Shoujo",TV,11,44766
3398,10119,8,Seitokai Yakuindomo OVA,"Comedy, School, Shounen, Slice of Life",OVA,8,63265
43494,6547,8,Angel Beats!,"Action, Comedy, Drama, School, Supernatural",TV,13,717796
56577,8630,7,Hidan no Aria,"Action, Comedy, Romance, School",TV,12,171888
52017,73,-1,Full Metal Panic! The Second Raid,"Action, Mecha, Military",TV,13,155340
57033,12467,8,Nazo no Kanojo X,"Ecchi, Romance, School, Seinen",TV,13,99788
48981,9617,10,K-On! Movie,"Comedy, Music, Slice of Life",Movie,1,115252
28241,164,-1,Mononoke Hime,"Action, Adventure, Fantasy",Movie,1,339556
35247,9253,8,Steins;Gate,"Sci-Fi, Thriller",TV,24,673572
44946,10588,-1,Persona 4 the Animation,"Adventure, Mystery, School, Sci-Fi, Super Power, Supernatural",TV,25,134942
44872,4087,9,Michiko to Hatchin,"Action, Adventure",TV,22,82625
46109,198,8,Speed Grapher,"Action, Mystery, Super Power",TV,24,64627
48485,1535,10,Death Note,"Mystery, Police, Psychological, Supernatural, Thriller",TV,37,1013917
21208,9041,10,IS: Infinite Stratos,"Action, Comedy, Harem, Mecha, Sci-Fi",TV,12,254543
29414,20903,9,Harmonie,"Drama, School, Supernatural",Movie,1,29029
16980,11887,8,Kokoro Connect,"Comedy, Drama, Romance, School, Slice of Life, Supernatural",TV,13,283847
497,27603,10,Jutaijima,Hentai,OVA,2,2345
1843,30379,9,Nagato Yuki-chan no Shoushitsu: Owarenai Natsuyasumi,"Comedy, Seinen, Slice of Life",OVA,1,9773
67934,849,-1,Suzumiya Haruhi no Yuuutsu,"Comedy, Mystery, Parody, School, Sci-Fi, Slice of Life",TV,14,428569
66792,1887,5,Lucky☆Star,"Comedy, Parody, School, Slice of Life",TV,24,305837
23529,10719,-1,Boku wa Tomodachi ga Sukunai,"Comedy, Ecchi, Harem, Romance, School, Seinen, Slice of Life",TV,12,325664
68139,2155,8,Kono Aozora ni Yakusoku wo: Youkoso Tsugumi Ryou e,"Harem, Romance, School",TV,13,12622
58736,2604,6,Sky Girls,"Mecha, Military, Sci-Fi",TV,26,17115
51999,384,10,Gantz,"Action, Drama, Horror, Psychological, Sci-Fi, Supernatural",TV,13,165335
54001,20,10,Naruto,"Action, Comedy, Martial Arts, Shounen, Super Power",TV,220,683297
63710,24991,-1,No Game No Life Specials,"Ecchi, Fantasy, Game",Special,6,58997
20928,28701,10,Fate/stay night: Unlimited Blade Works 2nd Season,"Action, Fantasy, Magic, Shounen, Supernatural",TV,13,205987
2431,8630,7,Hidan no Aria,"Action, Comedy, Romance, School",TV,12,171888
20081,59,7,Chobits,"Comedy, Drama, Ecchi, Romance, Sci-Fi, Seinen",TV,26,266846
70961,7669,8,&quot;Bungaku Shoujo&quot; Kyou no Oyatsu: Hatsukoi,"Comedy, Fantasy, School",OVA,1,14351
68130,121,9,Fullmetal Alchemist,"Action, Adventure, Comedy, Drama, Fantasy, Magic, Military, Shounen",TV,51,600384
701,2001,7,Tengen Toppa Gurren Lagann,"Action, Adventure, Comedy, Mecha, Sci-Fi",TV,27,562962
22649,16169,4,Choboraunyopomi Gekijou Ai Mai Mii,"Comedy, Slice of Life",TV,13,16846
10212,9919,7,Ao no Exorcist,"Action, Demons, Fantasy, Shounen, Supernatural",TV,25,583823
36658,6880,7,Deadman Wonderland,"Action, Horror, Sci-Fi",TV,12,453454
57253,696,-1,Tenchi Muyou!,"Comedy, Harem, Romance, Sci-Fi, Shounen, Space",TV,26,38372
72477,8438,-1,Pokemon Ranger: Hikari no Kiseki,"Adventure, Comedy, Fantasy, Kids",Special,2,4770
36205,25161,9,One Piece 3D2Y: Ace no shi wo Koete! Luffy Nakama Tono Chikai,"Adventure, Comedy, Fantasy, Shounen",Special,1,30516
55258,11235,-1,Amagami SS+ Plus,"Comedy, Romance, School, Slice of Life",TV,13,73813
37948,15633,6,Code:Breaker OVA,"Action, Comedy, Ecchi, School, Shounen, Super Power, Supernatural",OVA,3,17814
58522,15609,4,"Kono Naka ni Hitori, Imouto ga Iru!: Ani, Imouto, Koibito","Comedy, Ecchi, Harem, Romance, School, Seinen",OVA,1,21636
27035,5341,8,Ookami to Koushinryou II,"Adventure, Fantasy, Historical, Romance",TV,12,210491
12430,3655,9,Nabari no Ou,"Action, Comedy, Drama, Fantasy, Shounen, Supernatural",TV,26,107384
45659,16528,8,Hal,"Romance, Sci-Fi, Shoujo",Movie,1,50812
61501,10379,9,Natsume Yuujinchou San,"Drama, Fantasy, Shoujo, Slice of Life, Supernatural",TV,13,102322
46469,16866,-1,Tonari no Kaibutsu-kun: Tonari no Gokudou-kun,"Comedy, Historical, Romance, Shoujo",OVA,1,46837
26347,8795,10,Panty &amp; Stocking with Garterbelt,"Action, Comedy, Ecchi, Parody, Supernatural",TV,13,157642
48203,1818,9,Claymore,"Action, Adventure, Demons, Fantasy, Shounen, Super Power, Supernatural",TV,26,316853
27351,269,-1,Bleach,"Action, Comedy, Shounen, Super Power, Supernatural",TV,366,624055
22334,33222,-1,Fudanshi Koukou Seikatsu,"Comedy, School, Shoujo, Slice of Life",TV,12,26360
11495,6401,-1,ef: A Tale of Melodies. - Prologue,Music,Special,1,13745
35417,1010,-1,Ranma ½: Chou Musabetsu Kessen! Ranma Team vs. Densetsu no Houou,"Action, Adventure, Comedy, Martial Arts, Shounen, Supernatural",Movie,1,9597
61430,849,8,Suzumiya Haruhi no Yuuutsu,"Comedy, Mystery, Parody, School, Sci-Fi, Slice of Life",TV,14,428569
49832,5074,6,Tetsuwan Birdy Decode:02,"Action, Comedy, Sci-Fi",TV,12,29622
46077,121,9,Fullmetal Alchemist,"Action, Adventure, Comedy, Drama, Fantasy, Magic, Military, Shounen",TV,51,600384
2480,10521,9,Working&#039;!!,"Comedy, Slice of Life",TV,13,117328
72947,30137,5,Big Order,"Action, Shounen, Super Power",OVA,1,17237
32234,30,10,Neon Genesis Evangelion,"Action, Dementia, Drama, Mecha, Psychological, Sci-Fi",TV,26,461946
51092,934,9,Higurashi no Naku Koro ni,"Horror, Mystery, Psychological, Supernatural, Thriller",TV,26,359494
62478,5081,8,Bakemonogatari,"Mystery, Romance, Supernatural, Vampire",TV,15,482268
57327,4970,-1,Afro Samurai: Resurrection,"Action, Adventure, Samurai",Movie,1,51064
21748,21541,7,Hentai Ouji to Warawanai Neko.: Henneko BBS,Comedy,Special,13,15586
32567,889,8,Black Lagoon,"Action, Seinen",TV,12,332562
35635,16916,9,Kuroko no Basket: Tip Off,"Comedy, School, Shounen, Sports",Special,1,41760
58656,3927,-1,Mobile Suit Gundam 00 Second Season,"Action, Drama, Mecha, Military, Sci-Fi, Space",TV,25,86972
41832,7724,-1,Shiki,"Mystery, Supernatural, Thriller, Vampire",TV,22,251093
45477,1121,9,Pokemon Advanced Generation: Nanayo no Negaiboshi Jirachi,"Adventure, Comedy, Drama, Fantasy, Kids",Movie,1,43444
19399,68,-1,Black Cat,"Adventure, Comedy, Sci-Fi, Shounen, Super Power",TV,23,150512
39223,7054,8,Kaichou wa Maid-sama!,"Comedy, Romance, School, Shoujo",TV,26,391628
61115,10417,9,Gyo,Horror,OVA,1,27005
49418,20057,7,Space☆Dandy,"Comedy, Sci-Fi, Space",TV,13,123529
55319,2596,7,Shinreigari: Ghost Hound,"Mystery, Psychological, Sci-Fi, Supernatural",TV,22,78469
32859,11757,-1,Sword Art Online,"Action, Adventure, Fantasy, Game, Romance",TV,25,893100
27678,6046,9,Tales of Vesperia: The First Strike,"Action, Adventure, Fantasy, Magic, Military",Movie,1,30524
33643,27633,-1,Gekkan Shoujo Nozaki-kun Specials,"Comedy, Romance, School",Special,6,52672
53793,6956,8,Working!!,"Comedy, Slice of Life",TV,13,189367
31478,849,9,Suzumiya Haruhi no Yuuutsu,"Comedy, Mystery, Parody, School, Sci-Fi, Slice of Life",TV,14,428569
65497,21653,4,IS: Infinite Stratos 2 - World Purge-hen,"Action, Comedy, Harem, Mecha, Sci-Fi",OVA,1,28626
45649,29786,-1,Shimoneta to Iu Gainen ga Sonzai Shinai Taikutsu na Sekai,"Comedy, Ecchi, School",TV,12,193822
72325,10620,9,Mirai Nikki (TV),"Action, Mystery, Psychological, Shounen, Supernatural, Thriller",TV,26,657190
63976,185,-1,Initial D First Stage,"Action, Cars, Drama, Seinen, Sports",TV,26,68128
20742,12189,9,Hyouka,"Mystery, School, Slice of Life",TV,22,372246
43668,7465,-1,Eve no Jikan (Movie),"Sci-Fi, Slice of Life",Movie,1,66376
51559,11979,9,Mahou Shoujo Madoka★Magica Movie 2: Eien no Monogatari,"Drama, Magic, Psychological, Thriller",Movie,1,85361
60407,17909,9,Uchouten Kazoku,"Comedy, Drama, Fantasy, Slice of Life",TV,13,64897
43599,12477,9,Sakasama no Patema,"Sci-Fi, Seinen",Movie,1,89749
35856,14741,10,Chuunibyou demo Koi ga Shitai!,"Comedy, Drama, Romance, School, Slice of Life",TV,12,394399
66780,995,9,Prince of Tennis: The National Tournament,"Action, Comedy, Shounen, Sports",OVA,13,25170
24098,10397,8,Mashiro-iro Symphony: The Color of Lovers,"Drama, Harem, Romance, School",TV,12,77284
33833,874,-1,Digimon Tamers,"Adventure, Comedy, Drama, Fantasy, Shounen",TV,51,94391
24434,7311,6,Suzumiya Haruhi no Shoushitsu,"Comedy, Mystery, Romance, School, Sci-Fi, Supernatural",Movie,1,240297
7070,6330,7,Shakugan no Shana: Friagne to Marianne no Naze Nani Shana! Nandemo Shitsumonbako!,"Comedy, Fantasy, Supernatural",Special,8,10284
6769,22759,7,Toaru Kagaku no Railgun S: Daiji na Koto wa Zenbu Sentou ni Osowatta,Comedy,OVA,1,13119
3414,781,8,Detective Conan Movie 03: The Last Wizard of the Century,"Adventure, Comedy, Mystery, Police, Shounen",Movie,1,26799
23343,12189,-1,Hyouka,"Mystery, School, Slice of Life",TV,22,372246
38933,5680,-1,K-On!,"Comedy, Music, School, Slice of Life",TV,13,386048
24706,4938,-1,Tsubasa: Shunraiki,"Action, Adventure, Drama, Fantasy, Magic, Mystery, Romance, Shounen, Supernatural",OVA,2,40420
55310,1895,-1,Ai wa Kagi no Kazu dake... Fuuzoku Mansion,Hentai,OVA,1,2181
63598,21085,6,Witch Craft Works,"Action, Fantasy, Magic, Seinen, Supernatural",TV,12,106381
896,1060,9,Oruchuban Ebichu,"Comedy, Ecchi, Seinen",TV,24,21109
30595,603,5,Futari wa Precure,"Action, Comedy, Fantasy, Magic, Shoujo",TV,49,17671
10931,1727,5,Shinkyoku Soukai Polyphonica,"Drama, Fantasy, Music, Romance, School",TV,12,22282
5011,226,7,Elfen Lied,"Action, Drama, Horror, Psychological, Romance, Seinen, Supernatural",TV,13,623511
21510,9308,-1,Oni Chichi 2,Hentai,OVA,2,11092
18355,11757,9,Sword Art Online,"Action, Adventure, Fantasy, Game, Romance",TV,25,893100
65005,10715,8,Towa no Quon 4: Guren no Shoushin,"Action, Super Power, Supernatural",Movie,1,18545
11097,15417,10,Gintama&#039;: Enchousen,"Action, Comedy, Historical, Parody, Samurai, Sci-Fi, Shounen",TV,13,81109
43529,1384,8,Kyuuketsuhime Miyu,"Action, Demons, Drama, Horror, Vampire",OVA,4,11019
58785,578,8,Hotaru no Haka,"Drama, Historical",Movie,1,174878
18193,12531,8,Sakamichi no Apollon,"Drama, Josei, Music, Romance, School",TV,12,146592
40611,156,9,X,"Action, Drama, Fantasy, Magic, Romance, Shoujo, Super Power",TV,24,51004
58180,1592,8,Hataraki Man,"Comedy, Drama, Romance, Seinen, Slice of Life",TV,11,13681
68568,372,9,Cardcaptor Sakura Movie 2: Fuuin Sareta Card,"Comedy, Drama, Fantasy, Magic, Romance, Shoujo",Movie,1,60637
8706,2666,8,Doraemon Movie 10: Nobita no Nippon Tanjou,"Adventure, Comedy, Fantasy, Kids, Shounen",Movie,1,1176
50685,998,8,Blue Seed,"Action, Adventure, Comedy, Demons, Drama, Ecchi, Horror, Mystery, Romance, Sci-Fi",TV,26,15194
58219,3266,6,Ai Yori Aoshi: Enishi - Miyuki,"Comedy, Drama, Romance",Special,1,12647
42148,20507,10,Noragami,"Action, Adventure, Shounen, Supernatural",TV,12,515378
39009,4726,8,Druaga no Tou: The Sword of Uruk,"Adventure, Fantasy",TV,12,46237
43308,1686,10,Bleach Movie 1: Memories of Nobody,"Action, Adventure, Super Power",Movie,1,151598
12344,4186,8,Chrome Shelled Regios,"Action, Adventure, Fantasy, School, Sci-Fi",TV,24,103615
11740,530,5,Bishoujo Senshi Sailor Moon,"Demons, Magic, Romance, Shoujo",TV,46,146521
37703,1818,8,Claymore,"Action, Adventure, Demons, Fantasy, Shounen, Super Power, Supernatural",TV,26,316853
70967,28701,9,Fate/stay night: Unlimited Blade Works 2nd Season,"Action, Fantasy, Magic, Shounen, Supernatural",TV,13,205987
30680,9919,9,Ao no Exorcist,"Action, Demons, Fantasy, Shounen, Supernatural",TV,25,583823
28198,10156,-1,Sacred Seven,"Action, School, Sci-Fi, Super Power",TV,12,47136
44175,3056,-1,Natural,Hentai,OVA,2,1084
9083,7465,7,Eve no Jikan (Movie),"Sci-Fi, Slice of Life",Movie,1,66376
23753,10719,-1,Boku wa Tomodachi ga Sukunai,"Comedy, Ecchi, Harem, Romance, School, Seinen, Slice of Life",TV,12,325664
40320,512,9,Majo no Takkyuubin,"Adventure, Comedy, Drama, Fantasy, Magic, Romance",Movie,1,152331
6734,1375,9,Watashi no Ashinaga Ojisan,"Comedy, Historical, Romance, School, Shoujo, Slice of Life",TV,40,5600
58438,16009,7,Kamisama no Inai Nichiyoubi,"Fantasy, Mystery",TV,12,122031
41315,3782,-1,Kara no Kyoukai 2: Satsujin Kousatsu (Zen),"Action, Mystery, Romance, Supernatural, Thriller",Movie,1,114415
42576,5680,8,K-On!,"Comedy, Music, School, Slice of Life",TV,13,386048
29827,528,9,Pokemon: Mewtwo no Gyakushuu,"Action, Adventure, Comedy, Drama, Fantasy, Kids",Movie,1,100089
24080,23199,-1,Durarara!!x2 Shou,"Action, Mystery, Supernatural",TV,12,189407
58793,6045,9,Kimi ni Todoke,"Romance, School, Shoujo, Slice of Life",TV,25,309339
39121,30206,-1,Amagi Brilliant Park: Nonbirishiteiru Hima ga Nai!,Comedy,Special,1,30342
72120,24415,9,Kuroko no Basket 3rd Season,"Comedy, School, Shounen, Sports",TV,25,184525
19152,9756,10,Mahou Shoujo Madoka★Magica,"Drama, Magic, Psychological, Thriller",TV,12,462974
28524,2904,-1,Code Geass: Hangyaku no Lelouch R2,"Action, Drama, Mecha, Military, Sci-Fi, Super Power",TV,25,572888
53493,469,9,Karin,"Comedy, Romance, School, Shounen, Vampire",TV,24,106142
39408,21185,8,Baby Steps,"Romance, School, Shounen, Sports",TV,25,59818
59141,419,8,Samurai Deeper Kyou,"Adventure, Comedy, Historical, Shounen, Supernatural",TV,26,38580
24316,7311,10,Suzumiya Haruhi no Shoushitsu,"Comedy, Mystery, Romance, School, Sci-Fi, Supernatural",Movie,1,240297
42002,16866,7,Tonari no Kaibutsu-kun: Tonari no Gokudou-kun,"Comedy, Historical, Romance, Shoujo",OVA,1,46837
45248,18507,7,Free!,"Comedy, School, Slice of Life, Sports",TV,12,265791
40795,121,9,Fullmetal Alchemist,"Action, Adventure, Comedy, Drama, Fantasy, Magic, Military, Shounen",TV,51,600384
45715,530,6,Bishoujo Senshi Sailor Moon,"Demons, Magic, Romance, Shoujo",TV,46,146521
452,11757,-1,Sword Art Online,"Action, Adventure, Fantasy, Game, Romance",TV,25,893100
48433,4898,10,Kuroshitsuji,"Action, Comedy, Demons, Fantasy, Historical, Shounen, Supernatural",TV,24,424919
24521,2904,10,Code Geass: Hangyaku no Lelouch R2,"Action, Drama, Mecha, Military, Sci-Fi, Super Power",TV,25,572888
28053,325,9,Peach Girl,"Drama, Romance, Shoujo, Slice of Life",TV,25,49508
10858,22319,9,Tokyo Ghoul,"Action, Drama, Horror, Mystery, Psychological, Seinen, Supernatural",TV,12,618056
54131,227,7,FLCL,"Action, Comedy, Dementia, Mecha, Parody, Sci-Fi",OVA,6,305165
5294,93,7,Mobile Suit Gundam Seed,"Action, Drama, Mecha, Military, Romance, Sci-Fi, Space",TV,50,96973
37406,1840,5,Zero no Tsukaima: Futatsuki no Kishi,"Action, Adventure, Comedy, Ecchi, Fantasy, Harem, Magic, Romance, School",TV,12,235684
40959,14833,8,Maoyuu Maou Yuusha,"Adventure, Demons, Fantasy, Historical, Romance",TV,12,164445
26858,5300,8,Zoku Natsume Yuujinchou,"Drama, Fantasy, Shoujo, Slice of Life, Supernatural",TV,13,114173
64527,13601,9,Psycho-Pass,"Action, Police, Psychological, Sci-Fi",TV,22,509109
26804,27631,8,God Eater,"Action, Fantasy, Military, Sci-Fi",TV,13,192433
12968,8525,8,Kami nomi zo Shiru Sekai,"Comedy, Harem, Romance, Shounen, Supernatural",TV,12,284846
58840,861,7,xxxHOLiC,"Comedy, Drama, Mystery, Psychological, Supernatural",TV,24,150872
26312,15729,-1,Hagure Yuusha no Aesthetica: Hajirai Ippai,"Comedy, Ecchi",Special,6,19407
5399,263,9,Hajime no Ippo,"Comedy, Drama, Shounen, Sports",TV,75,157670
65703,24405,7,World Trigger,"Action, School, Sci-Fi, Shounen, Supernatural",TV,73,106872
43376,99,8,Mai-Otome,"Comedy, Drama, Fantasy, Magic",TV,26,36924
36384,10087,10,Fate/Zero,"Action, Fantasy, Supernatural",TV,13,453630
11123,368,7,Bible Black,Hentai,OVA,6,31309
1020,21881,10,Sword Art Online II,"Action, Adventure, Fantasy, Game, Romance",TV,24,537892
30715,492,6,Armitage III: Dual-Matrix,"Action, Adventure, Mecha, Sci-Fi",Movie,1,11524
40344,11771,10,Kuroko no Basket,"Comedy, School, Shounen, Sports",TV,25,338315
25114,962,9,Aria The Natural,"Fantasy, Sci-Fi, Shounen, Slice of Life",TV,26,39596
59879,83,6,Mobile Suit Gundam: The 08th MS Team - Miller&#039;s Report,"Drama, Mecha, Military, Romance, Sci-Fi",Movie,1,8078
70699,4382,5,Suzumiya Haruhi no Yuuutsu (2009),"Comedy, Mystery, Parody, Romance, School, Sci-Fi, Slice of Life",TV,14,243448
53748,30,10,Neon Genesis Evangelion,"Action, Dementia, Drama, Mecha, Psychological, Sci-Fi",TV,26,461946
58104,389,10,Karas,"Action, Fantasy, Sci-Fi",OVA,6,44108
12760,223,7,Dragon Ball,"Adventure, Comedy, Fantasy, Martial Arts, Shounen, Super Power",TV,153,316102
49408,423,8,Stratos 4 Advance,"Comedy, Military, Sci-Fi, Shounen",OVA,6,2448
40267,31338,5,Hundred,"Action, Ecchi, Harem, Mecha, Romance, School, Sci-Fi",TV,12,92396
58999,24893,8,Sidonia no Kishi: Daikyuu Wakusei Seneki,"Action, Mecha, Sci-Fi, Seinen, Space",TV,12,57665
27445,1132,8,Digimon Frontier,"Action, Adventure, Comedy, Drama, Fantasy, Shounen",TV,50,74929
19077,4752,-1,Vampire Knight Guilty,"Drama, Mystery, Romance, Shoujo, Supernatural, Vampire",TV,13,198492
21825,23317,-1,Kuroshitsuji: Book of Murder,"Comedy, Demons, Fantasy, Historical, Mystery, Shounen, Supernatural",OVA,2,67261
32091,1535,10,Death Note,"Mystery, Police, Psychological, Supernatural, Thriller",TV,37,1013917
18724,9760,10,Hoshi wo Ou Kodomo,"Adventure, Fantasy, Romance",Movie,1,76286
45875,4477,10,Nodame Cantabile: Paris-hen,"Comedy, Josei, Music, Romance, Slice of Life",TV,11,70822
50815,2993,6,Rosario to Vampire,"Comedy, Ecchi, Fantasy, Harem, Romance, School, Shounen, Vampire",TV,13,299278
16935,9934,-1,Nekogami Yaoyorozu,"Comedy, Seinen, Slice of Life, Supernatural",TV,12,12486
23469,31904,7,Big Order (TV),"Action, Shounen, Super Power",TV,10,84079
56960,6127,6,Toradora!: SOS!,Comedy,Special,4,54096
35199,195,7,Onegai☆Teacher,"Comedy, Drama, Romance, School, Sci-Fi",TV,12,99558
18310,9124,-1,Ookiku Furikabutte: Natsu no Taikai-hen Special,"Comedy, Sports",Special,1,4786
63686,13561,8,Guilty Crown: 4-koma Gekijou,Comedy,Special,11,13053
4241,14527,7,Medaka Box Abnormal,"Action, Comedy, Ecchi, Martial Arts, School, Shounen, Super Power",TV,12,66972
25652,239,9,Gankutsuou,"Drama, Mystery, Sci-Fi, Supernatural, Thriller",TV,24,103828
67359,47,6,Akira,"Action, Adventure, Horror, Military, Sci-Fi, Supernatural",Movie,1,215897
17643,19815,8,No Game No Life,"Adventure, Comedy, Ecchi, Fantasy, Game, Supernatural",TV,12,602291
46822,28825,-1,Himouto! Umaru-chan,"Comedy, School, Seinen, Slice of Life",TV,12,158041
67764,857,9,Air Gear,"Action, Comedy, Ecchi, Shounen, Sports",TV,25,194611
10908,2131,9,Bokusatsu Tenshi Dokuro-chan 2,"Comedy, Ecchi, Magic",OVA,2,70734
41349,16742,6,Watashi ga Motenai no wa Dou Kangaetemo Omaera ga Warui!,"Comedy, School, Shounen, Slice of Life",TV,12,257925
58400,788,7,Eiken: Eikenbu yori Ai wo Komete,"Comedy, Ecchi, Harem, School",OVA,2,15764
34970,5958,5,Sora no Otoshimono,"Comedy, Ecchi, Harem, Romance, Sci-Fi, Shounen, Supernatural",TV,13,227681
20170,395,10,Gantz 2nd Stage,"Action, Drama, Horror, Psychological, Sci-Fi, Supernatural",TV,13,87240
6822,5690,9,Nodame Cantabile Finale,"Comedy, Josei, Music, Romance",TV,11,67697
39238,20787,7,Black Bullet,"Action, Mystery, Sci-Fi, Seinen",TV,13,320267
17491,356,6,Fate/stay night,"Action, Fantasy, Magic, Romance, Supernatural",TV,24,374880
22437,15437,7,Kore wa Zombie Desu ka? of the Dead OVA,"Action, Comedy, Ecchi, Harem, Magic, Supernatural",OVA,1,54828
29220,3785,10,Evangelion: 3.0 You Can (Not) Redo,"Action, Mecha, Sci-Fi",Movie,1,135318
16527,4155,-1,One Piece Film: Strong World,"Action, Adventure, Comedy, Drama, Fantasy, Shounen",Movie,1,85020
73190,205,8,Samurai Champloo,"Action, Adventure, Comedy, Historical, Samurai, Shounen",TV,26,390076
46254,6372,8,Higashi no Eden Movie I: The King of Eden,"Comedy, Drama, Mystery, Romance, Slice of Life, Thriller",Movie,1,101734
25374,8630,7,Hidan no Aria,"Action, Comedy, Romance, School",TV,12,171888
61294,1698,9,Nodame Cantabile,"Comedy, Drama, Josei, Music, Romance, Slice of Life",TV,23,157025
25020,71,7,Full Metal Panic!,"Action, Comedy, Mecha, Military, Sci-Fi",TV,24,256325
58077,6372,9,Higashi no Eden Movie I: The King of Eden,"Comedy, Drama, Mystery, Romance, Slice of Life, Thriller",Movie,1,101734
10762,902,-1,Dragon Ball Z Movie 09: Ginga Girigiri!! Bucchigiri no Sugoi Yatsu,"Adventure, Comedy, Fantasy, Sci-Fi, Shounen",Movie,1,51083
46418,8525,8,Kami nomi zo Shiru Sekai,"Comedy, Harem, Romance, Shounen, Supernatural",TV,12,284846
29174,68,9,Black Cat,"Adventure, Comedy, Sci-Fi, Shounen, Super Power",TV,23,150512
54190,6547,8,Angel Beats!,"Action, Comedy, Drama, School, Supernatural",TV,13,717796
49480,48,8,.hack//Sign,"Adventure, Fantasy, Game, Magic, Mystery, Sci-Fi",TV,26,110304
63214,6547,9,Angel Beats!,"Action, Comedy, Drama, School, Supernatural",TV,13,717796
71896,26057,7,Fate/kaleid liner Prisma☆Illya 2wei! OVA,"Comedy, Ecchi, Fantasy, Magic",OVA,1,14351
62147,16051,7,Ro-Kyu-Bu! SS,"Comedy, Ecchi, School, Sports",TV,12,21125
17739,9760,8,Hoshi wo Ou Kodomo,"Adventure, Fantasy, Romance",Movie,1,76286
51290,2904,9,Code Geass: Hangyaku no Lelouch R2,"Action, Drama, Mecha, Military, Sci-Fi, Super Power",TV,25,572888
66142,343,5,Tsukuyomi: Moon Phase,"Comedy, Fantasy, Romance, Seinen, Vampire",TV,25,44874
60721,920,7,Nurse Witch Komugi-chan Magikarte Special,"Comedy, Magic, Parody",Special,1,3397
29794,1978,6,Onkyo Seimeitai Noiseman,"Action, Fantasy, Sci-Fi",Movie,1,5295
31649,27633,10,Gekkan Shoujo Nozaki-kun Specials,"Comedy, Romance, School",Special,6,52672
36465,30205,6,Aoharu x Kikanjuu,"Action, Comedy, Shounen, Sports",TV,12,97674
22798,1566,8,Ghost in the Shell: Stand Alone Complex - Solid State Society,"Mecha, Military, Mystery, Police, Sci-Fi, Seinen",Special,1,55247
51888,5150,-1,Hatsukoi Limited,"Comedy, Romance, School, Shounen",TV,12,54796
4130,13599,7,Robotics;Notes,"Drama, Mystery, School, Sci-Fi",TV,22,107304
60846,1117,-1,Pokemon: Maboroshi no Pokemon Lugia Bakutan,"Adventure, Comedy, Drama, Fantasy, Kids",Movie,1,78876
5163,3572,7,Macross F,"Action, Mecha, Military, Music, Romance, Sci-Fi, Space",TV,25,95551
57346,9919,8,Ao no Exorcist,"Action, Demons, Fantasy, Shounen, Supernatural",TV,25,583823
57189,31098,7,Ushio to Tora (TV) 2nd Season,"Comedy, Demons, Shounen, Supernatural",TV,13,43916
71807,5909,6,Seitokai no Ichizon,"Comedy, Harem, Parody, School",TV,12,110470
25528,7512,-1,Dambo,"Fantasy, Music",Music,1,316
65193,17265,-1,Log Horizon,"Action, Adventure, Fantasy, Game, Magic, Shounen",TV,25,387100
64165,5680,6,K-On!,"Comedy, Music, School, Slice of Life",TV,13,386048
67117,6045,8,Kimi ni Todoke,"Romance, School, Shoujo, Slice of Life",TV,25,309339
32538,19151,-1,Walkure Romanze,"Action, Ecchi, Harem, Romance, School, Sports",TV,12,56131
8058,461,5,One Piece Movie 3: Chinjuu-jima no Chopper Oukoku,"Action, Adventure, Comedy, Fantasy, Shounen, Super Power",Movie,1,36558
33000,12967,7,Arcana Famiglia,"Action, Harem, Romance, Shoujo",TV,12,106391
51807,91,8,Mobile Suit Gundam Wing: Endless Waltz,"Action, Drama, Mecha, Military, Sci-Fi, Space",OVA,3,28485
72774,9919,9,Ao no Exorcist,"Action, Demons, Fantasy, Shounen, Supernatural",TV,25,583823
6918,3927,7,Mobile Suit Gundam 00 Second Season,"Action, Drama, Mecha, Military, Sci-Fi, Space",TV,25,86972
51205,6205,-1,Kämpfer,"Action, Comedy, Ecchi, Romance, School, Shoujo Ai, Super Power",TV,12,146631
3117,3958,6,Kannagi,"Comedy, School, Shounen, Supernatural",TV,13,94202
49020,272,8,Noir,"Action, Drama, Mystery",TV,26,66036
29593,1887,-1,Lucky☆Star,"Comedy, Parody, School, Slice of Life",TV,24,305837
40754,10521,8,Working&#039;!!,"Comedy, Slice of Life",TV,13,117328
5204,5569,1,Tsui no Sora,Hentai,OVA,1,934
43553,2904,9,Code Geass: Hangyaku no Lelouch R2,"Action, Drama, Mecha, Military, Sci-Fi, Super Power",TV,25,572888
26415,16762,4,Mirai Nikki Redial,"Action, Psychological, Shounen, Supernatural",OVA,1,135604
56887,11069,9,Pokemon: Pikachu no Fushigi na Fushigi na Daibouken,"Adventure, Comedy, Fantasy, Kids",Special,1,3088
42194,4472,9,Lucky☆Star: Original na Visual to Animation,"Comedy, Parody, School, Slice of Life",OVA,1,84833
30556,2904,10,Code Geass: Hangyaku no Lelouch R2,"Action, Drama, Mecha, Military, Sci-Fi, Super Power",TV,25,572888
48643,8675,9,Seitokai Yakuindomo,"Comedy, School, Shounen, Slice of Life",TV,13,217617
2675,18507,-1,Free!,"Comedy, School, Slice of Life, Sports",TV,12,265791
45075,6880,-1,Deadman Wonderland,"Action, Horror, Sci-Fi",TV,12,453454
62922,3210,8,Ikoku Irokoi Romantan,"Comedy, Romance, Yaoi",OVA,2,24223
59060,430,8,Fullmetal Alchemist: The Conqueror of Shamballa,"Comedy, Drama, Fantasy, Historical, Military, Shounen",Movie,1,186465
28594,457,10,Mushishi,"Adventure, Fantasy, Historical, Mystery, Seinen, Slice of Life, Supernatural",TV,26,300030
10444,873,9,.hack//Roots,"Adventure, Drama, Fantasy, Game, Sci-Fi",TV,26,50480
31356,4214,10,Rosario to Vampire Capu2,"Comedy, Ecchi, Fantasy, Harem, Romance, School, Vampire",TV,13,203958
16081,857,-1,Air Gear,"Action, Comedy, Ecchi, Shounen, Sports",TV,25,194611
26655,12255,7,Carnival Phantasm: Illya-jou,"Comedy, Parody",Special,1,19277
14743,8861,10,"Yosuga no Sora: In Solitude, Where We Are Least Alone.","Drama, Ecchi, Harem, Romance",TV,12,173216
39759,457,7,Mushishi,"Adventure, Fantasy, Historical, Mystery, Seinen, Slice of Life, Supernatural",TV,26,300030
25715,66,7,Azumanga Daioh,"Comedy, School, Slice of Life",TV,26,170901
10989,12175,7,Koi to Senkyo to Chocolate,"Drama, Romance, School",TV,12,91552
6970,502,5,Dragon Ball Movie 1: Shen Long no Densetsu,"Action, Adventure, Comedy, Fantasy, Shounen, Super Power",Movie,1,30279
53986,3772,5,Saiko Robot Kombock,"Mecha, Sci-Fi",TV,25,2399
64843,28121,7,Dungeon ni Deai wo Motomeru no wa Machigatteiru Darou ka,"Action, Adventure, Comedy, Fantasy, Romance",TV,13,336349
41585,397,9,Seikai no Senki II,"Action, Military, Romance, Sci-Fi, Space",TV,10,13888
53176,3958,5,Kannagi,"Comedy, School, Shounen, Supernatural",TV,13,94202
30317,6171,9,Saint Seiya: The Lost Canvas - Meiou Shinwa,"Action, Adventure, Martial Arts, Shounen, Super Power, Supernatural",OVA,13,40355
3193,23199,10,Durarara!!x2 Shou,"Action, Mystery, Supernatural",TV,12,189407
52536,3087,7,Cencoroll,"Action, Sci-Fi",Movie,1,56370
45408,6512,7,Nyan Koi!,"Comedy, Harem, Romance",TV,12,142264
37243,13939,6,Accel World EX,"Action, Game, Romance, School, Sci-Fi",OVA,2,61198
68267,6712,9,Natsu no Arashi! Akinaichuu,"Comedy, Romance, Supernatural",TV,13,12088
31428,1817,-1,DearS: Kin no Tama desu no?,"Comedy, Ecchi, Harem, Romance, Sci-Fi",Special,1,18412
64806,6880,-1,Deadman Wonderland,"Action, Horror, Sci-Fi",TV,12,453454
24489,1368,8,Detective Conan OVA 06: Follow the Vanished Diamond! Conan &amp; Heiji vs. Kid!,"Comedy, Mystery, Police, Shounen",OVA,1,8436
73340,23317,10,Kuroshitsuji: Book of Murder,"Comedy, Demons, Fantasy, Historical, Mystery, Shounen, Supernatural",OVA,2,67261
30641,30,10,Neon Genesis Evangelion,"Action, Dementia, Drama, Mecha, Psychological, Sci-Fi",TV,26,461946
21266,4565,5,Tengen Toppa Gurren Lagann Movie: Lagann-hen,"Action, Mecha, Sci-Fi, Space, Super Power",Movie,1,82253
37551,22535,8,Kiseijuu: Sei no Kakuritsu,"Action, Drama, Horror, Psychological, Sci-Fi, Seinen",TV,24,425457
60358,696,7,Tenchi Muyou!,"Comedy, Harem, Romance, Sci-Fi, Shounen, Space",TV,26,38372
34260,15225,-1,Hentai Ouji to Warawanai Neko.,"Comedy, Harem, Romance, School, Seinen, Supernatural",TV,12,201735
60904,4224,-1,Toradora!,"Comedy, Romance, School, Slice of Life",TV,25,633817
49936,1195,8,Zero no Tsukaima,"Action, Adventure, Comedy, Ecchi, Fantasy, Harem, Magic, Romance, School",TV,13,346828
71573,25157,8,Trinity Seven,"Action, Comedy, Ecchi, Fantasy, Harem, Magic, Romance, School, Shounen, Supernatural",TV,12,208796
68667,8675,7,Seitokai Yakuindomo,"Comedy, School, Shounen, Slice of Life",TV,13,217617
34695,7472,-1,Gintama Movie: Shinyaku Benizakura-hen,"Action, Comedy, Historical, Parody, Samurai, Sci-Fi, Shounen",Movie,1,51185
52175,3038,6,Senya Ichiya Monogatari,"Fantasy, Hentai",Movie,1,1394
58763,2605,8,Sayonara Zetsubou Sensei,"Comedy, Parody, School",TV,12,174531
29738,12565,-1,Fate/Prototype,"Action, Fantasy, Magic, Romance, Shounen, Supernatural",OVA,1,43469
46388,50,7,Aa! Megami-sama! (TV),"Comedy, Magic, Romance, Seinen, Supernatural",TV,24,96694
46445,7088,9,Ichiban Ushiro no Daimaou,"Action, Comedy, Ecchi, Fantasy, Harem, Magic, School, Shounen",TV,12,203618
54748,1222,10,Bokura ga Ita,"Drama, Romance, Shoujo, Slice of Life",TV,26,125051
73100,30276,-1,One Punch Man,"Action, Comedy, Parody, Sci-Fi, Seinen, Super Power, Supernatural",TV,12,552458
50711,10110,7,Mayo Chiki!,"Comedy, Ecchi, Harem, Romance, School",TV,13,192219
52078,450,-1,InuYasha: Kagami no Naka no Mugenjo,"Adventure, Demons, Drama, Fantasy, Historical, Romance, Shounen, Supernatural",Movie,1,54854
30508,18045,7,Koi to Senkyo to Chocolate Special,"Drama, Romance, School",Special,1,15430
23519,1089,8,Macross: Do You Remember Love?,"Action, Mecha, Military, Music, Romance, Sci-Fi, Space",Movie,1,19240
804,2952,10,Final Fantasy VII: Advent Children Complete,"Action, Fantasy, Super Power",OVA,1,77111
68223,13601,8,Psycho-Pass,"Action, Police, Psychological, Sci-Fi",TV,22,509109
51134,9760,8,Hoshi wo Ou Kodomo,"Adventure, Fantasy, Romance",Movie,1,76286
64524,5114,8,Fullmetal Alchemist: Brotherhood,"Action, Adventure, Drama, Fantasy, Magic, Military, Shounen",TV,64,793665
27355,15315,-1,Mondaiji-tachi ga Isekai kara Kuru Sou Desu yo?,"Comedy, Fantasy, Supernatural",TV,10,218231
32610,4059,10,"Clannad: Mou Hitotsu no Sekai, Tomoyo-hen","Drama, Romance, School, Slice of Life",Special,1,160423
4174,79,8,Shuffle!,"Comedy, Drama, Ecchi, Fantasy, Harem, Magic, Romance, School, Seinen",TV,24,158772
62649,1594,10,Jigoku Shoujo Futakomori,"Horror, Mystery, Psychological, Supernatural",TV,26,79816
31395,7791,8,K-On!!,"Comedy, Music, School, Slice of Life",TV,26,246276
10819,22687,7,Terra Formars,"Action, Drama, Horror, Sci-Fi, Seinen, Space",TV,13,95964
54811,529,6,Saishuu Heiki Kanojo,"Drama, Romance, School, Sci-Fi",TV,13,58051
1484,18139,6,Tonari no Seki-kun,"Comedy, School, Seinen",TV,21,82568
20515,12929,5,Saint Seiya Omega,"Action, Adventure, Fantasy, Shounen",TV,97,22684
13931,21339,8,Psycho-Pass Movie,"Action, Military, Police, Sci-Fi",Movie,1,94677
6242,4081,9,Natsume Yuujinchou,"Drama, Fantasy, Shoujo, Slice of Life, Supernatural",TV,13,210736
51775,227,-1,FLCL,"Action, Comedy, Dementia, Mecha, Parody, Sci-Fi",OVA,6,305165
19199,13655,8,Little Busters!,"Comedy, Drama, School, Slice of Life, Supernatural",TV,26,138655
31588,32438,-1,Mayoiga,"Drama, Horror, Mystery, Psychological",TV,12,117090
71434,403,6,Hanaukyou Maid-tai,"Comedy, Ecchi, Harem, Romance",TV,12,19053
52881,3455,8,To LOVE-Ru,"Comedy, Ecchi, Harem, Romance, School, Sci-Fi",TV,26,237563
31335,10155,7,Dog Days,"Action, Adventure, Fantasy, Magic",TV,13,97809
48776,16742,-1,Watashi ga Motenai no wa Dou Kangaetemo Omaera ga Warui!,"Comedy, School, Shounen, Slice of Life",TV,12,257925
45536,1311,-1,Chobits Recap,"Comedy, Drama, Ecchi, Romance, Sci-Fi",Special,1,29986
17604,270,8,Hellsing,"Action, Horror, Seinen, Supernatural, Vampire",TV,13,308995
34364,178,6,Ultra Maniac,"Comedy, Magic, Romance, School, Shoujo",TV,26,20062
39624,17157,7,Nozoki Ana,"Comedy, Drama, Ecchi",OVA,1,21200
13512,27831,-1,Durarara!!x2 Ten,"Action, Mystery, Supernatural",TV,12,132506
68447,2966,-1,Ookami to Koushinryou,"Adventure, Fantasy, Historical, Romance",TV,13,334932
39021,223,10,Dragon Ball,"Adventure, Comedy, Fantasy, Martial Arts, Shounen, Super Power",TV,153,316102
361,100,7,Shin Shirayuki-hime Densetsu Prétear,"Comedy, Drama, Fantasy, Magic, Romance, Shoujo, Super Power",TV,13,37394
70585,9130,10,Saint Seiya: The Lost Canvas - Meiou Shinwa 2,"Action, Adventure, Martial Arts, Shounen, Super Power, Supernatural",OVA,13,27532
8145,7396,7,Shuffle! Prologue,"Comedy, Fantasy, Harem, Magic, Romance, School, Seinen",OVA,1,10764
27240,8424,-1,MM!,"Comedy, Ecchi, Harem, School",TV,12,129672
22104,512,8,Majo no Takkyuubin,"Adventure, Comedy, Drama, Fantasy, Magic, Romance",Movie,1,152331
22738,5365,9,Tsumiki no Ie,Drama,Movie,1,45189
35656,33028,8,Danganronpa 3: The End of Kibougamine Gakuen - Zetsubou-hen,"Action, Horror, Mystery, Psychological",TV,11,65503
39580,7590,10,Mayoi Neko Overrun!,"Comedy, Harem, Romance",TV,13,75517
29435,15109,8,Cuticle Tantei Inaba,"Action, Comedy, Mystery, Shounen, Supernatural",TV,12,50019
13042,1482,9,D.Gray-man,"Action, Adventure, Comedy, Shounen",TV,103,334399
63357,10495,6,Yuru Yuri,"Comedy, School, Shoujo Ai, Slice of Life",TV,12,148140
62759,2251,6,Baccano!,"Action, Comedy, Historical, Mystery, Seinen, Supernatural",TV,13,363215
26756,2963,-1,Minami-ke,"Comedy, School, Slice of Life",TV,13,105471
52991,8297,-1,Planzet,"Action, Mecha, Sci-Fi",Movie,1,2923
2459,26023,-1,Haiyore! Nyaruko-san F,"Comedy, Parody, Romance, Sci-Fi",OVA,1,19620
14300,3588,10,Soul Eater,"Action, Adventure, Comedy, Fantasy, Shounen, Supernatural",TV,51,580184
42744,4038,-1,Zettai Karen Children,"Action, Comedy, Shounen, Supernatural",TV,51,25876
60189,28171,-1,Shokugeki no Souma,"Ecchi, School, Shounen",TV,24,348951
41455,1723,10,Clannad Movie,"Drama, Fantasy, Romance, School",Movie,1,99506
44293,21327,5,Isshuukan Friends.,"Comedy, School, Shounen, Slice of Life",TV,12,139601
18259,395,4,Gantz 2nd Stage,"Action, Drama, Horror, Psychological, Sci-Fi, Supernatural",TV,13,87240
48845,478,5,Sousei no Aquarion,"Action, Mecha, Romance, Sci-Fi, Super Power, Supernatural",TV,26,46647
39433,972,6,Bible Black Gaiden,"Hentai, Supernatural",OVA,2,14478
30946,2593,7,Kara no Kyoukai 1: Fukan Fuukei,"Action, Mystery, Supernatural, Thriller",Movie,1,178880
28585,4581,7,Shikabane Hime: Aka,"Action, Horror, Martial Arts",TV,13,71502
50644,522,9,Metropolis,"Adventure, Drama, Police, Romance, Sci-Fi, Shounen",Movie,1,44030
46476,6372,-1,Higashi no Eden Movie I: The King of Eden,"Comedy, Drama, Mystery, Romance, Slice of Life, Thriller",Movie,1,101734
43217,24415,8,Kuroko no Basket 3rd Season,"Comedy, School, Shounen, Sports",TV,25,184525
36575,8950,-1,Akage no Anne: Green Gables e no Michi,"Adventure, Historical, Shoujo, Slice of Life",Movie,1,1218
1531,8525,9,Kami nomi zo Shiru Sekai,"Comedy, Harem, Romance, Shounen, Supernatural",TV,12,284846
5942,223,6,Dragon Ball,"Adventure, Comedy, Fantasy, Martial Arts, Shounen, Super Power",TV,153,316102
32202,164,-1,Mononoke Hime,"Action, Adventure, Fantasy",Movie,1,339556
61674,6,7,Trigun,"Action, Comedy, Sci-Fi",TV,26,283069
41368,6479,9,Candy Boy Episode: EX02 - Shiawase Kyouyuu Riron,"Romance, Shoujo Ai, Slice of Life",Special,1,15078
71717,16894,-1,Kuroko no Basket 2nd Season,"Comedy, School, Shounen, Sports",TV,25,243325
16066,11179,9,Papa no Iukoto wo Kikinasai!,"Comedy, Romance, Slice of Life",TV,12,97674
18940,11079,10,Kill Me Baby,"Comedy, School, Seinen",TV,13,54288
51582,941,8,Renkin San-kyuu Magical? Pokaan,"Comedy, Ecchi, Magic, Parody, Vampire",TV,12,17273
27121,11633,8,Blood Lad,"Action, Comedy, Demons, Seinen, Supernatural, Vampire",TV,10,241513
58662,7062,8,Hidamari Sketch x ☆☆☆,"Comedy, School, Slice of Life",TV,12,15748
55147,165,-1,RahXephon,"Action, Drama, Mecha, Music, Mystery, Psychological, Romance, Sci-Fi",TV,26,66751
28007,21939,9,Mushishi Zoku Shou,"Adventure, Fantasy, Historical, Mystery, Seinen, Slice of Life, Supernatural",TV,10,101351
59198,1402,5,Princess Memory,"Fantasy, Hentai, Romance",OVA,2,789
51699,31711,5,To LOVE-Ru Darkness 2nd Specials,"Comedy, Ecchi, Harem, Romance, School, Sci-Fi, Shounen",Special,2,22487
40694,10165,9,Nichijou,"Comedy, School, Slice of Life",TV,26,254436
17990,3457,7,Vampire Knight,"Drama, Mystery, Romance, Shoujo, Supernatural, Vampire",TV,13,286826
20314,23383,8,D-Frag! OVA,"Comedy, Game, Seinen",OVA,1,28116
49596,1731,7,Tales of Symphonia The Animation: Sylvarant-hen,"Action, Adventure, Fantasy, Magic, Martial Arts, Shounen",OVA,4,35730
27381,8888,8,Code Geass: Boukoku no Akito 1 - Yokuryuu wa Maiorita,"Action, Mecha, Military, Sci-Fi",Movie,1,91105
25788,44,10,Rurouni Kenshin: Meiji Kenkaku Romantan - Tsuioku-hen,"Action, Drama, Historical, Martial Arts, Romance, Samurai",OVA,4,129307
11284,4618,8,RideBack,"Action, Drama, Mecha, School, Sci-Fi",TV,12,32835
70177,30123,-1,Akagami no Shirayuki-hime,"Drama, Fantasy, Romance, Shoujo",TV,12,157551
22737,15059,9,Initial D Fifth Stage,"Action, Cars, Drama, Seinen, Sports",TV,14,26711
6649,10793,8,Guilty Crown,"Action, Drama, Sci-Fi, Super Power",TV,22,460959
57620,9893,10,Suite Precure♪,"Action, Fantasy, Magic, Shoujo",TV,48,7314
37444,10110,8,Mayo Chiki!,"Comedy, Ecchi, Harem, Romance, School",TV,13,192219
30148,249,10,InuYasha,"Action, Adventure, Comedy, Demons, Fantasy, Magic, Romance, Shounen, Supernatural",TV,167,281632
56971,10681,7,Blood-C: The Last Dark,"Action, Horror, Supernatural, Vampire",Movie,1,37925
44945,23079,6,Glasslip,"Romance, Slice of Life, Supernatural",TV,13,94108
36149,28297,9,Ore Monogatari!!,"Comedy, Romance, Shoujo",TV,24,200833
73135,25375,1,Moon Pride,"Magic, Music, Romance, Supernatural",Music,1,2478
58755,2993,6,Rosario to Vampire,"Comedy, Ecchi, Fantasy, Harem, Romance, School, Shounen, Vampire",TV,13,299278
40733,2952,-1,Final Fantasy VII: Advent Children Complete,"Action, Fantasy, Super Power",OVA,1,77111
46800,777,-1,Hellsing Ultimate,"Action, Horror, Military, Seinen, Supernatural, Vampire",OVA,10,297454
62074,18897,7,Nisekoi,"Comedy, Harem, Romance, School, Shounen",TV,20,347599
17479,11665,9,Natsume Yuujinchou Shi,"Drama, Fantasy, Shoujo, Slice of Life, Supernatural",TV,13,98431
58972,205,7,Samurai Champloo,"Action, Adventure, Comedy, Historical, Samurai, Shounen",TV,26,390076
3773,2246,-1,Mononoke,"Demons, Fantasy, Historical, Horror, Mystery, Seinen, Supernatural",TV,12,88850
31137,14749,8,Ore no Kanojo to Osananajimi ga Shuraba Sugiru,"Comedy, Harem, Romance, School",TV,13,156116
37660,395,6,Gantz 2nd Stage,"Action, Drama, Horror, Psychological, Sci-Fi, Supernatural",TV,13,87240
15531,523,8,Tonari no Totoro,"Adventure, Comedy, Supernatural",Movie,1,271484
70250,16498,10,Shingeki no Kyojin,"Action, Drama, Fantasy, Shounen, Super Power",TV,25,896229
34031,25397,7,Absolute Duo,"Action, Ecchi, Harem, Romance, School, Supernatural",TV,12,168811
765,448,10,Tenjou Tenge: The Ultimate Fight,"Adventure, Drama, Martial Arts, Romance, Shounen, Supernatural",OVA,2,29039
24683,1562,9,Yamato Nadeshiko Shichihenge♥,"Comedy, Shoujo",TV,25,92088
37996,9926,8,Sekaiichi Hatsukoi,"Comedy, Drama, Romance, Shounen Ai",TV,12,94820
33747,2581,6,Mobile Suit Gundam 00,"Action, Drama, Mecha, Military, Sci-Fi, Space",TV,25,120351
68293,5065,4,Detroit Metal City: Birth of the Metal Devil,"Comedy, Music, Parody, Romance",Special,1,16101
24860,895,-1,Dragon Ball Z Movie 02: Kono Yo de Ichiban Tsuyoi Yatsu,"Adventure, Comedy, Fantasy, Sci-Fi, Shounen",Movie,1,53765
15386,4224,9,Toradora!,"Comedy, Romance, School, Slice of Life",TV,25,633817
37870,227,7,FLCL,"Action, Comedy, Dementia, Mecha, Parody, Sci-Fi",OVA,6,305165
54539,1164,7,Mahou Senshi Louie,"Adventure, Comedy, Fantasy, Magic, Shounen",TV,24,12687
29950,9314,8,Fractale,"Adventure, Fantasy, Sci-Fi",TV,11,55100
13859,2235,5,Mizu no Kotoba,"Drama, Psychological, Sci-Fi",Special,1,15958
21631,995,10,Prince of Tennis: The National Tournament,"Action, Comedy, Shounen, Sports",OVA,13,25170
61915,356,10,Fate/stay night,"Action, Fantasy, Magic, Romance, Supernatural",TV,24,374880
48817,905,-1,Dragon Ball Z Movie 12: Fukkatsu no Fusion!! Gokuu to Vegeta,"Adventure, Comedy, Fantasy, Sci-Fi, Shounen",Movie,1,56994
25538,5040,10,One Outs,"Psychological, Seinen, Sports",TV,25,83056
49918,207,-1,Lodoss-tou Senki,"Action, Adventure, Fantasy, Magic, Shounen, Supernatural",OVA,13,28462
54007,2332,-1,Plastic Little,"Action, Adventure, Comedy, Ecchi, Mecha, Military, Romance, Sci-Fi",OVA,1,7287
56449,25157,9,Trinity Seven,"Action, Comedy, Ecchi, Fantasy, Harem, Magic, Romance, School, Shounen, Supernatural",TV,12,208796
56899,7712,7,Kansen 2: Inzai Toshi,Hentai,OVA,2,2754
64951,30240,9,Prison School,"Comedy, Ecchi, Romance, School, Seinen",TV,12,227734
52594,762,5,Bleach: Memories in the Rain,"Action, Adventure, Drama, Shounen, Supernatural",Special,1,78111
65477,31848,7,Ojisan to Marshmallow,"Comedy, Slice of Life",TV,12,31005
73173,766,-1,Kishin Houkou Demonbane,"Comedy, Drama, Mecha, Sci-Fi",OVA,1,7024
52697,7647,10,Arakawa Under the Bridge,"Comedy, Romance, Seinen",TV,13,162622
70097,16592,9,Danganronpa: Kibou no Gakuen to Zetsubou no Koukousei The Animation,"Action, Horror, Mystery, Psychological",TV,13,298550
71870,777,10,Hellsing Ultimate,"Action, Horror, Military, Seinen, Supernatural, Vampire",OVA,10,297454
26361,6573,-1,Darker than Black: Ryuusei no Gemini,"Action, Mystery, Sci-Fi, Super Power",TV,12,222243
6618,18229,5,Gatchaman Crowds,"Adventure, Sci-Fi",TV,12,107513
11875,12365,9,Bakuman. 3rd Season,"Comedy, Drama, Romance, Shounen",TV,25,133620
66641,17641,8,Date A Live: Date to Date,"Comedy, Harem, Romance, School, Sci-Fi",OVA,1,68328
21782,24833,8,Ansatsu Kyoushitsu (TV),"Action, Comedy, School, Shounen",TV,22,312654
51379,1517,8,Silent Mobius,"Action, Comedy, Drama, Fantasy, Horror, Magic, Romance, Sci-Fi",TV,26,7664
7172,3091,9,xxxHOLiC Kei,"Comedy, Drama, Mystery, Psychological, Supernatural",TV,13,74941
59953,6291,-1,Full Metal Panic! The Second Raid Episode 000,"Action, Adventure, Mecha, Military",Special,1,25423
65345,1559,9,Shijou Saikyou no Deshi Kenichi,"Action, Comedy, Martial Arts, School, Shounen",TV,50,129112
64214,30187,9,Sakurako-san no Ashimoto ni wa Shitai ga Umatteiru,Mystery,TV,12,99665
47935,1279,7,Taiyou no Ko Esteban,"Adventure, Historical, Sci-Fi",TV,39,5424
61413,20787,9,Black Bullet,"Action, Mystery, Sci-Fi, Seinen",TV,13,320267
63527,24037,9,Selector Spread WIXOSS,"Game, Psychological",TV,12,42918
27219,16157,6,Choujigen Game Neptune The Animation,"Action, Comedy, Fantasy, Parody, Sci-Fi, Supernatural",TV,12,71901
58437,1943,10,Paprika,"Fantasy, Horror, Mystery, Psychological, Sci-Fi, Thriller",Movie,1,163308
60676,18893,7,Aoki Hagane no Arpeggio: Ars Nova,"Action, Sci-Fi, Seinen",TV,12,84708
16706,10622,7,Tengen Toppa Gurren Lagann: Ore no Gurren wa Pikka-Pika!!,"Action, Adventure, Comedy, Mecha, Sci-Fi",OVA,1,17209
1201,11617,-1,High School DxD,"Comedy, Demons, Ecchi, Harem, Romance, School",TV,12,398660
5296,8630,8,Hidan no Aria,"Action, Comedy, Romance, School",TV,12,171888
14404,565,6,Steamboy,"Action, Adventure, Drama, Historical, Military, Sci-Fi",Movie,1,40812
17836,31964,8,Boku no Hero Academia,"Action, Comedy, School, Shounen, Super Power",TV,13,282002
36749,16067,8,Nagi no Asukara,"Drama, Fantasy, Romance",TV,26,224947
24301,1722,7,Nagasarete Airantou,"Comedy, Ecchi, Fantasy, Harem, Romance",TV,26,52817
37737,13055,-1,Sankarea OVA,"Comedy, Ecchi, Horror, Romance, Shounen, Supernatural",OVA,2,51997
14067,431,10,Howl no Ugoku Shiro,"Adventure, Drama, Fantasy, Romance",Movie,1,333186
36038,6045,8,Kimi ni Todoke,"Romance, School, Shoujo, Slice of Life",TV,25,309339
47765,11633,7,Blood Lad,"Action, Comedy, Demons, Seinen, Supernatural, Vampire",TV,10,241513
39231,985,6,Dragon Ball Z Special 2: Zetsubou e no Hankou!! Nokosareta Chousenshi - Gohan to Trunks,"Adventure, Drama, Fantasy, Shounen",Special,1,43673
39693,7054,8,Kaichou wa Maid-sama!,"Comedy, Romance, School, Shoujo",TV,26,391628
25850,25519,9,Yuuki Yuuna wa Yuusha de Aru,"Drama, Fantasy, Magic, Slice of Life",TV,12,59192
65266,195,8,Onegai☆Teacher,"Comedy, Drama, Romance, School, Sci-Fi",TV,12,99558
567,31181,8,Owarimonogatari,"Comedy, Mystery, Supernatural",TV,12,107855
39185,1416,5,Lupin III: Dead or Alive,"Action, Adventure, Comedy, Shounen",Movie,1,4296
72685,8074,8,Highschool of the Dead,"Action, Ecchi, Horror, Supernatural",TV,12,535892
18579,12671,9,Pokemon Best Wishes! Season 2: Kyurem vs. Seikenshi,"Action, Adventure, Comedy, Drama, Fantasy, Kids",Movie,1,14498
1487,11577,8,Steins;Gate Movie: Fuka Ryouiki no Déjà vu,"Sci-Fi, Thriller",Movie,1,192424
50135,2966,10,Ookami to Koushinryou,"Adventure, Fantasy, Historical, Romance",TV,13,334932
63169,7817,6,B Gata H Kei,"Comedy, Ecchi, Romance, School, Seinen",TV,12,192719
60135,24231,8,Hitsugi no Chaika: Avenging Battle,"Action, Adventure, Comedy, Fantasy, Romance, Shounen",TV,10,91049
16369,31163,8,Dimension W,"Action, Sci-Fi, Seinen",TV,12,130028
24197,13659,9,Ore no Imouto ga Konnani Kawaii Wake ga Nai.,"Comedy, Seinen, Slice of Life",TV,13,194791
10761,3299,6,H2O: Footprints in the Sand,"Harem, Romance, School",TV,12,64975
5826,11741,7,Fate/Zero 2nd Season,"Action, Fantasy, Supernatural, Thriller",TV,12,340973
58245,6,8,Trigun,"Action, Comedy, Sci-Fi",TV,26,283069
68885,23273,9,Shigatsu wa Kimi no Uso,"Drama, Music, Romance, School, Shounen",TV,22,416397
49322,405,7,Blood: The Last Vampire,"Horror, Supernatural, Vampire",Movie,1,67778
30654,6573,7,Darker than Black: Ryuusei no Gemini,"Action, Mystery, Sci-Fi, Super Power",TV,12,222243
34784,10408,9,Hotarubi no Mori e,"Drama, Romance, Shoujo, Supernatural",Movie,1,197439
27419,11597,7,Nisemonogatari,"Comedy, Mystery, Supernatural",TV,11,260062
32032,8634,8,Koisuru Boukun,"Comedy, Romance, Yaoi",OVA,2,31195
41370,1858,-1,Gakuen Utopia Manabi Straight!,"Comedy, School, Slice of Life",TV,12,19315
6162,3229,10,Kimi ga Aruji de Shitsuji ga Ore de,"Comedy, Ecchi, Harem, Parody, Romance",TV,13,66236
50405,43,6,Ghost in the Shell,"Action, Mecha, Police, Psychological, Sci-Fi, Seinen",Movie,1,223036
539,572,10,Kaze no Tani no Nausicaä,"Adventure, Fantasy",Movie,1,143273
35066,11757,7,Sword Art Online,"Action, Adventure, Fantasy, Game, Romance",TV,25,893100
7143,2167,8,Clannad,"Comedy, Drama, Romance, School, Slice of Life, Supernatural",TV,23,566690
12940,10719,8,Boku wa Tomodachi ga Sukunai,"Comedy, Ecchi, Harem, Romance, School, Seinen, Slice of Life",TV,12,325664
14430,9331,10,Yumekui Merry,"Action, Shounen, Supernatural",TV,13,89183
69520,28121,-1,Dungeon ni Deai wo Motomeru no wa Machigatteiru Darou ka,"Action, Adventure, Comedy, Fantasy, Romance",TV,13,336349
26963,1965,-1,Sola,"Drama, Romance, Slice of Life, Supernatural",TV,13,71172
30501,11701,10,Another: The Other - Inga,"Horror, Mystery, Thriller",OVA,1,86261
60204,5258,-1,Hajime no Ippo: New Challenger,"Comedy, Drama, Shounen, Sports",TV,26,88995
2188,15809,8,Hataraku Maou-sama!,"Comedy, Demons, Fantasy, Romance, Shounen",TV,13,409037
69377,31240,8,Re:Zero kara Hajimeru Isekai Seikatsu,"Drama, Fantasy, Psychological, Thriller",TV,25,355839
60477,2602,6,Kenkou Zenrakei Suieibu Umishou,"Comedy, Ecchi, School, Shounen, Sports",TV,13,25814
39548,11887,8,Kokoro Connect,"Comedy, Drama, Romance, School, Slice of Life, Supernatural",TV,13,283847
53528,4081,7,Natsume Yuujinchou,"Drama, Fantasy, Shoujo, Slice of Life, Supernatural",TV,13,210736
50459,3927,7,Mobile Suit Gundam 00 Second Season,"Action, Drama, Mecha, Military, Sci-Fi, Space",TV,25,86972
61221,4069,7,Pucca,"Comedy, Romance",ONA,46,4211
26762,12531,8,Sakamichi no Apollon,"Drama, Josei, Music, Romance, School",TV,12,146592
19083,7590,-1,Mayoi Neko Overrun!,"Comedy, Harem, Romance",TV,13,75517
41390,164,10,Mononoke Hime,"Action, Adventure, Fantasy",Movie,1,339556
53440,1535,7,Death Note,"Mystery, Police, Psychological, Supernatural, Thriller",TV,37,1013917
68203,857,9,Air Gear,"Action, Comedy, Ecchi, Shounen, Sports",TV,25,194611
20290,8876,6,Koe de Oshigoto! The Animation,"Comedy, Ecchi, Seinen",OVA,2,57466
2459,11111,-1,Another,"Horror, Mystery, School, Supernatural, Thriller",TV,12,534657
65855,182,8,Tenkuu no Escaflowne,"Adventure, Fantasy, Mecha, Romance, Shoujo",TV,26,83437
47919,9252,10,Break Blade 3: Kyoujin no Ato,"Action, Fantasy, Mecha, Military, Shounen",Movie,1,42653
67983,68,8,Black Cat,"Adventure, Comedy, Sci-Fi, Shounen, Super Power",TV,23,150512
51207,199,8,Sen to Chihiro no Kamikakushi,"Adventure, Drama, Supernatural",Movie,1,466254
60330,8795,10,Panty &amp; Stocking with Garterbelt,"Action, Comedy, Ecchi, Parody, Supernatural",TV,13,157642
11740,1347,6,Bubblegum Crisis,"Adventure, Mecha, Sci-Fi, Shounen",OVA,8,17268
27850,1691,7,Kaze no Stigma,"Action, Fantasy, Magic, Romance, Shounen",TV,24,205338
40829,249,10,InuYasha,"Action, Adventure, Comedy, Demons, Fantasy, Magic, Romance, Shounen, Supernatural",TV,167,281632
40100,1120,-1,Pokemon: Mizu no Miyako no Mamorigami Latias to Latios,"Adventure, Comedy, Drama, Fantasy, Kids",Movie,1,42389
59175,411,8,Gun x Sword,"Action, Adventure, Drama, Mecha, Sci-Fi, Shounen",TV,26,45921
20515,527,6,Pokemon,"Action, Adventure, Comedy, Fantasy, Kids",TV,276,229157
26416,241,-1,Girls Bravo: First Season,"Comedy, Ecchi, Fantasy, Harem, Romance, School",TV,11,84395
72021,857,7,Air Gear,"Action, Comedy, Ecchi, Shounen, Sports",TV,25,194611
48937,226,9,Elfen Lied,"Action, Drama, Horror, Psychological, Romance, Seinen, Supernatural",TV,13,623511
6158,14515,7,Sasami-san@Ganbaranai,"Comedy, Romance, Supernatural",TV,12,55635
57895,72,8,Full Metal Panic? Fumoffu,"Action, Comedy, School",TV,12,171086
62590,9253,-1,Steins;Gate,"Sci-Fi, Thriller",TV,24,673572
125,7674,8,Bakuman.,"Comedy, Romance, Shounen",TV,25,246899
61973,10721,7,Mawaru Penguindrum,"Comedy, Drama, Mystery, Psychological",TV,24,156689
47542,245,7,Great Teacher Onizuka,"Comedy, Drama, School, Shounen, Slice of Life",TV,43,268487
53372,552,6,Digimon Adventure,"Action, Adventure, Comedy, Fantasy, Kids",TV,54,182208
10419,32438,8,Mayoiga,"Drama, Horror, Mystery, Psychological",TV,12,117090
65287,5277,-1,Sekirei: Pure Engagement,"Action, Comedy, Ecchi, Harem, Super Power",TV,13,113911
72845,12115,9,Berserk: Ougon Jidai-hen III - Kourin,"Action, Adventure, Demons, Drama, Fantasy, Horror, Military, Seinen, Supernatural",Movie,1,65594
21628,14719,-1,JoJo no Kimyou na Bouken (TV),"Action, Adventure, Shounen, Supernatural, Vampire",TV,26,190197
35599,1292,8,Afro Samurai,"Action, Adventure, Samurai",TV,5,135708
2873,5719,10,Sex Pistols,"Comedy, Drama, Supernatural, Yaoi",OVA,2,15885
18579,2448,10,Ghost in the Shell: Stand Alone Complex 2nd GIG - Individual Eleven,"Action, Mecha, Sci-Fi",Special,1,16614
35494,2129,6,True Tears,"Drama, Romance, School",TV,13,118644
64073,1195,9,Zero no Tsukaima,"Action, Adventure, Comedy, Ecchi, Fantasy, Harem, Magic, Romance, School",TV,13,346828
43516,1506,7,Detective Conan Movie 10: Requiem of the Detectives,"Adventure, Comedy, Mystery, Police, Shounen",Movie,1,21789
50272,2129,8,True Tears,"Drama, Romance, School",TV,13,118644
2698,6987,7,Aki-Sora,"Ecchi, Romance, Seinen",OVA,1,54567
34707,5,7,Cowboy Bebop: Tengoku no Tobira,"Action, Drama, Mystery, Sci-Fi, Space",Movie,1,137636
68017,5530,-1,Pandora Hearts,"Adventure, Fantasy, Mystery, Shounen, Supernatural",TV,25,229567
25792,154,-1,Shaman King,"Action, Adventure, Comedy, Drama, Shounen, Supernatural",TV,64,169517
53525,4975,6,ChäoS;HEAd,"Harem, Mystery, Psychological, Sci-Fi, Supernatural",TV,12,174337
38186,10379,10,Natsume Yuujinchou San,"Drama, Fantasy, Shoujo, Slice of Life, Supernatural",TV,13,102322
30315,10999,8,Inazuma Eleven Go: Kyuukyoku no Kizuna Gryphon,"Sci-Fi, Shounen, Sports",Movie,1,4535
71467,121,8,Fullmetal Alchemist,"Action, Adventure, Comedy, Drama, Fantasy, Magic, Military, Shounen",TV,51,600384
49708,227,8,FLCL,"Action, Comedy, Dementia, Mecha, Parody, Sci-Fi",OVA,6,305165
4930,57,10,Beck,"Comedy, Drama, Music, Shounen, Slice of Life",TV,26,148328
17261,371,10,Cardcaptor Sakura Movie 1,"Comedy, Drama, Fantasy, Magic, Shoujo",Movie,1,56327
20814,9117,7,Amagami SS OVA,"Romance, School",OVA,6,31010
57059,123,-1,Fushigi Yuugi,"Adventure, Comedy, Drama, Fantasy, Historical, Magic, Martial Arts, Romance, Shoujo",TV,52,61622
28159,26055,9,JoJo no Kimyou na Bouken: Stardust Crusaders 2nd Season,"Action, Adventure, Drama, Shounen, Supernatural",TV,24,93657
30843,20847,9,Seitokai Yakuindomo*,"Comedy, School, Shounen, Slice of Life",TV,13,98544
40109,889,9,Black Lagoon,"Action, Seinen",TV,12,332562
11034,2889,-1,Bleach Movie 2: The DiamondDust Rebellion - Mou Hitotsu no Hyourinmaru,"Action, Adventure, Shounen, Supernatural",Movie,1,134739
70553,25681,9,Kamisama Hajimemashita◎,"Comedy, Demons, Fantasy, Romance, Shoujo, Supernatural",TV,12,91796
26836,469,7,Karin,"Comedy, Romance, School, Shounen, Vampire",TV,24,106142
27073,21177,9,Nobunaga the Fool,"Action, Historical, Mecha, Sci-Fi",TV,24,59815
58701,240,9,Genshiken,"Comedy, Parody, Slice of Life",TV,12,104258
65520,452,-1,InuYasha: Toki wo Koeru Omoi,"Adventure, Comedy, Demons, Drama, Fantasy, Historical, Romance, Shounen, Super Power",Movie,1,51354
18071,14833,-1,Maoyuu Maou Yuusha,"Adventure, Demons, Fantasy, Historical, Romance",TV,12,164445
58969,27655,6,Aldnoah.Zero 2nd Season,"Action, Mecha, Sci-Fi, Space",TV,12,149364
47935,11285,6,Black★Rock Shooter (TV),"Action, Drama, School, Slice of Life",TV,8,198991
23851,6974,9,Seikimatsu Occult Gakuin,"Comedy, Mystery, School, Sci-Fi, Supernatural",TV,13,65021
24182,30,10,Neon Genesis Evangelion,"Action, Dementia, Drama, Mecha, Psychological, Sci-Fi",TV,26,461946
38135,20847,6,Seitokai Yakuindomo*,"Comedy, School, Shounen, Slice of Life",TV,13,98544
4937,6166,7,Asobi ni Iku yo!,"Comedy, Ecchi, Harem, Romance, Sci-Fi",TV,12,95005
66411,17725,-1,Magical☆Star Kanon 100%,"Magic, Music, Shounen",OVA,1,18291
48278,17725,8,Magical☆Star Kanon 100%,"Magic, Music, Shounen",OVA,1,18291
646,11021,8,Muv-Luv Alternative: Total Eclipse,"Action, Mecha, Military, Sci-Fi",TV,24,55531
23247,18231,4,Vanquished Queens Specials,Ecchi,Special,4,2670
36102,23281,9,Psycho-Pass 2,"Action, Police, Psychological, Sci-Fi",TV,11,228435
31185,11783,-1,Dog Days&#039;,"Action, Adventure, Fantasy, Magic",TV,13,55277
3998,20507,9,Noragami,"Action, Adventure, Shounen, Supernatural",TV,12,515378
58226,3759,4,School Days: Valentine Days,"Comedy, Romance, School",OVA,1,32917
67151,4789,8,ef: A Tale of Melodies.,"Drama, Mystery, Romance, Supernatural",TV,12,103657
46458,10719,7,Boku wa Tomodachi ga Sukunai,"Comedy, Ecchi, Harem, Romance, School, Seinen, Slice of Life",TV,12,325664
52052,2236,10,Toki wo Kakeru Shoujo,"Adventure, Drama, Romance, Sci-Fi",Movie,1,289206
7175,61,5,D.N.Angel,"Action, Comedy, Fantasy, Magic, Romance, School, Shoujo",TV,26,126914
71780,24455,7,Madan no Ou to Vanadis,"Adventure, Ecchi, Fantasy, Harem, Romance",TV,13,114612
26960,401,10,Rurouni Kenshin: Meiji Kenkaku Romantan - Seisou-hen,"Drama, Historical, Romance, Samurai, Shounen",OVA,2,49454
53817,10020,7,Ore no Imouto ga Konnani Kawaii Wake ga Nai Specials,"Comedy, Seinen, Slice of Life",ONA,4,101495
48248,10396,9,Ben-To,"Action, Comedy, Martial Arts",TV,12,146570
2547,25099,-1,Ore ga Ojousama Gakkou ni &quot;Shomin Sample&quot; Toshite Gets♥Sareta Ken,"Comedy, Ecchi, Harem, Romance, School",TV,12,77774
61631,405,7,Blood: The Last Vampire,"Horror, Supernatural, Vampire",Movie,1,67778
45296,31240,8,Re:Zero kara Hajimeru Isekai Seikatsu,"Drama, Fantasy, Psychological, Thriller",TV,25,355839
72710,7769,10,Ookami-san to Shichinin no Nakama-tachi,"Comedy, Parody, Romance",TV,12,145982
49209,15225,-1,Hentai Ouji to Warawanai Neko.,"Comedy, Harem, Romance, School, Seinen, Supernatural",TV,12,201735
7524,1535,10,Death Note,"Mystery, Police, Psychological, Supernatural, Thriller",TV,37,1013917
39316,11741,10,Fate/Zero 2nd Season,"Action, Fantasy, Supernatural, Thriller",TV,12,340973
30193,10357,9,Jinrui wa Suitai Shimashita,"Comedy, Fantasy, Seinen",TV,12,89373
49192,3390,8,Hoshi no Umi no Amuri,"Adventure, Fantasy, Sci-Fi",OVA,3,2443
68796,435,9,Magic Knight Rayearth,"Adventure, Comedy, Drama, Fantasy, Magic, Mecha, Romance, Shoujo",TV,20,34141
44913,2167,6,Clannad,"Comedy, Drama, Romance, School, Slice of Life, Supernatural",TV,23,566690
53061,10519,7,Mahou Shoujo Sonico★Magica,"Music, Parody",ONA,1,13266
34688,12549,-1,"Dakara Boku wa, H ga Dekinai.","Comedy, Ecchi, Romance, Supernatural",TV,12,169615
5852,6127,5,Toradora!: SOS!,Comedy,Special,4,54096
20403,4898,6,Kuroshitsuji,"Action, Comedy, Demons, Fantasy, Historical, Shounen, Supernatural",TV,24,424919
30483,606,9,Kazemakase Tsukikage Ran,"Adventure, Comedy, Historical, Martial Arts, Samurai",TV,13,7893
19602,857,7,Air Gear,"Action, Comedy, Ecchi, Shounen, Sports",TV,25,194611
57534,15583,8,Date A Live,"Comedy, Harem, Mecha, Romance, School, Sci-Fi",TV,12,301358
53241,20021,-1,Sword Art Online: Extra Edition,"Action, Adventure, Fantasy, Game, Romance",Special,1,121722
8984,6919,-1,X-Men,"Action, Drama, Super Power",TV,12,15653
32155,895,8,Dragon Ball Z Movie 02: Kono Yo de Ichiban Tsuyoi Yatsu,"Adventure, Comedy, Fantasy, Sci-Fi, Shounen",Movie,1,53765
56816,10800,8,Chihayafuru,"Drama, Game, Josei, Slice of Life, Sports",TV,25,158561
37243,5081,9,Bakemonogatari,"Mystery, Romance, Supernatural, Vampire",TV,15,482268
43468,10863,8,Steins;Gate: Oukoubakko no Poriomania,"Sci-Fi, Thriller",Special,1,159548
51674,2167,7,Clannad,"Comedy, Drama, Romance, School, Slice of Life, Supernatural",TV,23,566690
11243,7054,8,Kaichou wa Maid-sama!,"Comedy, Romance, School, Shoujo",TV,26,391628
69488,15451,9,High School DxD New,"Action, Comedy, Demons, Ecchi, Harem, Romance, School",TV,12,266657
47686,885,9,Tenshi no Tamago,"Dementia, Drama, Fantasy",OVA,1,35634
2484,3449,-1,Kamichu! Specials,"Comedy, Drama, Slice of Life, Supernatural",Special,4,6978
45314,15951,10,Amagami SS+ Plus Picture Drama,Romance,Special,2,8232
33229,2014,-1,Taiho Shichau zo: Second Season,"Action, Comedy, Police, Shounen",TV,26,5387
67390,8440,8,Black Lagoon Omake,Comedy,Special,7,33923
23197,14513,5,Magi: The Labyrinth of Magic,"Action, Adventure, Fantasy, Magic, Shounen",TV,25,317513
2535,30346,8,Doukyuusei (Movie),"Romance, School, Shounen Ai, Slice of Life",Movie,1,28864
35989,13601,9,Psycho-Pass,"Action, Police, Psychological, Sci-Fi",TV,22,509109
1456,17831,7,Inu to Hasami wa Tsukaiyou,"Comedy, Supernatural",TV,12,69526
66492,641,8,Ichigo 100% Special 2,"Comedy, Ecchi, Romance, Shounen",Special,1,13562
26415,14967,7,Boku wa Tomodachi ga Sukunai Next,"Comedy, Harem, Romance, School, Seinen, Slice of Life",TV,12,214319
23435,5680,10,K-On!,"Comedy, Music, School, Slice of Life",TV,13,386048
51138,20583,9,Haikyuu!!,"Comedy, Drama, School, Shounen, Sports",TV,25,284498
69507,9041,-1,IS: Infinite Stratos,"Action, Comedy, Harem, Mecha, Sci-Fi",TV,12,254543
6420,205,6,Samurai Champloo,"Action, Adventure, Comedy, Historical, Samurai, Shounen",TV,26,390076
47042,6205,4,Kämpfer,"Action, Comedy, Ecchi, Romance, School, Shoujo Ai, Super Power",TV,12,146631
66728,1953,6,Code Geass: Hangyaku no Lelouch Picture Drama,"Comedy, School, Slice of Life",Special,9,33004
46715,18195,-1,Little Busters!: Refrain,"Comedy, Drama, Romance, School, Slice of Life, Supernatural",TV,13,71820
40614,16005,-1,Zettai Karen Children: The Unlimited - Hyoubu Kyousuke,"Shounen, Supernatural",TV,12,61919
57447,789,6,Shinigami no Ballad.,"Drama, Fantasy, Psychological, Supernatural",TV,6,32297
10266,2236,8,Toki wo Kakeru Shoujo,"Adventure, Drama, Romance, Sci-Fi",Movie,1,289206
47974,1689,9,Byousoku 5 Centimeter,"Drama, Romance, Slice of Life",Movie,3,324035
48065,11771,-1,Kuroko no Basket,"Comedy, School, Shounen, Sports",TV,25,338315
10850,226,8,Elfen Lied,"Action, Drama, Horror, Psychological, Romance, Seinen, Supernatural",TV,13,623511
8287,356,9,Fate/stay night,"Action, Fantasy, Magic, Romance, Supernatural",TV,24,374880
42188,23333,8,DRAMAtical Murder,"Action, Psychological, Sci-Fi, Super Power",TV,12,80121
1358,11111,10,Another,"Horror, Mystery, School, Supernatural, Thriller",TV,12,534657
23026,5802,6,Fantascope: Tylostoma,"Fantasy, Supernatural",OVA,1,1575
50272,18277,8,Strike the Blood,"Action, Ecchi, Fantasy, Harem, School, Shounen, Supernatural, Vampire",TV,24,231387
30533,449,-1,InuYasha: Guren no Houraijima,"Adventure, Comedy, Demons, Drama, Historical, Romance, Shounen, Supernatural",Movie,1,50008
36740,12549,6,"Dakara Boku wa, H ga Dekinai.","Comedy, Ecchi, Romance, Supernatural",TV,12,169615
54930,3965,9,Nodame Cantabile Special,"Comedy, Josei, Romance, Slice of Life",Special,1,19570
10462,71,9,Full Metal Panic!,"Action, Comedy, Mecha, Military, Sci-Fi",TV,24,256325
51068,645,7,Hikaru no Go: Journey to the North Star Cup,"Game, Shounen",Special,1,13901
52220,507,7,Gravitation: Lyrics of Love,"Comedy, Romance, Shoujo, Shounen Ai",OVA,2,22015
29945,11757,-1,Sword Art Online,"Action, Adventure, Fantasy, Game, Romance",TV,25,893100
1829,43,7,Ghost in the Shell,"Action, Mecha, Police, Psychological, Sci-Fi, Seinen",Movie,1,223036
31883,19369,8,Outbreak Company,"Comedy, Fantasy, Harem, Parody",TV,12,131520
57655,5204,6,Kara no Kyoukai 6: Boukyaku Rokuon,"Action, Magic, Mystery, Romance, Supernatural, Thriller",Movie,1,93803
57580,6547,8,Angel Beats!,"Action, Comedy, Drama, School, Supernatural",TV,13,717796
68682,1689,-1,Byousoku 5 Centimeter,"Drama, Romance, Slice of Life",Movie,3,324035
33394,21563,-1,Kamigami no Asobi,"Fantasy, Harem, Romance, Shoujo, Supernatural",TV,12,61410
44891,10568,7,Kamisama no Memochou,Mystery,TV,12,130502
51618,52,8,Kidou Tenshi Angelic Layer,"Comedy, Drama, Sci-Fi, Shounen, Sports",TV,26,39758
7988,4999,5,Asu no Yoichi!,"Comedy, Ecchi, Harem, Martial Arts, Romance, Shounen",TV,12,110748
57040,22199,10,Akame ga Kill!,"Action, Adventure, Fantasy",TV,24,492133
46687,11617,9,High School DxD,"Comedy, Demons, Ecchi, Harem, Romance, School",TV,12,398660
45124,10012,8,Carnival Phantasm,"Comedy, Parody, Supernatural",OVA,12,71976
22578,732,8,Vampire Hunter D,"Action, Horror, Sci-Fi, Supernatural, Vampire",Movie,1,42377
54524,322,10,Paradise Kiss,"Comedy, Drama, Josei, Romance, Slice of Life",TV,12,86380
58081,121,8,Fullmetal Alchemist,"Action, Adventure, Comedy, Drama, Fantasy, Magic, Military, Shounen",TV,51,600384
29848,3033,10,Digimon Tamers: Bousou Digimon Tokkyuu,"Adventure, Comedy, Sci-Fi, Shounen",Movie,1,14037
27885,28999,8,Charlotte,"Drama, School, Super Power",TV,13,310137
49245,146,6,Kono Minikuku mo Utsukushii Sekai,"Comedy, Drama, Magic, Romance, Sci-Fi",TV,12,41756
44692,19815,8,No Game No Life,"Adventure, Comedy, Ecchi, Fantasy, Game, Supernatural",TV,12,602291
45071,813,7,Dragon Ball Z,"Action, Adventure, Comedy, Fantasy, Martial Arts, Shounen, Super Power",TV,291,375662
63932,11741,9,Fate/Zero 2nd Season,"Action, Fantasy, Supernatural, Thriller",TV,12,340973
22070,32282,9,Shokugeki no Souma: Ni no Sara,"Ecchi, School, Shounen",TV,13,185015
3228,30276,10,One Punch Man,"Action, Comedy, Parody, Sci-Fi, Seinen, Super Power, Supernatural",TV,12,552458
59325,6377,-1,Zan Sayonara Zetsubou Sensei,"Comedy, Parody, School",TV,13,55402
44647,866,10,Slayers Premium,"Adventure, Comedy, Fantasy, Magic, Shounen",Movie,1,13008
8006,7669,6,&quot;Bungaku Shoujo&quot; Kyou no Oyatsu: Hatsukoi,"Comedy, Fantasy, School",OVA,1,14351
34849,8888,6,Code Geass: Boukoku no Akito 1 - Yokuryuu wa Maiorita,"Action, Mecha, Military, Sci-Fi",Movie,1,91105
67904,2904,8,Code Geass: Hangyaku no Lelouch R2,"Action, Drama, Mecha, Military, Sci-Fi, Super Power",TV,25,572888
35145,14467,-1,K,"Action, Super Power, Supernatural",TV,13,297051
29977,813,-1,Dragon Ball Z,"Action, Adventure, Comedy, Fantasy, Martial Arts, Shounen, Super Power",TV,291,375662
68246,565,8,Steamboy,"Action, Adventure, Drama, Historical, Military, Sci-Fi",Movie,1,40812
38369,10582,4,Astarotte no Omocha! EX,"Comedy, Demons, Ecchi, Fantasy, Romance, Seinen",OVA,1,20824
24407,2025,8,Darker than Black: Kuro no Keiyakusha,"Action, Mystery, Sci-Fi, Super Power",TV,25,440334
37444,13663,9,To LOVE-Ru Darkness,"Comedy, Ecchi, Harem, Romance, School, Sci-Fi, Shounen",TV,12,135929
25257,210,7,Ranma ½,"Comedy, Fantasy, Martial Arts, Slice of Life",TV,161,105212
50100,11771,10,Kuroko no Basket,"Comedy, School, Shounen, Sports",TV,25,338315
24468,252,7,Madlax,"Drama, Magic, Military, Mystery, Psychological, Shounen, Supernatural",TV,26,25995
34552,31964,8,Boku no Hero Academia,"Action, Comedy, School, Shounen, Super Power",TV,13,282002
19322,14131,7,Girls und Panzer,"Military, School",TV,12,104275
22246,13759,-1,Sakurasou no Pet na Kanojo,"Comedy, Drama, Romance, School, Slice of Life",TV,24,380375
11560,12549,7,"Dakara Boku wa, H ga Dekinai.","Comedy, Ecchi, Romance, Supernatural",TV,12,169615
59341,14813,6,Yahari Ore no Seishun Love Comedy wa Machigatteiru.,"Comedy, Drama, Romance, School",TV,13,353876
28287,6594,9,Katanagatari,"Action, Adventure, Historical, Martial Arts, Romance",TV,12,207241
16725,2167,10,Clannad,"Comedy, Drama, Romance, School, Slice of Life, Supernatural",TV,23,566690
35444,16890,10,Makai Ouji: Devils and Realist,"Comedy, Demons, Fantasy, Historical, Mystery, School, Shoujo, Supernatural",TV,12,59819
17585,14467,7,K,"Action, Super Power, Supernatural",TV,13,297051
6708,13125,10,Shinsekai yori,"Drama, Horror, Mystery, Sci-Fi, Supernatural",TV,25,288376
52994,5041,6,Guin Saga,"Adventure, Fantasy",TV,26,26176
37946,10161,8,No.6,"Action, Sci-Fi",TV,11,168017
29120,893,-1,Dragon Ball Movie 4: Saikyou e no Michi,"Action, Adventure, Comedy, Fantasy, Sci-Fi, Shounen, Super Power",Movie,1,26104
5451,529,-1,Saishuu Heiki Kanojo,"Drama, Romance, School, Sci-Fi",TV,13,58051
23026,6880,9,Deadman Wonderland,"Action, Horror, Sci-Fi",TV,12,453454
21265,18679,10,Kill la Kill,"Action, Comedy, School, Super Power",TV,24,508118
58940,3759,8,School Days: Valentine Days,"Comedy, Romance, School",OVA,1,32917
46092,13403,10,Inu x Boku SS Special,"Comedy, Shounen, Supernatural",Special,1,46803
72055,9756,9,Mahou Shoujo Madoka★Magica,"Drama, Magic, Psychological, Thriller",TV,12,462974
46217,71,7,Full Metal Panic!,"Action, Comedy, Mecha, Military, Sci-Fi",TV,24,256325
47326,2904,-1,Code Geass: Hangyaku no Lelouch R2,"Action, Drama, Mecha, Military, Sci-Fi, Super Power",TV,25,572888
24602,2034,9,Lovely★Complex,"Comedy, Romance, Shoujo",TV,24,235003
50804,9693,6,Moshidora,"Drama, Sports",TV,10,15952
43618,121,8,Fullmetal Alchemist,"Action, Adventure, Comedy, Drama, Fantasy, Magic, Military, Shounen",TV,51,600384
55094,31389,-1,Fate/stay night: Unlimited Blade Works 2nd Season - Sunny Day,"Action, Fantasy, Magic, Shounen, Supernatural",Special,1,26382
62559,22043,10,Fairy Tail (2014),"Action, Adventure, Comedy, Fantasy, Magic, Shounen",TV,102,255076
24414,157,-1,Mahou Sensei Negima!,"Comedy, Ecchi, Fantasy, Harem, Magic, Romance, School, Shounen, Super Power, Supernatural",TV,26,76253
40577,6747,7,Dance in the Vampire Bund,"Action, Supernatural, Vampire",TV,12,121005
46597,9330,-1,Dragon Crisis!,"Action, Magic, Romance, School, Seinen, Supernatural",TV,12,94922
1946,3588,5,Soul Eater,"Action, Adventure, Comedy, Fantasy, Shounen, Supernatural",TV,51,580184
2643,21033,8,Seikoku no Dragonar,"Comedy, Ecchi, Fantasy, School",TV,12,83068
64854,31173,7,Akagami no Shirayuki-hime 2nd Season,"Drama, Fantasy, Romance, Shoujo",TV,12,80862
6209,1074,6,Naruto Narutimate Hero 3: Tsuini Gekitotsu! Jounin vs. Genin!! Musabetsu Dairansen taikai Kaisai!!,"Adventure, Comedy, Game, Shounen",OVA,1,45188
35015,17549,8,Non Non Biyori,"Comedy, School, Seinen, Slice of Life",TV,12,133475
28707,10110,9,Mayo Chiki!,"Comedy, Ecchi, Harem, Romance, School",TV,13,192219
59363,343,7,Tsukuyomi: Moon Phase,"Comedy, Fantasy, Romance, Seinen, Vampire",TV,25,44874
24197,31,9,Neon Genesis Evangelion: Death &amp; Rebirth,"Drama, Mecha, Psychological, Sci-Fi",Movie,1,102093
24772,14353,9,Death Billiards,"Drama, Game, Mystery, Psychological, Thriller",Movie,1,95690
41261,4752,7,Vampire Knight Guilty,"Drama, Mystery, Romance, Shoujo, Supernatural, Vampire",TV,13,198492
533,5682,9,Phantom: Requiem for the Phantom,"Action, Drama, Seinen, Thriller",TV,26,159105
57209,4760,5,Kanokon Specials,Ecchi,Special,12,19232
33863,16700,5,Higurashi no Naku Koro ni Kaku: Outbreak,"Horror, Mystery, Psychological, Thriller",OVA,1,33381
43626,24133,7,Taimadou Gakuen 35 Shiken Shoutai,"Action, Ecchi, Fantasy, Harem, Military, Romance, Supernatural",TV,12,99133
11431,6609,9,Pucca (2006),"Comedy, Parody, Romance",TV,26,4425
70952,18397,6,Shingeki no Kyojin OVA,"Action, Drama, Fantasy, Shounen, Super Power",OVA,3,121063
50403,21419,5,Detective Conan Movie 18: The Sniper from Another Dimension,"Action, Mystery, Police, Shounen",Movie,1,12151
24422,4558,5,Yukiyo Ichiya Monogatari,"Hentai, Historical",OVA,3,922
36415,6151,8,Final Fantasy VII: On the Way to a Smile - Episode: Denzel,"Action, Fantasy, Super Power",OVA,1,18795
15698,10152,7,Kimi ni Todoke 2nd Season: Kataomoi,"Romance, Shoujo",Special,1,35243
40474,195,8,Onegai☆Teacher,"Comedy, Drama, Romance, School, Sci-Fi",TV,12,99558
45405,2167,8,Clannad,"Comedy, Drama, Romance, School, Slice of Life, Supernatural",TV,23,566690
12110,1686,-1,Bleach Movie 1: Memories of Nobody,"Action, Adventure, Super Power",Movie,1,151598
68299,665,9,JoJo no Kimyou na Bouken: Adventure,"Adventure, Drama, Fantasy, Horror, Shounen, Supernatural, Vampire",OVA,7,20337
30394,186,-1,Initial D Second Stage,"Action, Cars, Drama, Seinen, Sports",TV,13,45825
6786,134,8,Gunslinger Girl,"Action, Drama, Military, Psychological, Sci-Fi",TV,13,106865
54084,1119,-1,Pokemon: Celebi Toki wo Koeta Deai,"Adventure, Comedy, Drama, Fantasy, Kids",Movie,1,58359
44136,3225,-1,Minami-ke Okawari,"Comedy, School, Slice of Life",TV,13,50837
6509,7627,-1,Mitsudomoe,"Comedy, School, Slice of Life",TV,13,56483
20593,14353,8,Death Billiards,"Drama, Game, Mystery, Psychological, Thriller",Movie,1,95690
71655,8676,8,Amagami SS,"Comedy, Romance, School, Slice of Life",TV,25,157223
47975,10620,8,Mirai Nikki (TV),"Action, Mystery, Psychological, Shounen, Supernatural, Thriller",TV,26,657190
30670,11843,7,Danshi Koukousei no Nichijou,"Comedy, School, Shounen, Slice of Life",TV,12,258914
8227,53,4,Ai Yori Aoshi,"Comedy, Drama, Harem, Romance, Slice of Life",TV,24,66597
71114,7465,7,Eve no Jikan (Movie),"Sci-Fi, Slice of Life",Movie,1,66376
69469,71,8,Full Metal Panic!,"Action, Comedy, Mecha, Military, Sci-Fi",TV,24,256325
10627,267,7,Gungrave,"Action, Drama, Sci-Fi, Seinen, Super Power",TV,26,95825
30565,2508,8,Genshiken 2,"Comedy, Parody, Slice of Life",TV,12,55825
29272,15809,8,Hataraku Maou-sama!,"Comedy, Demons, Fantasy, Romance, Shounen",TV,13,409037
7780,3299,10,H2O: Footprints in the Sand,"Harem, Romance, School",TV,12,64975
27278,8888,9,Code Geass: Boukoku no Akito 1 - Yokuryuu wa Maiorita,"Action, Mecha, Military, Sci-Fi",Movie,1,91105
62865,2251,9,Baccano!,"Action, Comedy, Historical, Mystery, Seinen, Supernatural",TV,13,363215
52708,2154,8,Tekkon Kinkreet,"Action, Adventure, Psychological, Supernatural",Movie,1,46018
51001,1303,10,The Animatrix,"Action, Drama, Sci-Fi",OVA,9,42831
43572,13667,8,Naruto: Shippuuden Movie 6 - Road to Ninja,"Action, Adventure, Martial Arts, Shounen, Super Power",Movie,1,87369
514,8425,10,Gosick,"Drama, Historical, Mystery, Romance",TV,24,232113
50809,1698,10,Nodame Cantabile,"Comedy, Drama, Josei, Music, Romance, Slice of Life",TV,23,157025
270,1571,-1,Ghost Hunt,"Comedy, Horror, Mystery, Shoujo, Supernatural",TV,25,126426
5634,998,-1,Blue Seed,"Action, Adventure, Comedy, Demons, Drama, Ecchi, Horror, Mystery, Romance, Sci-Fi",TV,26,15194
72814,10572,7,Ro-Kyu-Bu!,"Comedy, Ecchi, School, Sports",TV,12,46940
1069,15879,9,Chuunibyou demo Koi ga Shitai!: Depth of Field - Ai to Nikushimi Gekijou,"Action, Mecha",Special,7,34964
23678,2798,9,Hatsu Inu The Animation,Hentai,OVA,2,14076
72385,3588,9,Soul Eater,"Action, Adventure, Comedy, Fantasy, Shounen, Supernatural",TV,51,580184
7824,25013,7,Akatsuki no Yona,"Action, Adventure, Comedy, Fantasy, Romance, Shoujo",TV,24,216674
12614,6205,5,Kämpfer,"Action, Comedy, Ecchi, Romance, School, Shoujo Ai, Super Power",TV,12,146631
23676,166,-1,Samurai 7,"Historical, Mecha, Samurai, Sci-Fi",TV,26,74991
37199,11757,8,Sword Art Online,"Action, Adventure, Fantasy, Game, Romance",TV,25,893100
39769,18153,7,Kyoukai no Kanata,"Fantasy, Slice of Life, Supernatural",TV,12,359011
6340,47,7,Akira,"Action, Adventure, Horror, Military, Sci-Fi, Supernatural",Movie,1,215897
34241,1519,8,Black Lagoon: The Second Barrage,"Action, Seinen",TV,12,203233
36172,12549,9,"Dakara Boku wa, H ga Dekinai.","Comedy, Ecchi, Romance, Supernatural",TV,12,169615
29189,9745,-1,Sengoku Basara Movie: The Last Party,"Action, Historical, Martial Arts, Samurai, Super Power",Movie,1,18267
40547,10110,9,Mayo Chiki!,"Comedy, Ecchi, Harem, Romance, School",TV,13,192219
28154,247,7,Harukanaru Toki no Naka de: Hachiyou Shou,"Demons, Fantasy, Historical, Magic, Shoujo, Supernatural",TV,26,14550
41878,2787,8,Shakugan no Shana II (Second),"Action, Drama, Fantasy, Romance, School, Supernatural",TV,24,184525
67700,8074,-1,Highschool of the Dead,"Action, Ecchi, Horror, Supernatural",TV,12,535892
25047,5262,7,Shugo Chara!! Doki,"Comedy, Magic, School, Shoujo",TV,51,60384
13420,9170,5,Kimi ga Nozomu Eien: Gundam Parody,"Mecha, Parody, Sci-Fi, Space",Special,1,4159
17119,12365,9,Bakuman. 3rd Season,"Comedy, Drama, Romance, Shounen",TV,25,133620
37186,10357,10,Jinrui wa Suitai Shimashita,"Comedy, Fantasy, Seinen",TV,12,89373
60599,16592,-1,Danganronpa: Kibou no Gakuen to Zetsubou no Koukousei The Animation,"Action, Horror, Mystery, Psychological",TV,13,298550
49879,319,8,Happy World!,"Comedy, Ecchi, Fantasy, Romance",OVA,3,4348
52708,12321,7,Thermae Romae,"Comedy, Historical, Seinen",TV,3,13444
34116,10020,6,Ore no Imouto ga Konnani Kawaii Wake ga Nai Specials,"Comedy, Seinen, Slice of Life",ONA,4,101495
11633,150,9,Blood+,"Action, Drama, Horror, Military, Mystery, Supernatural, Vampire",TV,50,208321
50842,9907,7,Bokura no Live Kimi to no Life,Music,Music,1,10426
25328,5060,6,Hetalia Axis Powers,"Comedy, Historical, Parody",ONA,52,144898
15991,9289,-1,Hanasaku Iroha,"Comedy, Drama, Seinen, Slice of Life",TV,26,150393
5680,6974,-1,Seikimatsu Occult Gakuin,"Comedy, Mystery, School, Sci-Fi, Supernatural",TV,13,65021
10283,1506,-1,Detective Conan Movie 10: Requiem of the Detectives,"Adventure, Comedy, Mystery, Police, Shounen",Movie,1,21789
55952,14813,9,Yahari Ore no Seishun Love Comedy wa Machigatteiru.,"Comedy, Drama, Romance, School",TV,13,353876
6149,877,9,Nana,"Comedy, Drama, Music, Romance, Shoujo, Slice of Life",TV,47,197256
12408,15933,-1,Vassalord.,"Action, Comedy, Fantasy, Mystery, Shounen Ai, Supernatural, Vampire",OVA,1,15114
25600,60,9,Chrno Crusade,"Action, Demons, Historical, Romance, Supernatural",TV,24,140865
1354,5530,8,Pandora Hearts,"Adventure, Fantasy, Mystery, Shounen, Supernatural",TV,25,229567
1348,874,10,Digimon Tamers,"Adventure, Comedy, Drama, Fantasy, Shounen",TV,51,94391
28656,578,8,Hotaru no Haka,"Drama, Historical",Movie,1,174878
5868,572,6,Kaze no Tani no Nausicaä,"Adventure, Fantasy",Movie,1,143273
46419,6880,3,Deadman Wonderland,"Action, Horror, Sci-Fi",TV,12,453454
24924,2031,-1,Shining Tears X Wind,"Action, Adventure, Fantasy, Magic",TV,13,23477
19614,7858,8,Sora no Otoshimono: Project Pink,"Comedy, Ecchi, Harem, Sci-Fi, Shounen, Supernatural",OVA,1,61903
6384,1556,6,Kikoushi Enma,"Demons, Ecchi, Fantasy, Horror, Magic, Seinen, Supernatural",OVA,4,11902
31027,5152,4,Dragon Ball: Ossu! Kaettekita Son Gokuu to Nakama-tachi!!,"Action, Adventure, Comedy, Fantasy",Special,1,25251
49874,322,8,Paradise Kiss,"Comedy, Drama, Josei, Romance, Slice of Life",TV,12,86380
59204,223,9,Dragon Ball,"Adventure, Comedy, Fantasy, Martial Arts, Shounen, Super Power",TV,153,316102
22760,33964,-1,91 Days Recap,"Action, Drama, Historical",Special,1,9453
63135,31904,6,Big Order (TV),"Action, Shounen, Super Power",TV,10,84079
71821,9515,-1,Highschool of the Dead: Drifters of the Dead,"Comedy, Ecchi, Supernatural",OVA,1,140501
53465,18617,9,Girls und Panzer der Film,"Military, School",Movie,1,25641
30199,192,-1,Love Hina Haru Special: Kimi Sakura Chiru Nakare!!,"Adventure, Comedy, Romance",Special,1,40858
33515,901,-1,"Dragon Ball Z Movie 08: Moetsukiro!! Nessen, Ressen, Chougekisen","Adventure, Comedy, Fantasy, Sci-Fi, Shounen",Movie,1,65953
1907,135,8,Hikaru no Go,"Comedy, Game, Shounen, Supernatural",TV,75,69000
52192,18397,8,Shingeki no Kyojin OVA,"Action, Drama, Fantasy, Shounen, Super Power",OVA,3,121063
53948,5680,-1,K-On!,"Comedy, Music, School, Slice of Life",TV,13,386048
23678,4164,6,Kounai Shasei,"Comedy, Hentai, Magic",OVA,3,1222
4345,10030,8,Bakuman. 2nd Season,"Comedy, Drama, Romance, Shounen",TV,25,151561
2894,22777,9,Dragon Ball Kai (2014),"Action, Adventure, Comedy, Fantasy, Martial Arts, Shounen, Super Power",TV,61,42666
17534,1303,-1,The Animatrix,"Action, Drama, Sci-Fi",OVA,9,42831
744,14397,9,Chihayafuru 2,"Drama, Game, Josei, Slice of Life, Sports",TV,25,86074
538,8841,7,Kore wa Zombie Desu ka?,"Action, Comedy, Ecchi, Harem, Magic, Supernatural",TV,12,295782
35273,10793,9,Guilty Crown,"Action, Drama, Sci-Fi, Super Power",TV,22,460959
26512,31772,-1,One Punch Man Specials,"Action, Comedy, Parody, Sci-Fi, Seinen, Super Power, Supernatural",Special,6,75502
11472,98,8,Mai-HiME,"Action, Comedy, Drama, Fantasy, Magic, Mecha, Romance, School, Shoujo Ai",TV,26,76492
55501,6884,-1,Ookami to Koushinryou II Specials,Fantasy,Special,2,34903
60017,8740,10,One Piece Film: Strong World Episode 0,"Action, Adventure, Comedy, Fantasy, Shounen, Super Power",OVA,1,33862
38729,12113,-1,Berserk: Ougon Jidai-hen II - Doldrey Kouryaku,"Action, Adventure, Demons, Drama, Fantasy, Horror, Military, Seinen, Supernatural",Movie,1,66721
61445,12355,10,Ookami Kodomo no Ame to Yuki,"Fantasy, Slice of Life",Movie,1,226193
10619,1536,7,Busou Renkin,"Action, Comedy, Fantasy, School, Shounen, Supernatural",TV,26,104607
41863,22507,8,Initial D Final Stage,"Cars, Seinen, Sports",TV,4,19702
49820,16067,9,Nagi no Asukara,"Drama, Fantasy, Romance",TV,26,224947
68988,32802,4,Cardfight!! Vanguard G: Stride Gate-hen,"Action, Game, Shounen",TV,24,2121
71792,20767,9,Noragami OVA,"Action, Adventure, Shounen",OVA,2,104775
45784,3457,8,Vampire Knight,"Drama, Mystery, Romance, Shoujo, Supernatural, Vampire",TV,13,286826
51964,1043,4,Tokyo Babylon,"Action, Magic, Mystery, Supernatural",OVA,2,11730
53852,11763,7,Sekai de Ichiban Tsuyoku Naritai!,"Action, Ecchi, Sports",TV,12,26513
41607,6127,7,Toradora!: SOS!,Comedy,Special,4,54096
57979,1571,10,Ghost Hunt,"Comedy, Horror, Mystery, Shoujo, Supernatural",TV,25,126426
12907,2889,10,Bleach Movie 2: The DiamondDust Rebellion - Mou Hitotsu no Hyourinmaru,"Action, Adventure, Shounen, Supernatural",Movie,1,134739
48692,232,-1,Cardcaptor Sakura,"Adventure, Comedy, Drama, Fantasy, Magic, Romance, School, Shoujo",TV,70,181249
58439,2361,-1,Sei Juushi Bismarck,"Action, Mecha, Sci-Fi, Space",TV,51,2764
59131,98,-1,Mai-HiME,"Action, Comedy, Drama, Fantasy, Magic, Mecha, Romance, School, Shoujo Ai",TV,26,76492
66543,761,7,Naruto: Akaki Yotsuba no Clover wo Sagase,"Adventure, Comedy, Shounen",Special,1,47587
33286,18397,6,Shingeki no Kyojin OVA,"Action, Drama, Fantasy, Shounen, Super Power",OVA,3,121063
30043,790,8,Ergo Proxy,"Mystery, Psychological, Sci-Fi",TV,23,265005
69596,259,8,Happy☆Lesson,"Comedy, Harem, Romance, School",OVA,5,8067
32734,15689,9,Nekomonogatari: Kuro,"Comedy, Romance, Supernatural",TV,4,173264
57735,120,10,Fruits Basket,"Comedy, Drama, Fantasy, Romance, Shoujo, Slice of Life",TV,26,242553
55584,4382,5,Suzumiya Haruhi no Yuuutsu (2009),"Comedy, Mystery, Parody, Romance, School, Sci-Fi, Slice of Life",TV,14,243448
27488,390,-1,Suzuka,"Drama, Romance, Sports",TV,26,64161
32866,821,10,Initial D Battle Stage,"Action, Cars, Drama, Seinen, Sports",OVA,1,13633
17165,4672,8,Ghost in the Shell 2.0,"Action, Mecha, Police, Psychological, Sci-Fi, Seinen",Movie,1,51789
2368,5902,8,Hyakujitsu no Bara,"Drama, Yaoi",OVA,2,17362
25819,48,6,.hack//Sign,"Adventure, Fantasy, Game, Magic, Mystery, Sci-Fi",TV,26,110304
21796,462,9,One Piece Movie 4: Dead End no Bouken,"Action, Adventure, Comedy, Fantasy, Shounen, Super Power",Movie,1,39946
54801,22297,9,Fate/stay night: Unlimited Blade Works,"Action, Fantasy, Magic, Shounen, Supernatural",TV,12,267484
36957,5530,7,Pandora Hearts,"Adventure, Fantasy, Mystery, Shounen, Supernatural",TV,25,229567
38788,4814,9,Junjou Romantica 2,"Comedy, Drama, Romance, Shounen Ai",TV,12,87617
50776,25859,8,Re-Kan!,"Comedy, School, Seinen, Supernatural",TV,13,37544
11325,190,-1,Love Hina Again,"Comedy, Drama, Ecchi, Romance, Shounen",OVA,3,61154
43963,147,-1,Kimi ga Nozomu Eien,"Drama, Romance, Slice of Life",TV,14,90379
50747,5220,-1,Shangri-La,"Action, Drama, Sci-Fi",TV,24,38495
44715,2596,7,Shinreigari: Ghost Hound,"Mystery, Psychological, Sci-Fi, Supernatural",TV,22,78469
72337,5681,8,Summer Wars,"Comedy, Sci-Fi",Movie,1,223359
1494,1575,8,Code Geass: Hangyaku no Lelouch,"Action, Mecha, Military, School, Sci-Fi, Super Power",TV,25,715151
40506,3782,9,Kara no Kyoukai 2: Satsujin Kousatsu (Zen),"Action, Mystery, Romance, Supernatural, Thriller",Movie,1,114415
22052,31621,-1,Ooyasan wa Shishunki!,"Comedy, Slice of Life",TV,12,24131
52458,227,8,FLCL,"Action, Comedy, Dementia, Mecha, Parody, Sci-Fi",OVA,6,305165
59114,135,7,Hikaru no Go,"Comedy, Game, Shounen, Supernatural",TV,75,69000
27364,30437,-1,Wakako-zake,"Seinen, Slice of Life",TV,12,18933
40809,1889,7,Higurashi no Naku Koro ni Kai,"Mystery, Psychological, Supernatural, Thriller",TV,24,218101
16199,21809,6,Kenzen Robo Daimidaler,"Comedy, Ecchi, Mecha, Seinen",TV,12,33059
47579,1043,7,Tokyo Babylon,"Action, Magic, Mystery, Supernatural",OVA,2,11730
31027,31756,6,Owari no Seraph: The Beginning of the End,"Action, Drama, Shounen, Supernatural, Vampire",Special,1,14248
1791,10357,10,Jinrui wa Suitai Shimashita,"Comedy, Fantasy, Seinen",TV,12,89373
41785,12611,7,Sengoku Collection,"Fantasy, Parody, Samurai",TV,26,16287
46968,8525,-1,Kami nomi zo Shiru Sekai,"Comedy, Harem, Romance, Shounen, Supernatural",TV,12,284846
30872,1535,-1,Death Note,"Mystery, Police, Psychological, Supernatural, Thriller",TV,37,1013917
19790,2001,8,Tengen Toppa Gurren Lagann,"Action, Adventure, Comedy, Mecha, Sci-Fi",TV,27,562962
12504,240,-1,Genshiken,"Comedy, Parody, Slice of Life",TV,12,104258
33715,16592,8,Danganronpa: Kibou no Gakuen to Zetsubou no Koukousei The Animation,"Action, Horror, Mystery, Psychological",TV,13,298550
26695,2923,-1,Shugo Chara!,"Comedy, Magic, School, Shoujo",TV,51,121108
70210,11061,10,Hunter x Hunter (2011),"Action, Adventure, Shounen, Super Power",TV,148,425855
59590,10030,8,Bakuman. 2nd Season,"Comedy, Drama, Romance, Shounen",TV,25,151561
41889,877,10,Nana,"Comedy, Drama, Music, Romance, Shoujo, Slice of Life",TV,47,197256
18998,3615,-1,Neo Angelique Abyss,"Comedy, Fantasy, Harem, Romance, Shoujo",TV,13,24149
26593,10714,8,Towa no Quon 3: Mugen no Renza,"Action, Super Power, Supernatural",Movie,1,19053
41931,18055,8,Hakkenden: Touhou Hakken Ibun 2nd Season,"Action, Fantasy, Shoujo, Supernatural",TV,13,33466
35408,11743,-1,Toaru Majutsu no Index: Endymion no Kiseki,"Action, Magic, Sci-Fi, Super Power",Movie,1,54873
18581,47,7,Akira,"Action, Adventure, Horror, Military, Sci-Fi, Supernatural",Movie,1,215897
65813,291,-1,D.C.S.S: Da Capo Second Season,"Comedy, Drama, Harem, Romance, Supernatural",TV,26,23364
52864,122,9,Full Moon wo Sagashite,"Comedy, Drama, Music, Romance, Shoujo, Supernatural",TV,52,59374
57160,11933,8,Oda Nobuna no Yabou,"Comedy, Historical, Romance",TV,12,133216
55423,30,8,Neon Genesis Evangelion,"Action, Dementia, Drama, Mecha, Psychological, Sci-Fi",TV,26,461946
53424,849,9,Suzumiya Haruhi no Yuuutsu,"Comedy, Mystery, Parody, School, Sci-Fi, Slice of Life",TV,14,428569
48468,288,7,Bakuten Shoot Beyblade,"Action, Adventure, Comedy, Sci-Fi, Shounen, Sports",TV,51,49467
63218,20745,7,Love Live! School Idol Project OVA,"Music, School, Slice of Life",OVA,1,21188
9242,23289,9,Gekkan Shoujo Nozaki-kun,"Comedy, Romance, School",TV,12,292622
48316,26443,5,Triage X,"Action, Adventure, Ecchi, Shounen",TV,10,59632
33506,9253,8,Steins;Gate,"Sci-Fi, Thriller",TV,24,673572
65237,9989,9,Ano Hi Mita Hana no Namae wo Bokutachi wa Mada Shiranai.,"Drama, Slice of Life, Supernatural",TV,11,463835
28458,374,5,Bannou Bunka Neko-Musume DASH!,"Action, Comedy, Ecchi, Romance, Sci-Fi",OVA,12,3473
24693,6548,-1,Tengen Toppa Gurren Lagann: Kirameki★Yoko Box - Pieces of Sweet Stars,"Ecchi, Music",Music,1,18991
66831,2602,9,Kenkou Zenrakei Suieibu Umishou,"Comedy, Ecchi, School, Shounen, Sports",TV,13,25814
13698,488,7,Ichigo Mashimaro,"Comedy, Slice of Life",TV,12,46333
16739,14345,7,Btooom!,"Action, Psychological, Sci-Fi, Seinen",TV,12,329561
72767,5593,7,Dogs: Bullets &amp; Carnage,"Action, Seinen",OVA,4,44826
21165,60,-1,Chrno Crusade,"Action, Demons, Historical, Romance, Supernatural",TV,24,140865
51327,10893,8,Kyousou Giga,"Action, Fantasy, Supernatural",ONA,1,31096
66268,245,9,Great Teacher Onizuka,"Comedy, Drama, School, Shounen, Slice of Life",TV,43,268487
43445,10721,7,Mawaru Penguindrum,"Comedy, Drama, Mystery, Psychological",TV,24,156689
57914,1696,10,Murder Princess,"Action, Adventure, Fantasy",OVA,6,39377
3469,5081,10,Bakemonogatari,"Mystery, Romance, Supernatural, Vampire",TV,15,482268
50366,154,4,Shaman King,"Action, Adventure, Comedy, Drama, Shounen, Supernatural",TV,64,169517
4365,17341,-1,Yama no Susume: Kabette Kowakunai no?,"Comedy, Slice of Life",Special,1,7878
22325,9253,10,Steins;Gate,"Sci-Fi, Thriller",TV,24,673572
54420,200,8,Tenshi na Konamaiki,"Comedy, Magic, Romance, Shounen",TV,50,15077
5445,5040,8,One Outs,"Psychological, Seinen, Sports",TV,25,83056
53624,2924,8,ef: A Tale of Memories.,"Drama, Mystery, Romance",TV,12,151106
39836,12031,8,Kingdom,"Action, Historical, Military, Seinen",TV,38,54211
11335,4722,8,Skip Beat!,"Comedy, Drama, Romance, Shoujo",TV,25,134818
56078,13659,8,Ore no Imouto ga Konnani Kawaii Wake ga Nai.,"Comedy, Seinen, Slice of Life",TV,13,194791
68539,7817,8,B Gata H Kei,"Comedy, Ecchi, Romance, School, Seinen",TV,12,192719
2188,431,10,Howl no Ugoku Shiro,"Adventure, Drama, Fantasy, Romance",Movie,1,333186
55616,5507,7,Senjou no Valkyria,"Action, Military, Romance",TV,26,77591
69786,20555,-1,SoniAni: Super Sonico The Animation,"Music, Slice of Life",TV,12,45748
9877,3702,10,Detroit Metal City,"Comedy, Music",OVA,12,104893
24540,30307,9,Monster Musume no Iru Nichijou,"Comedy, Ecchi, Fantasy, Harem, Romance, Seinen",TV,12,181845
31570,22319,9,Tokyo Ghoul,"Action, Drama, Horror, Mystery, Psychological, Seinen, Supernatural",TV,12,618056
9426,2904,10,Code Geass: Hangyaku no Lelouch R2,"Action, Drama, Mecha, Military, Sci-Fi, Super Power",TV,25,572888
53141,9656,-1,Kimi ni Todoke 2nd Season,"Romance, School, Shoujo, Slice of Life",TV,12,171866
15181,33221,8,Mobile Suit Gundam Thunderbolt: December Sky,"Action, Drama, Mecha, Military, Sci-Fi, Space",Movie,1,2833
28521,2910,7,Koi Koi 7 Specials,"Comedy, Ecchi",Special,7,1623
44835,14199,8,Oniichan dakedo Ai Sae Areba Kankeinai yo ne!,"Comedy, Ecchi, Harem, Romance, School",TV,12,113166
14224,22729,8,Aldnoah.Zero,"Action, Mecha, Sci-Fi",TV,12,244193
53123,1568,8,Sumomomo Momomo: Chijou Saikyou no Yome,"Comedy, Martial Arts, Romance",TV,22,31385
66684,12549,6,"Dakara Boku wa, H ga Dekinai.","Comedy, Ecchi, Romance, Supernatural",TV,12,169615
50025,208,9,R.O.D OVA,"Action, Adventure, Historical, Magic, Mystery, Sci-Fi",OVA,3,41701
49169,1195,10,Zero no Tsukaima,"Action, Adventure, Comedy, Ecchi, Fantasy, Harem, Magic, Romance, School",TV,13,346828
52776,889,7,Black Lagoon,"Action, Seinen",TV,12,332562
8688,27601,7,Chuunibyou demo Koi ga Shitai! Ren: The Rikka Wars,"Comedy, Drama, Romance, School, Slice of Life",Special,1,31808
14228,11359,8,Dragon Ball Kai: Mirai ni Heiwa wo! Goku no Tamashii yo Eien ni,"Action, Comedy, Fantasy, Sci-Fi, Shounen, Super Power",Special,1,17166
19443,10620,-1,Mirai Nikki (TV),"Action, Mystery, Psychological, Shounen, Supernatural, Thriller",TV,26,657190
4064,23945,6,Majimoji Rurumo,"Comedy, Ecchi, Fantasy, Magic, School, Shounen",TV,12,38952
4516,877,-1,Nana,"Comedy, Drama, Music, Romance, Shoujo, Slice of Life",TV,47,197256
62235,789,6,Shinigami no Ballad.,"Drama, Fantasy, Psychological, Supernatural",TV,6,32297
19082,11757,8,Sword Art Online,"Action, Adventure, Fantasy, Game, Romance",TV,25,893100
17913,189,8,Love Hina,"Comedy, Ecchi, Harem, Romance, Shounen, Slice of Life",TV,24,156627
70302,8074,7,Highschool of the Dead,"Action, Ecchi, Horror, Supernatural",TV,12,535892
59115,100,9,Shin Shirayuki-hime Densetsu Prétear,"Comedy, Drama, Fantasy, Magic, Romance, Shoujo, Super Power",TV,13,37394
26313,23327,-1,Space☆Dandy 2nd Season,"Comedy, Sci-Fi, Space",TV,13,60918
48795,10793,10,Guilty Crown,"Action, Drama, Sci-Fi, Super Power",TV,22,460959
70225,11771,9,Kuroko no Basket,"Comedy, School, Shounen, Sports",TV,25,338315
20512,269,10,Bleach,"Action, Comedy, Shounen, Super Power, Supernatural",TV,366,624055
31081,1142,8,Hachimitsu to Clover II,"Drama, Josei, Romance",TV,12,61493
54773,5356,5,Canaan,"Action, Seinen",TV,13,123217
31279,31442,8,Musaigen no Phantom World,"Action, Comedy, Fantasy, Slice of Life, Supernatural",TV,13,168482
37237,5040,9,One Outs,"Psychological, Seinen, Sports",TV,25,83056
7773,2030,6,El Cazador de la Bruja,"Adventure, Drama, Mystery",TV,26,31874
22378,11111,9,Another,"Horror, Mystery, School, Supernatural, Thriller",TV,12,534657
16255,419,9,Samurai Deeper Kyou,"Adventure, Comedy, Historical, Shounen, Supernatural",TV,26,38580
26803,1889,9,Higurashi no Naku Koro ni Kai,"Mystery, Psychological, Supernatural, Thriller",TV,24,218101
30138,19207,7,Maji de Otaku na English! Ribbon-chan: Eigo de Tatakau Mahou Shoujo - The TV,"Comedy, Magic",TV,10,1936
19893,16706,7,Kami nomi zo Shiru Sekai: Megami-hen,"Comedy, Harem, Romance, Shounen, Supernatural",TV,12,142612
13609,30307,8,Monster Musume no Iru Nichijou,"Comedy, Ecchi, Fantasy, Harem, Romance, Seinen",TV,12,181845
39396,28497,-1,Rokka no Yuusha,"Action, Adventure, Fantasy, Magic, Mystery",TV,12,218747
19056,6609,8,Pucca (2006),"Comedy, Parody, Romance",TV,26,4425
25361,5355,-1,Sengoku Basara,"Action, Historical, Martial Arts, Samurai, Super Power",TV,12,93940
48915,13599,-1,Robotics;Notes,"Drama, Mystery, School, Sci-Fi",TV,22,107304
6469,1292,5,Afro Samurai,"Action, Adventure, Samurai",TV,5,135708
9181,6573,9,Darker than Black: Ryuusei no Gemini,"Action, Mystery, Sci-Fi, Super Power",TV,12,222243
67185,6213,10,Toaru Kagaku no Railgun,"Action, Sci-Fi, Super Power",TV,24,231079
61695,869,-1,Slayers Return,"Adventure, Comedy, Fantasy, Magic, Shounen",Movie,1,12909
19828,19319,-1,Gundam Build Fighters,"Action, Mecha, Sci-Fi",TV,25,31606
51710,395,9,Gantz 2nd Stage,"Action, Drama, Horror, Psychological, Sci-Fi, Supernatural",TV,13,87240
27669,147,8,Kimi ga Nozomu Eien,"Drama, Romance, Slice of Life",TV,14,90379
52445,2167,10,Clannad,"Comedy, Drama, Romance, School, Slice of Life, Supernatural",TV,23,566690
38197,11079,7,Kill Me Baby,"Comedy, School, Seinen",TV,13,54288
65634,1506,8,Detective Conan Movie 10: Requiem of the Detectives,"Adventure, Comedy, Mystery, Police, Shounen",Movie,1,21789
29062,10687,8,Saint Seiya: Legend of Sanctuary,"Adventure, Fantasy, Sci-Fi, Shounen",Movie,1,10776
34095,13663,8,To LOVE-Ru Darkness,"Comedy, Ecchi, Harem, Romance, School, Sci-Fi, Shounen",TV,12,135929
21435,2167,8,Clannad,"Comedy, Drama, Romance, School, Slice of Life, Supernatural",TV,23,566690
21232,29786,7,Shimoneta to Iu Gainen ga Sonzai Shinai Taikutsu na Sekai,"Comedy, Ecchi, School",TV,12,193822
25822,7817,7,B Gata H Kei,"Comedy, Ecchi, Romance, School, Seinen",TV,12,192719
43851,6213,8,Toaru Kagaku no Railgun,"Action, Sci-Fi, Super Power",TV,24,231079
5784,123,6,Fushigi Yuugi,"Adventure, Comedy, Drama, Fantasy, Historical, Magic, Martial Arts, Romance, Shoujo",TV,52,61622
58937,2198,7,Aa! Megami-sama!: Sorezore no Tsubasa Specials,"Comedy, Magic, Romance, Seinen, Supernatural",Special,2,16986
53176,10232,8,Tamayura: Hitotose,"Comedy, Drama, Slice of Life",TV,12,25760
71699,849,9,Suzumiya Haruhi no Yuuutsu,"Comedy, Mystery, Parody, School, Sci-Fi, Slice of Life",TV,14,428569
38122,9919,-1,Ao no Exorcist,"Action, Demons, Fantasy, Shounen, Supernatural",TV,25,583823
66967,5682,9,Phantom: Requiem for the Phantom,"Action, Drama, Seinen, Thriller",TV,26,159105
59313,2167,8,Clannad,"Comedy, Drama, Romance, School, Slice of Life, Supernatural",TV,23,566690
35280,16680,6,Pokemon Best Wishes! Season 2: Shinsoku no Genosect - Mewtwo Kakusei,"Action, Adventure, Comedy, Fantasy, Kids",Movie,1,12517
46134,12883,8,Tsuritama,"Comedy, Sci-Fi, Slice of Life, Sports",TV,12,90625
68454,20977,6,Tonari no Seki-kun OVA,"Comedy, School, Seinen",OVA,1,20774
72527,450,-1,InuYasha: Kagami no Naka no Mugenjo,"Adventure, Demons, Drama, Fantasy, Historical, Romance, Shounen, Supernatural",Movie,1,54854
17872,530,5,Bishoujo Senshi Sailor Moon,"Demons, Magic, Romance, Shoujo",TV,46,146521
50468,8057,10,Shin Koihime†Musou: Otome Tairan,"Adventure, Comedy, Ecchi, Fantasy, Historical",TV,12,13089
50056,897,-1,Dragon Ball Z Movie 04: Super Saiyajin da Son Gokuu,"Adventure, Fantasy, Sci-Fi, Shounen",Movie,1,51924
32068,16035,7,Karneval (TV),"Action, Fantasy, Mystery, Sci-Fi, Shoujo",TV,13,108174
35044,9756,-1,Mahou Shoujo Madoka★Magica,"Drama, Magic, Psychological, Thriller",TV,12,462974
26410,3268,9,Mai-Otome 0: S.ifr,Sci-Fi,OVA,3,11171
69492,19815,9,No Game No Life,"Adventure, Comedy, Ecchi, Fantasy, Game, Supernatural",TV,12,602291
17696,25015,8,Kyoukai no Kanata Movie: I&#039;ll Be Here - Kako-hen,"Action, Fantasy, Supernatural",Movie,1,42304
29766,1815,7,Shakugan no Shana Movie,"Action, Fantasy, Supernatural",Movie,1,43962
29272,19191,7,Ghost in the Shell: Arise - Border:2 Ghost Whispers,"Mecha, Police, Psychological, Sci-Fi",Movie,1,24880
58054,3457,8,Vampire Knight,"Drama, Mystery, Romance, Shoujo, Supernatural, Vampire",TV,13,286826
59537,16982,6,Hayate no Gotoku! Cuties,"Comedy, Harem, Parody, Romance, Shounen",TV,12,24044
23247,905,7,Dragon Ball Z Movie 12: Fukkatsu no Fusion!! Gokuu to Vegeta,"Adventure, Comedy, Fantasy, Sci-Fi, Shounen",Movie,1,56994
64714,6547,10,Angel Beats!,"Action, Comedy, Drama, School, Supernatural",TV,13,717796
68770,23327,9,Space☆Dandy 2nd Season,"Comedy, Sci-Fi, Space",TV,13,60918
11966,16417,6,Tamako Market,"Comedy, Slice of Life",TV,12,128529
44226,1,9,Cowboy Bebop,"Action, Adventure, Comedy, Drama, Sci-Fi, Space",TV,26,486824
51919,23199,-1,Durarara!!x2 Shou,"Action, Mystery, Supernatural",TV,12,189407
43388,4866,4,Pico x CoCo x Chico,"Hentai, Yaoi",OVA,1,27411
60021,20,10,Naruto,"Action, Comedy, Martial Arts, Shounen, Super Power",TV,220,683297
26410,23309,6,Rail Wars!,"Action, Ecchi, Police",TV,12,85487
26837,3407,7,Blassreiter,"Action, Sci-Fi",TV,24,55444
69931,23233,-1,Shinmai Maou no Testament,"Action, Demons, Ecchi, Fantasy, Harem, Romance",TV,12,172321
26555,684,7,Tenshi no Shippo Chu!,"Fantasy, Magic, Romance",TV,11,3674
49969,26,7,Texhnolyze,"Action, Drama, Psychological, Sci-Fi",TV,22,95859
69216,1313,9,Digimon Adventure 02,"Action, Adventure, Comedy, Drama, Fantasy, Kids",TV,50,120268
55035,4744,7,Akaneiro ni Somaru Saka,"Comedy, Harem, Romance, School",TV,12,91453
13088,1195,5,Zero no Tsukaima,"Action, Adventure, Comedy, Ecchi, Fantasy, Harem, Magic, Romance, School",TV,13,346828
69136,18115,9,Magi: The Kingdom of Magic,"Action, Adventure, Fantasy, Magic, Shounen",TV,25,245026
58463,694,-1,Canvas 2: Niji-iro no Sketch,"Comedy, Drama, Romance, Slice of Life",TV,24,19491
11560,1096,10,Mobile Police Patlabor 2: The Movie,"Drama, Mecha, Mystery, Police, Sci-Fi",Movie,1,11957
9854,16498,7,Shingeki no Kyojin,"Action, Drama, Fantasy, Shounen, Super Power",TV,25,896229
17560,23233,9,Shinmai Maou no Testament,"Action, Demons, Ecchi, Fantasy, Harem, Romance",TV,12,172321
61204,2937,6,Bishoujo Senshi Sailor Moon R: Make Up! Sailor Senshi,Shoujo,Special,1,10441
11608,19685,8,Kanojo ga Flag wo Oraretara,"Comedy, Harem, Romance, School",TV,13,74634
23218,32282,9,Shokugeki no Souma: Ni no Sara,"Ecchi, School, Shounen",TV,13,185015
35689,11757,7,Sword Art Online,"Action, Adventure, Fantasy, Game, Romance",TV,25,893100
9828,30355,8,Wakaba*Girl,"Comedy, School, Slice of Life",TV,13,22773
49987,393,-1,Escaflowne,"Adventure, Drama, Fantasy, Mecha, Romance, Sci-Fi, Shoujo",Movie,1,37379
50785,121,7,Fullmetal Alchemist,"Action, Adventure, Comedy, Drama, Fantasy, Magic, Military, Shounen",TV,51,600384
41228,28999,8,Charlotte,"Drama, School, Super Power",TV,13,310137
66392,59,7,Chobits,"Comedy, Drama, Ecchi, Romance, Sci-Fi, Seinen",TV,26,266846
68552,3841,8,Chi&#039;s Sweet Home,"Comedy, Slice of Life",TV,104,36307
28786,11759,8,Accel World,"Action, Game, Romance, School, Sci-Fi",TV,24,324284
29455,10798,8,UN-GO,"Mystery, Supernatural",TV,11,84499
40092,22145,7,Kuroshitsuji: Book of Circus,"Comedy, Demons, Fantasy, Historical, Shounen, Supernatural",TV,10,122895
58200,323,10,Mousou Dairinin,"Drama, Mystery, Police, Psychological, Supernatural, Thriller",TV,13,137687
25036,79,10,Shuffle!,"Comedy, Drama, Ecchi, Fantasy, Harem, Magic, Romance, School, Seinen",TV,24,158772
12266,10547,9,Oretachi ni Tsubasa wa Nai: Hadairo Ritsu Kyuuwari Zou!?,"Drama, Ecchi, Fantasy, Harem, Romance",OVA,1,8216
38557,813,10,Dragon Ball Z,"Action, Adventure, Comedy, Fantasy, Martial Arts, Shounen, Super Power",TV,291,375662
44568,6956,-1,Working!!,"Comedy, Slice of Life",TV,13,189367
70574,1535,10,Death Note,"Mystery, Police, Psychological, Supernatural, Thriller",TV,37,1013917
22224,149,-1,Loveless,"Action, Drama, Fantasy, Mystery, Romance, Shoujo, Shounen Ai, Supernatural",TV,12,85554
29873,18677,-1,Yuusha ni Narenakatta Ore wa Shibushibu Shuushoku wo Ketsui Shimashita.,"Comedy, Ecchi, Fantasy, Romance",TV,12,115338
567,27633,8,Gekkan Shoujo Nozaki-kun Specials,"Comedy, Romance, School",Special,6,52672
36537,11597,8,Nisemonogatari,"Comedy, Mystery, Supernatural",TV,11,260062
49915,2924,10,ef: A Tale of Memories.,"Drama, Mystery, Romance",TV,12,151106
73362,512,9,Majo no Takkyuubin,"Adventure, Comedy, Drama, Fantasy, Magic, Romance",Movie,1,152331
70476,1571,8,Ghost Hunt,"Comedy, Horror, Mystery, Shoujo, Supernatural",TV,25,126426
31614,8525,8,Kami nomi zo Shiru Sekai,"Comedy, Harem, Romance, Shounen, Supernatural",TV,12,284846
40751,1535,9,Death Note,"Mystery, Police, Psychological, Supernatural, Thriller",TV,37,1013917
3830,31043,10,Boku dake ga Inai Machi,"Mystery, Psychological, Seinen, Supernatural",TV,12,402381
39694,5984,10,Ristorante Paradiso,"Drama, Josei, Romance, Slice of Life",TV,11,22229
5732,26349,8,Danna ga Nani wo Itteiru ka Wakaranai Ken,"Comedy, Seinen, Slice of Life",TV,13,122271
66755,5341,6,Ookami to Koushinryou II,"Adventure, Fantasy, Historical, Romance",TV,12,210491
57170,1887,9,Lucky☆Star,"Comedy, Parody, School, Slice of Life",TV,24,305837
14762,13125,10,Shinsekai yori,"Drama, Horror, Mystery, Sci-Fi, Supernatural",TV,25,288376
1907,199,10,Sen to Chihiro no Kamikakushi,"Adventure, Drama, Supernatural",Movie,1,466254
23193,31952,7,Kono Bijutsubu ni wa Mondai ga Aru!,"Comedy, Romance, School",TV,12,69088
55055,5060,10,Hetalia Axis Powers,"Comedy, Historical, Parody",ONA,52,144898
51010,123,-1,Fushigi Yuugi,"Adventure, Comedy, Drama, Fantasy, Historical, Magic, Martial Arts, Romance, Shoujo",TV,52,61622
60623,891,8,Dragon Ball Movie 2: Majinjou no Nemuri Hime,"Action, Adventure, Comedy, Fantasy, Sci-Fi, Shounen, Super Power",Movie,1,27194
66103,1210,-1,NHK ni Youkoso!,"Comedy, Drama, Psychological, Romance",TV,24,291228
3062,4654,5,Toaru Majutsu no Index,"Action, Magic, Sci-Fi, Super Power",TV,24,313114
5672,12549,6,"Dakara Boku wa, H ga Dekinai.","Comedy, Ecchi, Romance, Supernatural",TV,12,169615
38620,9656,8,Kimi ni Todoke 2nd Season,"Romance, School, Shoujo, Slice of Life",TV,12,171866
52412,205,8,Samurai Champloo,"Action, Adventure, Comedy, Historical, Samurai, Shounen",TV,26,390076
25409,8518,7,Mai-Otome Special: Otome no Inori,"School, Slice of Life",Special,1,2068
73138,2476,-1,School Days,"Drama, Harem, Romance, School",TV,12,279183
24294,985,9,Dragon Ball Z Special 2: Zetsubou e no Hankou!! Nokosareta Chousenshi - Gohan to Trunks,"Adventure, Drama, Fantasy, Shounen",Special,1,43673
60144,368,10,Bible Black,Hentai,OVA,6,31309
72911,19383,7,Yami Shibai,"Dementia, Horror, Supernatural",TV,13,33275
72533,22535,-1,Kiseijuu: Sei no Kakuritsu,"Action, Drama, Horror, Psychological, Sci-Fi, Seinen",TV,24,425457
32145,442,6,Naruto Movie 1: Dai Katsugeki!! Yuki Hime Shinobu Houjou Dattebayo!,"Adventure, Comedy, Drama, Historical, Shounen, Supernatural",Movie,1,120571
6058,881,10,Green Green OVA,"Comedy, Ecchi, Romance, School",OVA,1,21620
14709,11757,8,Sword Art Online,"Action, Adventure, Fantasy, Game, Romance",TV,25,893100
567,265,9,Hajime no Ippo: Mashiba vs. Kimura,"Comedy, Shounen, Sports",OVA,1,40623
20748,3091,1,xxxHOLiC Kei,"Comedy, Drama, Mystery, Psychological, Supernatural",TV,13,74941
68391,10067,7,Angel Beats!: Another Epilogue,"Drama, School, Supernatural",Special,1,134180
4314,16498,8,Shingeki no Kyojin,"Action, Drama, Fantasy, Shounen, Super Power",TV,25,896229
39571,901,4,"Dragon Ball Z Movie 08: Moetsukiro!! Nessen, Ressen, Chougekisen","Adventure, Comedy, Fantasy, Sci-Fi, Shounen",Movie,1,65953
28196,23321,8,Log Horizon 2nd Season,"Action, Adventure, Fantasy, Game, Magic, Shounen",TV,25,215817
39468,154,8,Shaman King,"Action, Adventure, Comedy, Drama, Shounen, Supernatural",TV,64,169517
51991,8769,8,Ore no Imouto ga Konnani Kawaii Wake ga Nai,"Comedy, Seinen, Slice of Life",TV,12,321477
35010,30276,8,One Punch Man,"Action, Comedy, Parody, Sci-Fi, Seinen, Super Power, Supernatural",TV,12,552458
41279,8516,8,Baka to Test to Shoukanjuu Ni!,"Comedy, Romance, School, Super Power",TV,13,183722
3161,11285,6,Black★Rock Shooter (TV),"Action, Drama, School, Slice of Life",TV,8,198991
53721,513,9,Tenkuu no Shiro Laputa,"Adventure, Fantasy, Romance, Sci-Fi",Movie,1,151061
22125,987,5,Dragon Ball GT: Goku Gaiden! Yuuki no Akashi wa Suushinchuu,"Action, Adventure, Comedy, Fantasy, Martial Arts, Shounen, Super Power",Special,1,32853
51788,1492,-1,Project ARMS,"Action, Martial Arts, Super Power",TV,26,6903
14962,16742,7,Watashi ga Motenai no wa Dou Kangaetemo Omaera ga Warui!,"Comedy, School, Shounen, Slice of Life",TV,12,257925
27290,31,7,Neon Genesis Evangelion: Death &amp; Rebirth,"Drama, Mecha, Psychological, Sci-Fi",Movie,1,102093
23475,2167,9,Clannad,"Comedy, Drama, Romance, School, Slice of Life, Supernatural",TV,23,566690
73234,8536,7,Fortune Arterial: Akai Yakusoku,"Comedy, Romance, School, Supernatural, Vampire",TV,12,71285
67319,793,7,xxxHOLiC Movie: Manatsu no Yoru no Yume,"Comedy, Drama, Mystery, Psychological, Supernatural",Movie,1,41547
1170,174,8,Tenjou Tenge,"Action, Comedy, Ecchi, Martial Arts, School, Shounen, Super Power",TV,24,103449
49496,18507,7,Free!,"Comedy, School, Slice of Life, Sports",TV,12,265791
50341,12893,-1,Danshi Koukousei no Nichijou Specials,"Comedy, School, Shounen, Slice of Life",Special,6,49891
43179,263,7,Hajime no Ippo,"Comedy, Drama, Shounen, Sports",TV,75,157670
17821,14199,-1,Oniichan dakedo Ai Sae Areba Kankeinai yo ne!,"Comedy, Ecchi, Harem, Romance, School",TV,12,113166
51077,10156,8,Sacred Seven,"Action, School, Sci-Fi, Super Power",TV,12,47136
22753,459,6,One Piece Movie 1,"Action, Adventure, Comedy, Fantasy, Shounen, Super Power",Movie,1,46455
67145,74,10,Gakuen Alice,"Comedy, Magic, School, Shoujo",TV,26,52995
22574,8525,9,Kami nomi zo Shiru Sekai,"Comedy, Harem, Romance, Shounen, Supernatural",TV,12,284846
45325,16782,8,Kotonoha no Niwa,"Drama, Psychological, Romance, Slice of Life",Movie,1,189741
1048,4177,-1,Bounen no Xamdou,"Action, Military, Sci-Fi",ONA,26,79026
59858,6211,8,Tokyo Magnitude 8.0,Drama,TV,11,121349
69964,12591,7,Ojamajo Doremi OVA,"Kids, Magic",OVA,3,799
36920,22535,8,Kiseijuu: Sei no Kakuritsu,"Action, Drama, Horror, Psychological, Sci-Fi, Seinen",TV,24,425457
48325,6512,6,Nyan Koi!,"Comedy, Harem, Romance",TV,12,142264
30461,10620,10,Mirai Nikki (TV),"Action, Mystery, Psychological, Shounen, Supernatural, Thriller",TV,26,657190
64070,8424,7,MM!,"Comedy, Ecchi, Harem, School",TV,12,129672
70002,24833,8,Ansatsu Kyoushitsu (TV),"Action, Comedy, School, Shounen",TV,22,312654
52018,16774,7,Inferno Cop,"Action, Police",ONA,13,37500
19340,12175,10,Koi to Senkyo to Chocolate,"Drama, Romance, School",TV,12,91552
60487,9023,4,Katekyo Hitman Reborn!: Mr. Rebokku no Ciao Ciao Interview,Comedy,Special,3,12153
25002,32,-1,Neon Genesis Evangelion: The End of Evangelion,"Dementia, Drama, Mecha, Psychological, Sci-Fi",Movie,1,215630
57512,2124,7,Code Geass: Hangyaku no Lelouch Recaps,"Action, Mecha, Military, School, Super Power",Special,2,23194
43751,21185,8,Baby Steps,"Romance, School, Shounen, Sports",TV,25,59818
47908,853,10,Ouran Koukou Host Club,"Comedy, Harem, Romance, School, Shoujo",TV,26,422271
68351,7193,6,Aoi Bungaku Series,"Drama, Historical, Psychological, Seinen, Thriller",TV,12,93074
28306,9347,10,Fortune Arterial: Akai Yakusoku - Tadoritsuita Basho,"Comedy, Fantasy, Harem, Romance, Vampire",OVA,1,18682
45924,3667,-1,Strike Witches,"Action, Ecchi, Magic, Military, Sci-Fi",TV,12,96159
2851,894,7,Dragon Ball Z Movie 01: Ora no Gohan wo Kaese!!,"Adventure, Comedy, Fantasy, Sci-Fi, Shounen",Movie,1,57623
28627,9735,10,Gintama: Shinyaku Benizakura-hen,"Action, Comedy, Historical, Parody, Samurai, Sci-Fi, Shounen",Special,1,14002
5623,2034,9,Lovely★Complex,"Comedy, Romance, Shoujo",TV,24,235003
5060,193,-1,Maburaho,"Comedy, Drama, Ecchi, Harem, Magic, Romance, School",TV,24,61004
42417,22535,10,Kiseijuu: Sei no Kakuritsu,"Action, Drama, Horror, Psychological, Sci-Fi, Seinen",TV,24,425457
10619,16782,8,Kotonoha no Niwa,"Drama, Psychological, Romance, Slice of Life",Movie,1,189741
44567,227,7,FLCL,"Action, Comedy, Dementia, Mecha, Parody, Sci-Fi",OVA,6,305165
61114,1840,10,Zero no Tsukaima: Futatsuki no Kishi,"Action, Adventure, Comedy, Ecchi, Fantasy, Harem, Magic, Romance, School",TV,12,235684
8308,27663,8,Baby Steps 2nd Season,"Romance, School, Shounen, Sports",TV,25,36251
71518,4654,7,Toaru Majutsu no Index,"Action, Magic, Sci-Fi, Super Power",TV,24,313114
23756,9513,8,Beelzebub,"Action, Comedy, Demons, School, Shounen, Supernatural",TV,60,217752
14387,12711,8,Uta no☆Prince-sama♪ Maji Love 2000%,"Comedy, Harem, Music, Romance, School, Shoujo",TV,13,61551
20398,1240,9,Bishoujo Senshi Sailor Moon SuperS: Sailor 9 Senshi Shuuketsu! Black Dream Hole no Kiseki,"Drama, Magic, Shoujo",Movie,1,24968
62517,14349,7,Little Witch Academia,"Adventure, Comedy, Fantasy, Magic, School",Movie,1,111703
7438,1575,-1,Code Geass: Hangyaku no Lelouch,"Action, Mecha, Military, School, Sci-Fi, Super Power",TV,25,715151
66327,5079,7,Kurokami The Animation,"Action, Martial Arts, Super Power",TV,23,72750
60978,11701,7,Another: The Other - Inga,"Horror, Mystery, Thriller",OVA,1,86261
59468,25,8,Sunabouzu,"Action, Adventure, Comedy, Ecchi, Sci-Fi, Shounen",TV,24,65516
65012,2993,6,Rosario to Vampire,"Comedy, Ecchi, Fantasy, Harem, Romance, School, Shounen, Vampire",TV,13,299278
44661,8861,10,"Yosuga no Sora: In Solitude, Where We Are Least Alone.","Drama, Ecchi, Harem, Romance",TV,12,173216
7929,4872,8,Goku Sayonara Zetsubou Sensei,"Comedy, Parody, School",OVA,3,40358
47103,268,9,Golden Boy,"Adventure, Comedy, Ecchi",OVA,6,113040
24924,7559,-1,Fate/stay night TV Reproduction,"Action, Fantasy, Magic, Romance, Shounen, Supernatural",OVA,2,23498
56496,20507,8,Noragami,"Action, Adventure, Shounen, Supernatural",TV,12,515378
5504,24475,6,Mangaka-san to Assistant-san to The Animation Specials,"Comedy, Ecchi, Harem, Seinen, Slice of Life",Special,6,21564
4565,12461,9,Hiiro no Kakera,"Fantasy, Romance, Shoujo, Supernatural",TV,13,55031
10434,3841,8,Chi&#039;s Sweet Home,"Comedy, Slice of Life",TV,104,36307
20713,5342,-1,Asura Cryin&#039;,"Action, Mecha, Supernatural",TV,13,68608
68853,20021,-1,Sword Art Online: Extra Edition,"Action, Adventure, Fantasy, Game, Romance",Special,1,121722
19278,9515,6,Highschool of the Dead: Drifters of the Dead,"Comedy, Ecchi, Supernatural",OVA,1,140501
53715,2685,-1,Tsubasa: Tokyo Revelations,"Action, Adventure, Drama, Fantasy, Romance, Shounen",OVA,3,57963
4285,12365,10,Bakuman. 3rd Season,"Comedy, Drama, Romance, Shounen",TV,25,133620
12650,8630,8,Hidan no Aria,"Action, Comedy, Romance, School",TV,12,171888
11635,813,8,Dragon Ball Z,"Action, Adventure, Comedy, Fantasy, Martial Arts, Shounen, Super Power",TV,291,375662
29878,26349,8,Danna ga Nani wo Itteiru ka Wakaranai Ken,"Comedy, Seinen, Slice of Life",TV,13,122271
71097,7817,7,B Gata H Kei,"Comedy, Ecchi, Romance, School, Seinen",TV,12,192719
29491,24151,6,Ao Haru Ride OVA,"Romance, School, Shoujo, Slice of Life",OVA,2,46864
226,855,7,Strawberry Panic,"Drama, Romance, School, Shoujo Ai",TV,26,72790
31775,10029,9,Coquelicot-zaka kara,"Historical, Romance, School, Shoujo",Movie,1,50689
11448,6114,8,Rainbow: Nisha Rokubou no Shichinin,"Drama, Historical, Seinen, Thriller",TV,26,139474
57589,14751,10,Bishoujo Senshi Sailor Moon Crystal,"Demons, Magic, Romance, Shoujo",ONA,26,69702
50766,293,6,Di Gi Charat,"Comedy, Fantasy, Sci-Fi",TV,16,12227
17203,6746,-1,Durarara!!,"Action, Mystery, Supernatural",TV,24,556431
53797,460,8,One Piece Movie 2: Nejimaki-jima no Daibouken,"Action, Adventure, Comedy, Fantasy, Shounen, Super Power",Movie,1,37792
59761,2985,8,Majin Tantei Nougami Neuro,"Comedy, Demons, Mystery, Shounen, Supernatural",TV,25,42730
61938,13125,8,Shinsekai yori,"Drama, Horror, Mystery, Sci-Fi, Supernatural",TV,25,288376
17099,448,9,Tenjou Tenge: The Ultimate Fight,"Adventure, Drama, Martial Arts, Romance, Shounen, Supernatural",OVA,2,29039
34432,2132,9,Inukami! The Movie: Tokumei Reiteki Sousakan Karina Shirou!,"Comedy, Ecchi, Magic, Romance, Supernatural",Movie,1,13115
58446,1190,7,Prince of Tennis: A Day on Survival Mountain,"Adventure, Comedy, Shounen, Sports",OVA,1,11817
41258,1818,9,Claymore,"Action, Adventure, Demons, Fantasy, Shounen, Super Power, Supernatural",TV,26,316853
11027,4654,7,Toaru Majutsu no Index,"Action, Magic, Sci-Fi, Super Power",TV,24,313114
40341,1575,10,Code Geass: Hangyaku no Lelouch,"Action, Mecha, Military, School, Sci-Fi, Super Power",TV,25,715151
8095,1448,8,Hyakujuu-Ou GoLion,"Adventure, Mecha, Sci-Fi, Shounen",TV,52,5984
15667,10588,10,Persona 4 the Animation,"Adventure, Mystery, School, Sci-Fi, Super Power, Supernatural",TV,25,134942
69731,563,-1,DNA²,"Comedy, Romance, Sci-Fi",TV,12,23140
15013,10620,5,Mirai Nikki (TV),"Action, Mystery, Psychological, Shounen, Supernatural, Thriller",TV,26,657190
72250,14813,10,Yahari Ore no Seishun Love Comedy wa Machigatteiru.,"Comedy, Drama, Romance, School",TV,13,353876
16015,11837,7,Zetman,"Action, Drama, Horror, Romance, Sci-Fi, Seinen, Supernatural",TV,13,65633
25996,21431,3,Gokukoku no Brynhildr,"Drama, Mystery, Sci-Fi, Seinen",TV,13,159899
31320,16870,10,The Last: Naruto the Movie,"Action, Martial Arts, Romance, Shounen, Super Power",Movie,1,85013
4987,7322,7,Needless Specials,"Comedy, Ecchi, School",Special,12,11609
226,4999,8,Asu no Yoichi!,"Comedy, Ecchi, Harem, Martial Arts, Romance, Shounen",TV,12,110748
44225,2025,10,Darker than Black: Kuro no Keiyakusha,"Action, Mystery, Sci-Fi, Super Power",TV,25,440334
41256,5114,10,Fullmetal Alchemist: Brotherhood,"Action, Adventure, Drama, Fantasy, Magic, Military, Shounen",TV,64,793665
40694,10521,8,Working&#039;!!,"Comedy, Slice of Life",TV,13,117328
52399,2047,8,Ningyo,Fantasy,Movie,1,2265
58379,121,9,Fullmetal Alchemist,"Action, Adventure, Comedy, Drama, Fantasy, Magic, Military, Shounen",TV,51,600384
62116,1842,9,Major S3,"Drama, Shounen, Sports",TV,26,29528
10485,23623,7,Non Non Biyori Repeat,"Comedy, School, Seinen, Slice of Life",TV,12,64230
24462,6880,7,Deadman Wonderland,"Action, Horror, Sci-Fi",TV,12,453454
58659,120,9,Fruits Basket,"Comedy, Drama, Fantasy, Romance, Shoujo, Slice of Life",TV,26,242553
48058,3085,7,Koharu Biyori,"Comedy, Ecchi, Sci-Fi",OVA,3,14560
49503,1239,7,Bishoujo Senshi Sailor Moon SuperS,"Drama, Magic, Romance, Shoujo",TV,39,55056
44637,16592,-1,Danganronpa: Kibou no Gakuen to Zetsubou no Koukousei The Animation,"Action, Horror, Mystery, Psychological",TV,13,298550
40007,5277,-1,Sekirei: Pure Engagement,"Action, Comedy, Ecchi, Harem, Super Power",TV,13,113911
30518,17505,7,Mushibugyou,"Action, Fantasy, Historical, Martial Arts, Samurai, Shounen, Super Power",TV,26,40155
7610,3702,8,Detroit Metal City,"Comedy, Music",OVA,12,104893
58813,2569,-1,Jungle Book Shounen Mowgli,"Adventure, Drama",TV,52,3035
62914,24151,8,Ao Haru Ride OVA,"Romance, School, Shoujo, Slice of Life",OVA,2,46864
7345,441,7,Shoujo Kakumei Utena: Adolescence Mokushiroku,"Dementia, Drama, Fantasy, Romance, Shoujo",Movie,1,22219
39214,28025,-1,Tsukimonogatari,"Comedy, Mystery, Supernatural",TV,4,111009
7510,16201,5,Aku no Hana,"Drama, Psychological, Romance, School",TV,13,86669
34303,50,9,Aa! Megami-sama! (TV),"Comedy, Magic, Romance, Seinen, Supernatural",TV,24,96694
61344,5678,10,Kobato.,"Comedy, Drama, Fantasy",TV,24,88986
23628,11499,8,Sankarea,"Comedy, Ecchi, Horror, Romance, Shounen, Supernatural",TV,12,222657
2377,16528,8,Hal,"Romance, Sci-Fi, Shoujo",Movie,1,50812
25679,1535,7,Death Note,"Mystery, Police, Psychological, Supernatural, Thriller",TV,37,1013917
67256,4760,9,Kanokon Specials,Ecchi,Special,12,19232
48031,1118,7,Pokemon: Kesshoutou no Teiou Entei,"Action, Adventure, Comedy, Drama, Fantasy, Kids",Movie,1,73253
67246,12445,9,Tasogare Otome x Amnesia,"Horror, Mystery, Romance, School, Shounen, Supernatural",TV,12,172367
65754,1889,8,Higurashi no Naku Koro ni Kai,"Mystery, Psychological, Supernatural, Thriller",TV,24,218101
27550,850,7,Gakuen Heaven,"Comedy, Drama, Romance, School, Shounen Ai",TV,13,34787
25660,8676,9,Amagami SS,"Comedy, Romance, School, Slice of Life",TV,25,157223
30597,237,7,Eureka Seven,"Adventure, Drama, Mecha, Romance, Sci-Fi",TV,50,239570
39771,5205,9,Kara no Kyoukai 7: Satsujin Kousatsu (Kou),"Action, Mystery, Romance, Supernatural, Thriller",Movie,1,95658
71531,856,-1,Utawarerumono,"Action, Drama, Fantasy, Sci-Fi",TV,26,91034
26928,189,6,Love Hina,"Comedy, Ecchi, Harem, Romance, Shounen, Slice of Life",TV,24,156627
29916,8917,7,Mouretsu Pirates,"Sci-Fi, Space",TV,26,48245
47858,2131,4,Bokusatsu Tenshi Dokuro-chan 2,"Comedy, Ecchi, Magic",OVA,2,70734
16577,19,-1,Monster,"Drama, Horror, Mystery, Police, Psychological, Seinen, Thriller",TV,74,247562
64081,3782,8,Kara no Kyoukai 2: Satsujin Kousatsu (Zen),"Action, Mystery, Romance, Supernatural, Thriller",Movie,1,114415
24483,2472,7,Naruto: Shippuuden Movie 1,"Action, Adventure, Comedy, Fantasy, Shounen",Movie,1,108170
47997,4722,9,Skip Beat!,"Comedy, Drama, Romance, Shoujo",TV,25,134818
67736,2001,10,Tengen Toppa Gurren Lagann,"Action, Adventure, Comedy, Mecha, Sci-Fi",TV,27,562962
71819,3759,-1,School Days: Valentine Days,"Comedy, Romance, School",OVA,1,32917
6686,2947,7,Ojamajo Doremi Sharp Movie,"Kids, Magic, Shoujo",Movie,1,2037
33450,25681,-1,Kamisama Hajimemashita◎,"Comedy, Demons, Fantasy, Romance, Shoujo, Supernatural",TV,12,91796
68633,6187,8,Nodame Cantabile OVA,"Comedy, Josei, Music, Romance, Slice of Life",OVA,1,17667
68522,23273,8,Shigatsu wa Kimi no Uso,"Drama, Music, Romance, School, Shounen",TV,22,416397
49024,467,8,Ghost in the Shell: Stand Alone Complex,"Action, Mecha, Military, Police, Sci-Fi, Seinen",TV,26,194491
72926,24765,-1,Gakkougurashi!,"Horror, Mystery, Psychological, School, Slice of Life",TV,12,140094
33708,7695,-1,Pokemon Diamond &amp; Pearl: Genei no Hasha Zoroark,"Action, Adventure, Fantasy, Kids",Movie,1,24575
18642,10087,-1,Fate/Zero,"Action, Fantasy, Supernatural",TV,13,453630
14679,9999,7,One Piece 3D: Mugiwara Chase,"Action, Adventure, Comedy, Fantasy, Shounen",Movie,1,23772
42790,4884,10,Tales of the Abyss,"Adventure, Drama, Fantasy",TV,26,74901
61640,3667,9,Strike Witches,"Action, Ecchi, Magic, Military, Sci-Fi",TV,12,96159
27050,12467,8,Nazo no Kanojo X,"Ecchi, Romance, School, Seinen",TV,13,99788
38229,32,8,Neon Genesis Evangelion: The End of Evangelion,"Dementia, Drama, Mecha, Psychological, Sci-Fi",Movie,1,215630
16889,6030,6,Needless,"Action, Comedy, Ecchi, Sci-Fi, Super Power",TV,24,86942
39396,18671,-1,Chuunibyou demo Koi ga Shitai! Ren,"Comedy, Drama, Romance, School, Slice of Life",TV,12,208885
30398,6747,-1,Dance in the Vampire Bund,"Action, Supernatural, Vampire",TV,12,121005
52773,13655,7,Little Busters!,"Comedy, Drama, School, Slice of Life, Supernatural",TV,26,138655
30599,1815,2,Shakugan no Shana Movie,"Action, Fantasy, Supernatural",Movie,1,43962
71670,23289,10,Gekkan Shoujo Nozaki-kun,"Comedy, Romance, School",TV,12,292622
10230,1535,7,Death Note,"Mystery, Police, Psychological, Supernatural, Thriller",TV,37,1013917
42253,2236,-1,Toki wo Kakeru Shoujo,"Adventure, Drama, Romance, Sci-Fi",Movie,1,289206
39415,325,9,Peach Girl,"Drama, Romance, Shoujo, Slice of Life",TV,25,49508
67417,30,9,Neon Genesis Evangelion,"Action, Dementia, Drama, Mecha, Psychological, Sci-Fi",TV,26,461946
54034,104,7,Ayashi no Ceres,"Adventure, Comedy, Drama, Horror, Psychological, Romance, Shoujo, Supernatural",TV,24,38336
4826,486,-1,Kino no Tabi: The Beautiful World,"Action, Adventure, Slice of Life",TV,13,102822
69320,20,8,Naruto,"Action, Comedy, Martial Arts, Shounen, Super Power",TV,220,683297
7824,1474,8,City Hunter: Ai to Shukumei no Magnum,"Action, Comedy, Mystery, Shounen",Movie,1,3368
44444,248,-1,Ichigo 100%,"Comedy, Ecchi, Harem, Romance, Shounen",TV,12,67310
23319,10620,6,Mirai Nikki (TV),"Action, Mystery, Psychological, Shounen, Supernatural, Thriller",TV,26,657190
12402,384,6,Gantz,"Action, Drama, Horror, Psychological, Sci-Fi, Supernatural",TV,13,165335
43711,23273,-1,Shigatsu wa Kimi no Uso,"Drama, Music, Romance, School, Shounen",TV,22,416397
5693,449,9,InuYasha: Guren no Houraijima,"Adventure, Comedy, Demons, Drama, Historical, Romance, Shounen, Supernatural",Movie,1,50008
45383,1575,10,Code Geass: Hangyaku no Lelouch,"Action, Mecha, Military, School, Sci-Fi, Super Power",TV,25,715151
35529,1184,7,Lost Universe,"Adventure, Comedy, Drama, Sci-Fi, Shounen, Space",TV,26,9293
43317,26243,9,Owari no Seraph,"Action, Drama, Shounen, Supernatural, Vampire",TV,12,315630
63747,28439,10,Hatsune Miku x Tetsuya Nomura,Music,Special,1,1232
10425,2685,10,Tsubasa: Tokyo Revelations,"Action, Adventure, Drama, Fantasy, Romance, Shounen",OVA,3,57963
41970,12355,10,Ookami Kodomo no Ame to Yuki,"Fantasy, Slice of Life",Movie,1,226193
11646,120,10,Fruits Basket,"Comedy, Drama, Fantasy, Romance, Shoujo, Slice of Life",TV,26,242553
43436,120,-1,Fruits Basket,"Comedy, Drama, Fantasy, Romance, Shoujo, Slice of Life",TV,26,242553
30887,2236,-1,Toki wo Kakeru Shoujo,"Adventure, Drama, Romance, Sci-Fi",Movie,1,289206
41655,387,7,Haibane Renmei,"Drama, Fantasy, Mystery, Psychological, Slice of Life",TV,13,120731
17994,12967,4,Arcana Famiglia,"Action, Harem, Romance, Shoujo",TV,12,106391
11352,4382,6,Suzumiya Haruhi no Yuuutsu (2009),"Comedy, Mystery, Parody, Romance, School, Sci-Fi, Slice of Life",TV,14,243448
58720,241,-1,Girls Bravo: First Season,"Comedy, Ecchi, Fantasy, Harem, Romance, School",TV,11,84395
58869,14289,-1,Sukitte Ii na yo.,"Romance, School, Shoujo",TV,13,233410
8107,28999,7,Charlotte,"Drama, School, Super Power",TV,13,310137
52333,1569,8,Otome wa Boku ni Koishiteru,"Comedy, Drama, Romance, School",TV,12,42190
28036,16868,-1,Sukitte Ii na yo.: Dareka ga,"Romance, School, Shoujo",OVA,1,27802
5134,3121,7,Kodomo no Jikan OVA,"Comedy, Ecchi, School",OVA,3,20376
15441,467,9,Ghost in the Shell: Stand Alone Complex,"Action, Mecha, Military, Police, Sci-Fi, Seinen",TV,26,194491
53162,337,5,Psychic Academy,"Comedy, Romance, Supernatural",TV,24,7751
72825,28999,-1,Charlotte,"Drama, School, Super Power",TV,13,310137
7711,5630,5,Higashi no Eden,"Action, Comedy, Drama, Mystery, Romance, Sci-Fi, Thriller",TV,11,276593
22543,762,-1,Bleach: Memories in the Rain,"Action, Adventure, Drama, Shounen, Supernatural",Special,1,78111
17020,11933,10,Oda Nobuna no Yabou,"Comedy, Historical, Romance",TV,12,133216
39149,145,8,Kareshi Kanojo no Jijou,"Comedy, Drama, Romance, School, Shoujo, Slice of Life",TV,26,94165
49307,713,-1,Air Movie,"Drama, Romance, Supernatural",Movie,1,44179
22855,3503,10,Kanokon,"Comedy, Ecchi, Harem, Romance, School, Shounen, Slice of Life, Supernatural",TV,12,122288
39974,15431,7,Natsu-iro Kiseki: 15-kaime no Natsuyasumi,Slice of Life,OVA,1,5295
70548,2904,10,Code Geass: Hangyaku no Lelouch R2,"Action, Drama, Mecha, Military, Sci-Fi, Super Power",TV,25,572888
59385,46,10,Rurouni Kenshin: Meiji Kenkaku Romantan - Ishinshishi e no Chinkonka,"Drama, Historical, Samurai, Shounen",Movie,1,33191
54946,649,-1,Hanaukyou Maid-tai: La Verite,"Comedy, Ecchi, Harem, Romance",TV,12,14069
63992,30895,7,HaruChika: Haruta to Chika wa Seishun suru,"Mystery, Romance, School, Slice of Life",TV,12,49971
41114,23283,10,Zankyou no Terror,"Psychological, Thriller",TV,11,342893
46386,28431,7,Pokemon Omega Ruby &amp; Alpha Sapphire: Mega Special Animation,"Action, Adventure, Fantasy, Kids",ONA,1,4068
39488,18139,-1,Tonari no Seki-kun,"Comedy, School, Seinen",TV,21,82568
34456,28907,8,"Gate: Jieitai Kanochi nite, Kaku Tatakaeri","Action, Adventure, Fantasy, Military",TV,12,244314
66569,8423,9,Ookiku Furikabutte: Natsu no Scorebook,"Comedy, Sports",OVA,2,2167
200,279,9,Kyougoku Natsuhiko: Kousetsu Hyaku Monogatari,"Fantasy, Historical, Horror, Mystery, Psychological, Supernatural",TV,13,20859
4826,19685,-1,Kanojo ga Flag wo Oraretara,"Comedy, Harem, Romance, School",TV,13,74634
819,60,8,Chrno Crusade,"Action, Demons, Historical, Romance, Supernatural",TV,24,140865
50599,495,6,Bakuretsu Hunters,"Adventure, Comedy, Ecchi, Fantasy, Magic, Shounen, Supernatural",TV,26,10667
22905,1887,9,Lucky☆Star,"Comedy, Parody, School, Slice of Life",TV,24,305837
59482,239,9,Gankutsuou,"Drama, Mystery, Sci-Fi, Supernatural, Thriller",TV,24,103828
49785,20787,7,Black Bullet,"Action, Mystery, Sci-Fi, Seinen",TV,13,320267
8506,5114,-1,Fullmetal Alchemist: Brotherhood,"Action, Adventure, Drama, Fantasy, Magic, Military, Shounen",TV,64,793665
30672,5530,6,Pandora Hearts,"Adventure, Fantasy, Mystery, Shounen, Supernatural",TV,25,229567
13364,20743,-1,Pokemon Best Wishes! Season 2: Decolora Adventure - Dent to Takeshi! Gyarados no Gekirin!!,"Action, Adventure, Comedy, Fantasy, Kids",Special,1,3395
18935,7724,6,Shiki,"Mystery, Supernatural, Thriller, Vampire",TV,22,251093
72562,23775,-1,Shingeki no Kyojin Movie 1: Guren no Yumiya,"Action, Drama, Fantasy, Shounen, Super Power",Movie,1,31990
28252,30503,7,Noragami Aragoto,"Action, Adventure, Shounen, Supernatural",TV,13,299434
16260,502,8,Dragon Ball Movie 1: Shen Long no Densetsu,"Action, Adventure, Comedy, Fantasy, Shounen, Super Power",Movie,1,30279
58842,567,6,The Big O,"Action, Mecha, Mystery, Psychological, Sci-Fi",TV,26,45843
2810,442,7,Naruto Movie 1: Dai Katsugeki!! Yuki Hime Shinobu Houjou Dattebayo!,"Adventure, Comedy, Drama, Historical, Shounen, Supernatural",Movie,1,120571
32867,8769,-1,Ore no Imouto ga Konnani Kawaii Wake ga Nai,"Comedy, Seinen, Slice of Life",TV,12,321477
21760,3785,-1,Evangelion: 3.0 You Can (Not) Redo,"Action, Mecha, Sci-Fi",Movie,1,135318
72133,5719,7,Sex Pistols,"Comedy, Drama, Supernatural, Yaoi",OVA,2,15885
63109,174,6,Tenjou Tenge,"Action, Comedy, Ecchi, Martial Arts, School, Shounen, Super Power",TV,24,103449
53057,10737,7,A-Channel: +A-Channel,"Comedy, School, Seinen, Slice of Life",Special,11,12631
5287,817,7,Tactical Roar,"Comedy, Military, Romance, Sci-Fi",TV,13,6479
53333,5079,7,Kurokami The Animation,"Action, Martial Arts, Super Power",TV,23,72750
40871,431,-1,Howl no Ugoku Shiro,"Adventure, Drama, Fantasy, Romance",Movie,1,333186
39551,28825,9,Himouto! Umaru-chan,"Comedy, School, Seinen, Slice of Life",TV,12,158041
25324,395,8,Gantz 2nd Stage,"Action, Drama, Horror, Psychological, Sci-Fi, Supernatural",TV,13,87240
25891,30187,-1,Sakurako-san no Ashimoto ni wa Shitai ga Umatteiru,Mystery,TV,12,99665
25065,199,8,Sen to Chihiro no Kamikakushi,"Adventure, Drama, Supernatural",Movie,1,466254
4831,6783,6,ef: A Tale of Memories. - Recollections,"Drama, Mystery, Romance",Special,1,9125
25538,10162,10,Usagi Drop,"Josei, Slice of Life",TV,11,194855
19846,317,8,Final Fantasy VII: Advent Children,"Action, Fantasy, Super Power",Movie,1,138659
33516,32595,-1,Seisen Cerberus: Ryuukoku no Fatalités,"Adventure, Fantasy",TV,13,49394
51239,30831,9,Kono Subarashii Sekai ni Shukufuku wo!,"Adventure, Comedy, Fantasy, Supernatural",TV,10,244877
61509,1498,7,Black Blood Brothers,"Action, Comedy, Fantasy, Shounen, Supernatural, Vampire",TV,12,68626
31050,15451,-1,High School DxD New,"Action, Comedy, Demons, Ecchi, Harem, Romance, School",TV,12,266657
16041,14833,8,Maoyuu Maou Yuusha,"Adventure, Demons, Fantasy, Historical, Romance",TV,12,164445
32814,31559,7,Prince of Stride: Alternative,Sports,TV,12,79630
60114,11227,5,Rinne no Lagrange,"Action, Comedy, Mecha, Sci-Fi",TV,12,41486
45442,4725,9,Ga-Rei: Zero,"Action, Super Power, Supernatural, Thriller",TV,12,145102
66952,2986,9,Bamboo Blade,"Comedy, School, Seinen, Sports",TV,26,61649
15181,32094,7,Reikenzan: Hoshikuzu-tachi no Utage,"Comedy, Fantasy, Magic",TV,12,30153
22274,1117,10,Pokemon: Maboroshi no Pokemon Lugia Bakutan,"Adventure, Comedy, Drama, Fantasy, Kids",Movie,1,78876
24945,392,6,Yuu☆Yuu☆Hakusho,"Action, Comedy, Demons, Fantasy, Martial Arts, School, Shounen",TV,112,195017
39506,65,8,Rozen Maiden: Träumend,"Action, Comedy, Drama, Magic, Seinen",TV,12,72645
26235,15379,6,Kotoura-san,"Comedy, Drama, Romance, School",TV,12,123691
26370,13759,9,Sakurasou no Pet na Kanojo,"Comedy, Drama, Romance, School, Slice of Life",TV,24,380375
53246,2581,9,Mobile Suit Gundam 00,"Action, Drama, Mecha, Military, Sci-Fi, Space",TV,25,120351
65303,12823,7,Shakugan no Shana III (Final) Specials,"Comedy, Parody",Special,2,13494
32236,270,7,Hellsing,"Action, Horror, Seinen, Supernatural, Vampire",TV,13,308995
57674,10495,7,Yuru Yuri,"Comedy, School, Shoujo Ai, Slice of Life",TV,12,148140
54456,225,5,Dragon Ball GT,"Action, Adventure, Comedy, Fantasy, Magic, Sci-Fi, Shounen, Super Power",TV,64,226625
18364,11757,8,Sword Art Online,"Action, Adventure, Fantasy, Game, Romance",TV,25,893100
65496,4473,7,Shoujo Sect,"Comedy, Hentai, Romance, Yuri",OVA,3,16527
62635,20785,9,Mahouka Koukou no Rettousei,"Magic, Romance, School, Sci-Fi, Supernatural",TV,26,285317
36116,14345,-1,Btooom!,"Action, Psychological, Sci-Fi, Seinen",TV,12,329561
69604,18497,8,Yozakura Quartet: Hana no Uta,"Action, Comedy, Magic, Shounen, Super Power, Supernatural",TV,13,58245
51495,149,7,Loveless,"Action, Drama, Fantasy, Mystery, Romance, Shoujo, Shounen Ai, Supernatural",TV,12,85554
13887,22297,9,Fate/stay night: Unlimited Blade Works,"Action, Fantasy, Magic, Shounen, Supernatural",TV,12,267484
35682,31790,6,Active Raid: Kidou Kyoushuushitsu Dai Hachi Gakari,"Comedy, Mecha, Police, Sci-Fi",TV,12,37993
67758,5310,7,Macross F Movie 1: Itsuwari no Utahime,"Action, Mecha, Military, Music, Romance, Sci-Fi, Space",Movie,1,20637
4865,3503,7,Kanokon,"Comedy, Ecchi, Harem, Romance, School, Shounen, Slice of Life, Supernatural",TV,12,122288
60463,2025,8,Darker than Black: Kuro no Keiyakusha,"Action, Mystery, Sci-Fi, Super Power",TV,25,440334
44668,22319,8,Tokyo Ghoul,"Action, Drama, Horror, Mystery, Psychological, Seinen, Supernatural",TV,12,618056
70585,21797,9,Chuunibyou demo Koi ga Shitai! Ren Lite,"Comedy, School",ONA,6,31544
72566,2251,9,Baccano!,"Action, Comedy, Historical, Mystery, Seinen, Supernatural",TV,13,363215
68114,72,-1,Full Metal Panic? Fumoffu,"Action, Comedy, School",TV,12,171086
49787,512,7,Majo no Takkyuubin,"Adventure, Comedy, Drama, Fantasy, Magic, Romance",Movie,1,152331
23904,18095,7,Nourin,"Comedy, Ecchi, Romance, School",TV,12,76069
71222,93,8,Mobile Suit Gundam Seed,"Action, Drama, Mecha, Military, Romance, Sci-Fi, Space",TV,50,96973
1058,19221,10,"Ore no Nounai Sentakushi ga, Gakuen Love Comedy wo Zenryoku de Jama Shiteiru","Comedy, Romance, School",TV,10,179569
38949,10012,7,Carnival Phantasm,"Comedy, Parody, Supernatural",OVA,12,71976
33911,21405,-1,Bokura wa Minna Kawaisou,"Comedy, Romance, School, Slice of Life",TV,12,159793
20105,14967,-1,Boku wa Tomodachi ga Sukunai Next,"Comedy, Harem, Romance, School, Seinen, Slice of Life",TV,12,214319
18455,24781,-1,Imawa no Kuni no Alice (OVA),"Action, Psychological, Shounen, Supernatural, Thriller",OVA,3,18351
52377,4059,9,"Clannad: Mou Hitotsu no Sekai, Tomoyo-hen","Drama, Romance, School, Slice of Life",Special,1,160423
11867,20045,3,IS: Infinite Stratos 2 - Hitonatsu no Omoide,"Action, Comedy, Harem, Mecha, Sci-Fi",OVA,1,27030
57845,969,7,Tsubasa Chronicle 2nd Season,"Action, Adventure, Drama, Fantasy, Mystery, Romance, Shounen, Supernatural",TV,26,79166
41216,900,-1,Dragon Ball Z Movie 07: Kyokugen Battle!! Sandai Super Saiyajin,"Adventure, Comedy, Fantasy, Sci-Fi, Shounen",Movie,1,52690
63095,25159,6,Inou-Battle wa Nichijou-kei no Naka de,"Comedy, Romance, School, Slice of Life, Supernatural",TV,12,144370
71239,22961,8,Date A Live: Encore OVA,"Romance, Slice of Life",OVA,1,48432
20896,10578,7,C³,"Action, Comedy, Ecchi, School, Supernatural",TV,12,100425
19540,17513,5,Diabolik Lovers,"Harem, School, Shoujo, Vampire",TV,12,107960
16427,770,7,Pale Cocoon,"Drama, Sci-Fi",OVA,1,44030
848,6127,9,Toradora!: SOS!,Comedy,Special,4,54096
43696,578,10,Hotaru no Haka,"Drama, Historical",Movie,1,174878
47163,975,-1,Yokohama Kaidashi Kikou,"Sci-Fi, Seinen, Slice of Life",OVA,2,12389
51746,5150,8,Hatsukoi Limited,"Comedy, Romance, School, Shounen",TV,12,54796
28221,2418,7,Stranger: Mukou Hadan,"Action, Adventure, Historical, Samurai",Movie,1,125503
67030,14397,7,Chihayafuru 2,"Drama, Game, Josei, Slice of Life, Sports",TV,25,86074
6984,160,7,"Ima, Soko ni Iru Boku","Adventure, Drama, Fantasy, Military, Sci-Fi",TV,13,56839
28731,12669,8,Amagami SS+ Plus Specials,Romance,Special,6,17764
36543,10490,7,Blood-C,"Action, Horror, School, Supernatural, Vampire",TV,12,118553
6509,202,-1,Wolf&#039;s Rain,"Action, Adventure, Drama, Fantasy, Mystery, Sci-Fi",TV,26,171863
29093,6547,9,Angel Beats!,"Action, Comedy, Drama, School, Supernatural",TV,13,717796
28865,16890,7,Makai Ouji: Devils and Realist,"Comedy, Demons, Fantasy, Historical, Mystery, School, Shoujo, Supernatural",TV,12,59819
36111,5042,9,Kiss x Sis,"Comedy, Ecchi, Harem, Romance, School, Seinen",OVA,12,125614
50789,2476,9,School Days,"Drama, Harem, Romance, School",TV,12,279183
47077,9617,6,K-On! Movie,"Comedy, Music, Slice of Life",Movie,1,115252
67976,468,7,Ghost in the Shell 2: Innocence,"Mecha, Military, Police, Psychological, Sci-Fi",Movie,1,85714
40547,17895,9,Golden Time,"Comedy, Romance, Seinen",TV,24,273191
8820,857,10,Air Gear,"Action, Comedy, Ecchi, Shounen, Sports",TV,25,194611
25889,24873,5,Juuou Mujin no Fafnir,"Fantasy, Harem, Romance, School",TV,12,59544
73317,15085,6,Amnesia,"Fantasy, Josei, Mystery, Romance",TV,12,134349
41517,10209,7,Kore wa Zombie Desu ka? OVA,"Action, Comedy, Ecchi, Harem, Magic, Supernatural",OVA,2,73826
25996,31637,7,"Gate: Jieitai Kanochi nite, Kaku Tatakaeri 2nd Season","Action, Adventure, Fantasy, Military",TV,12,153501
68394,2593,8,Kara no Kyoukai 1: Fukan Fuukei,"Action, Mystery, Supernatural, Thriller",Movie,1,178880
618,1726,5,Devil May Cry,"Action, Demons, Fantasy",TV,12,166398
72172,460,7,One Piece Movie 2: Nejimaki-jima no Daibouken,"Action, Adventure, Comedy, Fantasy, Shounen, Super Power",Movie,1,37792
69514,127,-1,Gate Keepers,"Action, Comedy, Fantasy, Mecha, Sci-Fi, Shounen",TV,24,14582
39396,4938,-1,Tsubasa: Shunraiki,"Action, Adventure, Drama, Fantasy, Magic, Mystery, Romance, Shounen, Supernatural",OVA,2,40420
4561,14075,7,Zetsuen no Tempest,"Action, Drama, Fantasy, Magic, Mystery, Psychological, Shounen",TV,24,259900
1570,20423,9,Kamisama no Inai Nichiyoubi: Kioku,"Fantasy, Mystery",Special,1,18722
47057,853,-1,Ouran Koukou Host Club,"Comedy, Harem, Romance, School, Shoujo",TV,26,422271
16273,710,8,Rec,"Comedy, Drama, Romance",TV,9,68951
2188,45,7,Rurouni Kenshin: Meiji Kenkaku Romantan,"Action, Adventure, Comedy, Historical, Romance, Samurai",TV,94,218928
60365,13325,7,Crimson Girls: Chikan Shihai,Hentai,OVA,3,3292
27058,3848,8,"One Piece Movie 9: Episode of Chopper Plus - Fuyu ni Saku, Kiseki no Sakura","Action, Adventure, Comedy, Fantasy, Shounen, Super Power",Movie,1,29771
38963,67,-1,Basilisk: Kouga Ninpou Chou,"Action, Adventure, Fantasy, Historical, Romance, Samurai, Supernatural",TV,24,98144
26373,199,10,Sen to Chihiro no Kamikakushi,"Adventure, Drama, Supernatural",Movie,1,466254
69591,6213,-1,Toaru Kagaku no Railgun,"Action, Sci-Fi, Super Power",TV,24,231079
42259,28819,-1,Okusama ga Seitokaichou!,"Comedy, Ecchi, Romance, School, Shounen",TV,12,91241
40230,12695,10,Tight-rope,"Romance, Shounen Ai",OVA,2,18866
35036,18119,-1,Servant x Service,"Comedy, Slice of Life",TV,13,81037
51915,185,6,Initial D First Stage,"Action, Cars, Drama, Seinen, Sports",TV,26,68128
21598,31704,-1,One Punch Man: Road to Hero,"Action, Comedy, Parody, Sci-Fi, Seinen, Super Power, Supernatural",OVA,1,94839
46674,24,9,School Rumble,"Comedy, Romance, School, Shounen",TV,26,178553
53808,6182,7,Maihime,"Drama, Historical, Romance",OVA,1,1120
48019,12893,9,Danshi Koukousei no Nichijou Specials,"Comedy, School, Shounen, Slice of Life",Special,6,49891
28036,14663,-1,Queen&#039;s Blade Rebellion vs. Hagure Yuusha no Aesthetica,"Action, Ecchi, Fantasy",Special,1,8780
40717,4224,-1,Toradora!,"Comedy, Romance, School, Slice of Life",TV,25,633817
61189,1994,4,.hack//Tasogare no Udewa Densetsu: Offline de Aimashou,"Adventure, Comedy, Fantasy, Game, Sci-Fi",Special,1,8891
1847,10793,8,Guilty Crown,"Action, Drama, Sci-Fi, Super Power",TV,22,460959
22394,412,8,Kore ga Watashi no Goshujinsama,"Comedy, Ecchi, Slice of Life",TV,12,57646
68227,174,-1,Tenjou Tenge,"Action, Comedy, Ecchi, Martial Arts, School, Shounen, Super Power",TV,24,103449
29646,31964,8,Boku no Hero Academia,"Action, Comedy, School, Shounen, Super Power",TV,13,282002
48118,16417,8,Tamako Market,"Comedy, Slice of Life",TV,12,128529
40831,18277,9,Strike the Blood,"Action, Ecchi, Fantasy, Harem, School, Shounen, Supernatural, Vampire",TV,24,231387
45156,16405,8,Boku no Imouto wa &quot;Osaka Okan&quot;,Comedy,TV,12,12917
18668,22535,9,Kiseijuu: Sei no Kakuritsu,"Action, Drama, Horror, Psychological, Sci-Fi, Seinen",TV,24,425457
57581,20785,7,Mahouka Koukou no Rettousei,"Magic, Romance, School, Sci-Fi, Supernatural",TV,26,285317
41606,11759,9,Accel World,"Action, Game, Romance, School, Sci-Fi",TV,24,324284
62151,24439,5,Kekkai Sensen,"Action, Fantasy, Shounen, Super Power, Supernatural, Vampire",TV,12,220573
60206,1827,9,Seirei no Moribito,"Action, Adventure, Fantasy, Historical",TV,26,106888
70967,10793,7,Guilty Crown,"Action, Drama, Sci-Fi, Super Power",TV,22,460959
57253,11979,-1,Mahou Shoujo Madoka★Magica Movie 2: Eien no Monogatari,"Drama, Magic, Psychological, Thriller",Movie,1,85361
20533,1370,-1,Atama Yama,"Comedy, Dementia, Fantasy",Movie,1,4541
24281,7,-1,Witch Hunter Robin,"Action, Drama, Magic, Mystery, Police, Supernatural",TV,26,64905
37221,20507,9,Noragami,"Action, Adventure, Shounen, Supernatural",TV,12,515378
42449,1575,9,Code Geass: Hangyaku no Lelouch,"Action, Mecha, Military, School, Sci-Fi, Super Power",TV,25,715151
58135,5114,10,Fullmetal Alchemist: Brotherhood,"Action, Adventure, Drama, Fantasy, Magic, Military, Shounen",TV,64,793665
22154,6922,8,Fate/stay night Movie: Unlimited Blade Works,"Action, Fantasy, Magic, Supernatural",Movie,1,110983
61533,226,10,Elfen Lied,"Action, Drama, Horror, Psychological, Romance, Seinen, Supernatural",TV,13,623511
47501,3731,5,Itazura na Kiss,"Comedy, Romance, Shoujo",TV,25,136279
71735,5356,-1,Canaan,"Action, Seinen",TV,13,123217
72088,6213,6,Toaru Kagaku no Railgun,"Action, Sci-Fi, Super Power",TV,24,231079
28040,10030,10,Bakuman. 2nd Season,"Comedy, Drama, Romance, Shounen",TV,25,151561
26024,543,10,Vampire Hunter D (2000),"Action, Drama, Fantasy, Horror, Romance, Sci-Fi, Vampire",Movie,1,68229
22706,351,4,Ojamajo Doremi Sharp,"Comedy, Magic, Shoujo",TV,49,7878
72940,849,10,Suzumiya Haruhi no Yuuutsu,"Comedy, Mystery, Parody, School, Sci-Fi, Slice of Life",TV,14,428569
17440,80,8,Mobile Suit Gundam,"Action, Mecha, Military, Sci-Fi, Space",TV,43,51566
20542,12189,8,Hyouka,"Mystery, School, Slice of Life",TV,22,372246
36703,6045,8,Kimi ni Todoke,"Romance, School, Shoujo, Slice of Life",TV,25,309339
38078,4224,9,Toradora!,"Comedy, Romance, School, Slice of Life",TV,25,633817
55668,17729,8,Grisaia no Kajitsu,"Drama, Harem, Psychological, Romance, School",TV,13,178166
26259,1807,7,Prism Ark,"Action, Comedy, Drama, Fantasy, Magic",TV,12,16596
7827,1022,-1,Generator Gawl,"Action, Adventure, Comedy, Drama, Sci-Fi, Shounen",TV,12,5457
40536,11837,6,Zetman,"Action, Drama, Horror, Romance, Sci-Fi, Seinen, Supernatural",TV,13,65633
485,535,9,Slayers Next,"Adventure, Comedy, Demons, Fantasy, Magic",TV,26,39832
40876,10620,-1,Mirai Nikki (TV),"Action, Mystery, Psychological, Shounen, Supernatural, Thriller",TV,26,657190
29241,3652,7,Higurashi no Naku Koro ni Rei,"Comedy, Mystery, Psychological, Supernatural, Thriller",OVA,5,99463
11019,2899,8,Higurashi no Naku Koro ni Special: Nekogoroshi-hen,"Comedy, Mystery",Special,1,46415
35421,24781,9,Imawa no Kuni no Alice (OVA),"Action, Psychological, Shounen, Supernatural, Thriller",OVA,3,18351
7996,15809,10,Hataraku Maou-sama!,"Comedy, Demons, Fantasy, Romance, Shounen",TV,13,409037
14337,22687,2,Terra Formars,"Action, Drama, Horror, Sci-Fi, Seinen, Space",TV,13,95964
59643,5947,7,Tengen Toppa Gurren Lagann Movie: Lagann-hen Special - Viral no Amai Yume,Comedy,OVA,1,19219
58517,4192,7,Hayate no Gotoku!!,"Action, Comedy, Harem, Parody, Romance",TV,25,67323
67660,853,9,Ouran Koukou Host Club,"Comedy, Harem, Romance, School, Shoujo",TV,26,422271
35671,14741,9,Chuunibyou demo Koi ga Shitai!,"Comedy, Drama, Romance, School, Slice of Life",TV,12,394399
27587,11577,7,Steins;Gate Movie: Fuka Ryouiki no Déjà vu,"Sci-Fi, Thriller",Movie,1,192424
15299,4744,5,Akaneiro ni Somaru Saka,"Comedy, Harem, Romance, School",TV,12,91453
55173,4814,8,Junjou Romantica 2,"Comedy, Drama, Romance, Shounen Ai",TV,12,87617
18231,855,10,Strawberry Panic,"Drama, Romance, School, Shoujo Ai",TV,26,72790
17068,532,9,Bishoujo Senshi Sailor Moon S,"Drama, Magic, Romance, Shoujo",TV,38,66911
28104,9922,-1,Oretachi ni Tsubasa wa Nai: Under the Innocent Sky.,"Comedy, Drama, Ecchi, Harem, Romance",TV,12,52687
21347,270,9,Hellsing,"Action, Horror, Seinen, Supernatural, Vampire",TV,13,308995
23259,28819,7,Okusama ga Seitokaichou!,"Comedy, Ecchi, Romance, School, Shounen",TV,12,91241
5950,17643,-1,Little Busters!: Sekai no Saitou wa Ore ga Mamoru!,"Comedy, School, Slice of Life",OVA,1,17204
16765,11597,9,Nisemonogatari,"Comedy, Mystery, Supernatural",TV,11,260062
63686,10020,8,Ore no Imouto ga Konnani Kawaii Wake ga Nai Specials,"Comedy, Seinen, Slice of Life",ONA,4,101495
54116,241,7,Girls Bravo: First Season,"Comedy, Ecchi, Fantasy, Harem, Romance, School",TV,11,84395
31305,6702,-1,Fairy Tail,"Action, Adventure, Comedy, Fantasy, Magic, Shounen",TV,175,584590
55313,1589,-1,Bartender,"Drama, Seinen, Slice of Life",TV,11,44394
27820,10793,6,Guilty Crown,"Action, Drama, Sci-Fi, Super Power",TV,22,460959
20797,853,-1,Ouran Koukou Host Club,"Comedy, Harem, Romance, School, Shoujo",TV,26,422271
15746,17827,7,Daitoshokan no Hitsujikai,"Harem, Romance, School",TV,12,46874
43435,14719,6,JoJo no Kimyou na Bouken (TV),"Action, Adventure, Shounen, Supernatural, Vampire",TV,26,190197
8636,29101,10,Grisaia no Kajitsu Specials,Ecchi,Special,6,26747
27415,934,10,Higurashi no Naku Koro ni,"Horror, Mystery, Psychological, Supernatural, Thriller",TV,26,359494
47657,5028,8,Major S5,"Comedy, Drama, Romance, Sports",TV,25,28653
8473,2904,9,Code Geass: Hangyaku no Lelouch R2,"Action, Drama, Mecha, Military, Sci-Fi, Super Power",TV,25,572888
43993,10397,8,Mashiro-iro Symphony: The Color of Lovers,"Drama, Harem, Romance, School",TV,12,77284
21296,1015,9,Full Metal Panic! The Second Raid: Wari to Hima na Sentaichou no Ichinichi,Comedy,Special,1,51688
93,13055,6,Sankarea OVA,"Comedy, Ecchi, Horror, Romance, Shounen, Supernatural",OVA,2,51997
53744,3091,8,xxxHOLiC Kei,"Comedy, Drama, Mystery, Psychological, Supernatural",TV,13,74941
23465,161,4,Peace Maker Kurogane,"Action, Comedy, Historical, Samurai, Shounen",TV,24,35123
38333,30240,-1,Prison School,"Comedy, Ecchi, Romance, School, Seinen",TV,12,227734
40430,10578,8,C³,"Action, Comedy, Ecchi, School, Supernatural",TV,12,100425
35429,4181,-1,Clannad: After Story,"Drama, Fantasy, Romance, Slice of Life, Supernatural",TV,24,456749
28746,6862,5,K-On!: Live House!,"Comedy, Music, School, Slice of Life",Special,1,70787
40819,813,-1,Dragon Ball Z,"Action, Adventure, Comedy, Fantasy, Martial Arts, Shounen, Super Power",TV,291,375662
13710,21881,9,Sword Art Online II,"Action, Adventure, Fantasy, Game, Romance",TV,24,537892
44349,6633,7,Queen&#039;s Blade: Gyokuza wo Tsugu Mono,"Action, Adventure, Ecchi, Fantasy",TV,12,31256
28527,6793,8,Kuroshitsuji Special,"Comedy, Demons, Parody",Special,1,53706
57531,1732,4,Negima!? Natsu Special!?,"Comedy, Ecchi, Fantasy, Romance",OVA,1,12554
59352,507,6,Gravitation: Lyrics of Love,"Comedy, Romance, Shoujo, Shounen Ai",OVA,2,22015
65836,32485,6,Prison School OVA,"Comedy, Ecchi, Romance, School, Seinen",OVA,1,30887
15955,9989,10,Ano Hi Mita Hana no Namae wo Bokutachi wa Mada Shiranai.,"Drama, Slice of Life, Supernatural",TV,11,463835
68956,11757,8,Sword Art Online,"Action, Adventure, Fantasy, Game, Romance",TV,25,893100
15374,8532,-1,Katekyo Hitman Reborn! Special,"Comedy, Shounen",ONA,1,19991
1289,891,6,Dragon Ball Movie 2: Majinjou no Nemuri Hime,"Action, Adventure, Comedy, Fantasy, Sci-Fi, Shounen, Super Power",Movie,1,27194
2873,17895,10,Golden Time,"Comedy, Romance, Seinen",TV,24,273191
48559,597,7,Neko no Ongaeshi,"Adventure, Drama, Fantasy",Movie,1,92499
26143,27525,-1,Fate/kaleid liner Prisma☆Illya 2wei Herz!,"Action, Comedy, Fantasy, Magic, Slice of Life",TV,10,42499
6006,5118,7,Suzumiya Haruhi-chan no Yuuutsu,"Comedy, Parody",ONA,25,70416
34213,431,-1,Howl no Ugoku Shiro,"Adventure, Drama, Fantasy, Romance",Movie,1,333186
4459,2251,-1,Baccano!,"Action, Comedy, Historical, Mystery, Seinen, Supernatural",TV,13,363215
25502,761,4,Naruto: Akaki Yotsuba no Clover wo Sagase,"Adventure, Comedy, Shounen",Special,1,47587
54011,249,7,InuYasha,"Action, Adventure, Comedy, Demons, Fantasy, Magic, Romance, Shounen, Supernatural",TV,167,281632
32799,1210,7,NHK ni Youkoso!,"Comedy, Drama, Psychological, Romance",TV,24,291228
66309,20,7,Naruto,"Action, Comedy, Martial Arts, Shounen, Super Power",TV,220,683297
72769,6211,-1,Tokyo Magnitude 8.0,Drama,TV,11,121349
16823,591,5,Amaenaide yo!!,"Comedy, Ecchi, Harem, Romance, Supernatural",TV,12,48939
32376,777,8,Hellsing Ultimate,"Action, Horror, Military, Seinen, Supernatural, Vampire",OVA,10,297454
50110,31706,-1,Fate/kaleid liner Prisma☆Illya 3rei!!,"Action, Comedy, Fantasy, Magic",TV,12,30457
34364,8525,8,Kami nomi zo Shiru Sekai,"Comedy, Harem, Romance, Shounen, Supernatural",TV,12,284846
6055,12231,9,Dragon Ball: Episode of Bardock,"Action, Adventure, Comedy, Fantasy, Martial Arts, Sci-Fi, Shounen, Super Power",Special,1,29030
58343,14765,-1,Ixion Saga DT,"Action, Comedy, Fantasy",TV,25,52569
21108,2001,-1,Tengen Toppa Gurren Lagann,"Action, Adventure, Comedy, Mecha, Sci-Fi",TV,27,562962
11462,27,8,Trinity Blood,"Action, Supernatural, Vampire",TV,24,113791
36828,6377,10,Zan Sayonara Zetsubou Sensei,"Comedy, Parody, School",TV,13,55402
4991,512,9,Majo no Takkyuubin,"Adventure, Comedy, Drama, Fantasy, Magic, Romance",Movie,1,152331
30062,11021,10,Muv-Luv Alternative: Total Eclipse,"Action, Mecha, Military, Sci-Fi",TV,24,55531
61841,13599,9,Robotics;Notes,"Drama, Mystery, School, Sci-Fi",TV,22,107304
54234,1074,7,Naruto Narutimate Hero 3: Tsuini Gekitotsu! Jounin vs. Genin!! Musabetsu Dairansen taikai Kaisai!!,"Adventure, Comedy, Game, Shounen",OVA,1,45188
15236,14289,7,Sukitte Ii na yo.,"Romance, School, Shoujo",TV,13,233410
35717,31978,8,Crayon Shin-chan Movie 24: Bakusui! Yumemi World Dai Totsugeki,"Comedy, Kids, Shounen",Movie,1,320
61696,24,6,School Rumble,"Comedy, Romance, School, Shounen",TV,26,178553
66247,8074,-1,Highschool of the Dead,"Action, Ecchi, Horror, Supernatural",TV,12,535892
29701,3270,-1,IGPX: Immortal Grand Prix (2005),"Drama, Mecha, Sci-Fi, Shounen, Sports",TV,13,11386
36545,1559,-1,Shijou Saikyou no Deshi Kenichi,"Action, Comedy, Martial Arts, School, Shounen",TV,50,129112
48766,23837,-1,Meisou! Underworld,"Action, Supernatural, Thriller",ONA,1,1456
38333,22265,-1,Free!: Eternal Summer,"Comedy, School, Slice of Life, Sports",TV,13,150596
59922,1519,9,Black Lagoon: The Second Barrage,"Action, Seinen",TV,12,203233
54483,376,7,Elfen Lied Special,"Drama, Ecchi, Horror, Psychological, Supernatural",Special,1,116129
61688,1034,8,Ouritsu Uchuugun: Honneamise no Tsubasa,"Action, Drama, Military, Sci-Fi, Space",Movie,1,18469
16362,182,7,Tenkuu no Escaflowne,"Adventure, Fantasy, Mecha, Romance, Shoujo",TV,26,83437
42760,25157,8,Trinity Seven,"Action, Comedy, Ecchi, Fantasy, Harem, Magic, Romance, School, Shounen, Supernatural",TV,12,208796
6569,24175,6,Nozo x Kimi,"Comedy, Ecchi, Romance, School, Shounen",OVA,3,13526
19228,15809,-1,Hataraku Maou-sama!,"Comedy, Demons, Fantasy, Romance, Shounen",TV,13,409037
7042,1361,7,Final Fantasy: The Spirits Within,Sci-Fi,Movie,1,53822
7446,417,7,Ragnarök the Animation,"Action, Fantasy, Magic",TV,26,32711
51664,10798,9,UN-GO,"Mystery, Supernatural",TV,11,84499
27847,6347,7,Baka to Test to Shoukanjuu,"Comedy, Romance, School, Super Power",TV,13,301282
9243,9213,7,Kowarekake no Orgel,"Drama, Music, Sci-Fi, Slice of Life",OVA,1,24876
51252,3731,8,Itazura na Kiss,"Comedy, Romance, Shoujo",TV,25,136279
51938,578,7,Hotaru no Haka,"Drama, Historical",Movie,1,174878
22636,6880,7,Deadman Wonderland,"Action, Horror, Sci-Fi",TV,12,453454
35523,419,-1,Samurai Deeper Kyou,"Adventure, Comedy, Historical, Shounen, Supernatural",TV,26,38580
73103,10030,10,Bakuman. 2nd Season,"Comedy, Drama, Romance, Shounen",TV,25,151561
12164,22319,9,Tokyo Ghoul,"Action, Drama, Horror, Mystery, Psychological, Seinen, Supernatural",TV,12,618056
3391,6922,-1,Fate/stay night Movie: Unlimited Blade Works,"Action, Fantasy, Magic, Supernatural",Movie,1,110983
60938,11843,8,Danshi Koukousei no Nichijou,"Comedy, School, Shounen, Slice of Life",TV,12,258914
47456,16706,8,Kami nomi zo Shiru Sekai: Megami-hen,"Comedy, Harem, Romance, Shounen, Supernatural",TV,12,142612
6779,1866,5,Seirei Tsukai,"Action, Adventure, Fantasy, Magic, Romance, Shounen, Supernatural",Movie,1,1693
57196,779,7,Detective Conan Movie 01: The Timed Skyscraper,"Adventure, Comedy, Mystery, Police, Shounen",Movie,1,28947
15398,10260,-1,Eiyuu Densetsu: Sora no Kiseki The Animation,"Action, Adventure, Fantasy",OVA,2,9730
19898,2983,-1,Digital Devil Story: Megami Tensei,"Adventure, Demons, Drama, Fantasy, Horror, Mystery, Psychological, School, Supernatural",OVA,1,2660
23153,10161,10,No.6,"Action, Sci-Fi",TV,11,168017
63102,13125,5,Shinsekai yori,"Drama, Horror, Mystery, Sci-Fi, Supernatural",TV,25,288376
72794,10080,-1,Kami nomi zo Shiru Sekai II,"Comedy, Harem, Romance, Shounen, Supernatural",TV,12,194300
66185,4999,7,Asu no Yoichi!,"Comedy, Ecchi, Harem, Martial Arts, Romance, Shounen",TV,12,110748
73353,226,9,Elfen Lied,"Action, Drama, Horror, Psychological, Romance, Seinen, Supernatural",TV,13,623511
7954,464,8,One Piece Movie 6: Omatsuri Danshaku to Himitsu no Shima,"Adventure, Comedy, Fantasy, Shounen",Movie,1,37792
30822,9367,-1,Freezing,"Action, Drama, Ecchi, Harem, Martial Arts, Romance, Sci-Fi, Seinen",TV,12,159273
26951,6811,9,InuYasha: Kanketsu-hen,"Action, Adventure, Comedy, Demons, Fantasy, Magic, Romance, Shounen, Supernatural",TV,26,99128
3291,18245,8,White Album 2,"Drama, Music, Romance, Slice of Life",TV,13,91075
7520,10357,7,Jinrui wa Suitai Shimashita,"Comedy, Fantasy, Seinen",TV,12,89373
33345,11887,8,Kokoro Connect,"Comedy, Drama, Romance, School, Slice of Life, Supernatural",TV,13,283847
1062,10790,4,Kore wa Zombie Desu ka? of the Dead,"Action, Comedy, Ecchi, Harem, Magic, Supernatural",TV,10,180032
46256,28155,6,Yoru no Yatterman,"Action, Adventure, Comedy, Drama",TV,12,22662
46561,14467,10,K,"Action, Super Power, Supernatural",TV,13,297051
5868,4722,10,Skip Beat!,"Comedy, Drama, Romance, Shoujo",TV,25,134818
33269,5909,7,Seitokai no Ichizon,"Comedy, Harem, Parody, School",TV,12,110470
68290,22535,-1,Kiseijuu: Sei no Kakuritsu,"Action, Drama, Horror, Psychological, Sci-Fi, Seinen",TV,24,425457
16580,11771,7,Kuroko no Basket,"Comedy, School, Shounen, Sports",TV,25,338315
2586,65,9,Rozen Maiden: Träumend,"Action, Comedy, Drama, Magic, Seinen",TV,12,72645
16077,18153,7,Kyoukai no Kanata,"Fantasy, Slice of Life, Supernatural",TV,12,359011
8161,7,9,Witch Hunter Robin,"Action, Drama, Magic, Mystery, Police, Supernatural",TV,26,64905
73234,7375,7,Shakugan no Shana S Specials,"Comedy, Parody",Special,4,18190
73495,57,8,Beck,"Comedy, Drama, Music, Shounen, Slice of Life",TV,26,148328
40902,437,7,Perfect Blue,"Dementia, Drama, Horror, Psychological",Movie,1,117565
8048,73,6,Full Metal Panic! The Second Raid,"Action, Mecha, Military",TV,13,155340
65729,2766,7,Super Doll Licca-chan,"Adventure, Comedy, Magic",TV,52,1826
3193,294,7,Divergence Eve,"Adventure, Comedy, Drama, Mecha, Military, Sci-Fi, Space",TV,13,7833
60889,1889,-1,Higurashi no Naku Koro ni Kai,"Mystery, Psychological, Supernatural, Thriller",TV,24,218101
31656,15583,-1,Date A Live,"Comedy, Harem, Mecha, Romance, School, Sci-Fi",TV,12,301358
54452,10163,6,C: The Money of Soul and Possibility Control,"Action, Mystery, Super Power, Thriller",TV,11,156853
8425,17909,-1,Uchouten Kazoku,"Comedy, Drama, Fantasy, Slice of Life",TV,13,64897
72281,23321,6,Log Horizon 2nd Season,"Action, Adventure, Fantasy, Game, Magic, Shounen",TV,25,215817
14099,23289,9,Gekkan Shoujo Nozaki-kun,"Comedy, Romance, School",TV,12,292622
69421,25835,-1,Shirobako,"Comedy, Drama",TV,24,146895
14580,6675,-1,Redline,"Action, Cars, Sci-Fi, Sports",Movie,1,109392
61061,13599,6,Robotics;Notes,"Drama, Mystery, School, Sci-Fi",TV,22,107304
48204,121,7,Fullmetal Alchemist,"Action, Adventure, Comedy, Drama, Fantasy, Magic, Military, Shounen",TV,51,600384
27779,32093,8,Tanaka-kun wa Itsumo Kedaruge,"Comedy, School, Slice of Life",TV,12,101335
8494,978,-1,Change!! Getter Robo: Sekai Saigo no Hi,"Action, Adventure, Horror, Mecha, Psychological, Sci-Fi, Shounen",OVA,13,5606
4988,3015,-1,Ginga Eiyuu Densetsu Gaiden: Ougon no Tsubasa,"Action, Drama, Military, Sci-Fi, Shounen, Space",Movie,1,6579
51143,46,-1,Rurouni Kenshin: Meiji Kenkaku Romantan - Ishinshishi e no Chinkonka,"Drama, Historical, Samurai, Shounen",Movie,1,33191
12834,10087,-1,Fate/Zero,"Action, Fantasy, Supernatural",TV,13,453630
47888,3352,10,Tengen Toppa Gurren Lagann: Mitee Mono wa Miteen da!!,"Action, Adventure, Comedy, Mecha, Sci-Fi",Special,1,24618
53698,4842,5,Doukyuusei 2 (OVA),Hentai,OVA,12,642
38106,17082,5,Aiura,"Comedy, School, Shounen, Slice of Life",TV,12,43737
57918,2025,10,Darker than Black: Kuro no Keiyakusha,"Action, Mystery, Sci-Fi, Super Power",TV,25,440334
54698,411,8,Gun x Sword,"Action, Adventure, Drama, Mecha, Sci-Fi, Shounen",TV,26,45921
56288,11553,9,Toradora!: Bentou no Gokui,"Comedy, Romance, School, Slice of Life",Special,1,71433
21832,801,8,Ghost in the Shell: Stand Alone Complex 2nd GIG,"Action, Mecha, Military, Mystery, Police, Sci-Fi, Seinen",TV,26,113993
7648,32182,9,Mob Psycho 100,"Action, Comedy, Slice of Life, Supernatural",TV,12,193716
31251,11977,-1,Mahou Shoujo Madoka★Magica Movie 1: Hajimari no Monogatari,"Drama, Magic, Psychological, Thriller",Movie,1,88164
51141,4066,6,Tytania,"Adventure, Military, Psychological, Romance, Sci-Fi, Space",TV,26,13363
36372,2859,10,Ikusa Otome Valkyrie Shinshou,Hentai,OVA,2,2004
38670,8937,7,Toaru Majutsu no Index II,"Action, Magic, Sci-Fi, Super Power",TV,24,184520
56815,269,9,Bleach,"Action, Comedy, Shounen, Super Power, Supernatural",TV,366,624055
59245,6610,7,Ibara no Ou,"Action, Mystery, Sci-Fi, Thriller",Movie,1,38670
49412,1066,6,Shakugan no Shana Specials,"Comedy, Parody",Special,4,27261
24515,1366,9,Detective Conan Movie 07: Crossroad in the Ancient Capital,"Adventure, Comedy, Mystery, Police, Shounen",Movie,1,21729
65125,17895,8,Golden Time,"Comedy, Romance, Seinen",TV,24,273191
22869,2923,5,Shugo Chara!,"Comedy, Magic, School, Shoujo",TV,51,121108
45772,1011,-1,Ranma ½ Super,"Adventure, Comedy, Martial Arts, Romance, Shounen, Supernatural",OVA,3,9936
53409,355,9,Shakugan no Shana,"Action, Drama, Fantasy, Romance, School, Supernatural",TV,24,297058
17281,4081,-1,Natsume Yuujinchou,"Drama, Fantasy, Shoujo, Slice of Life, Supernatural",TV,13,210736
21595,6115,7,Lupin III vs. Detective Conan,"Action, Adventure, Comedy, Mystery, Shounen",Special,1,15220
42985,4063,8,Sekirei,"Action, Comedy, Ecchi, Harem, Super Power",TV,12,182713
58631,4814,8,Junjou Romantica 2,"Comedy, Drama, Romance, Shounen Ai",TV,12,87617
62346,7724,-1,Shiki,"Mystery, Supernatural, Thriller, Vampire",TV,22,251093
23968,1818,8,Claymore,"Action, Adventure, Demons, Fantasy, Shounen, Super Power, Supernatural",TV,26,316853
15120,26443,5,Triage X,"Action, Adventure, Ecchi, Shounen",TV,10,59632
71964,1699,10,Romeo x Juliet,"Drama, Fantasy, Historical, Romance",TV,24,91530
14752,14353,8,Death Billiards,"Drama, Game, Mystery, Psychological, Thriller",Movie,1,95690
10253,450,-1,InuYasha: Kagami no Naka no Mugenjo,"Adventure, Demons, Drama, Fantasy, Historical, Romance, Shounen, Supernatural",Movie,1,54854
5262,27,7,Trinity Blood,"Action, Supernatural, Vampire",TV,24,113791
16742,10572,8,Ro-Kyu-Bu!,"Comedy, Ecchi, School, Sports",TV,12,46940
46279,1686,-1,Bleach Movie 1: Memories of Nobody,"Action, Adventure, Super Power",Movie,1,151598
70844,3455,8,To LOVE-Ru,"Comedy, Ecchi, Harem, Romance, School, Sci-Fi",TV,26,237563
51397,2594,9,Piano no Mori,"Adventure, Comedy, Drama, Music, School, Seinen",Movie,1,24278
28067,2106,6,Kiss Dum: Engage Planet,"Mecha, Military, Sci-Fi",TV,26,6658
44035,31326,-1,High School DxD BorN: Ishibumi Ichiei Kanzen Kanshuu! Mousou Bakuyou Kaijo Original Video,"Comedy, Ecchi",Special,6,18288
4468,3655,6,Nabari no Ou,"Action, Comedy, Drama, Fantasy, Shounen, Supernatural",TV,26,107384
32691,9756,10,Mahou Shoujo Madoka★Magica,"Drama, Magic, Psychological, Thriller",TV,12,462974
72953,14289,7,Sukitte Ii na yo.,"Romance, School, Shoujo",TV,13,233410
18700,5530,8,Pandora Hearts,"Adventure, Fantasy, Mystery, Shounen, Supernatural",TV,25,229567
54320,11785,-1,Haiyore! Nyaruko-san,"Comedy, Parody, Sci-Fi",TV,12,154595
14875,199,8,Sen to Chihiro no Kamikakushi,"Adventure, Drama, Supernatural",Movie,1,466254
69426,2251,6,Baccano!,"Action, Comedy, Historical, Mystery, Seinen, Supernatural",TV,13,363215
52669,8516,6,Baka to Test to Shoukanjuu Ni!,"Comedy, Romance, School, Super Power",TV,13,183722
50720,855,9,Strawberry Panic,"Drama, Romance, School, Shoujo Ai",TV,26,72790
2472,18893,-1,Aoki Hagane no Arpeggio: Ars Nova,"Action, Sci-Fi, Seinen",TV,12,84708
59758,2944,4,Seisai,"Dementia, Fantasy, Hentai, Horror",OVA,2,1729
56738,2899,8,Higurashi no Naku Koro ni Special: Nekogoroshi-hen,"Comedy, Mystery",Special,1,46415
687,4835,-1,Bleach Movie 3: Fade to Black - Kimi no Na wo Yobu,"Action, Comedy, Shounen, Super Power, Supernatural",Movie,1,122373
23972,2952,9,Final Fantasy VII: Advent Children Complete,"Action, Fantasy, Super Power",OVA,1,77111
23157,891,7,Dragon Ball Movie 2: Majinjou no Nemuri Hime,"Action, Adventure, Comedy, Fantasy, Sci-Fi, Shounen, Super Power",Movie,1,27194
68477,30187,7,Sakurako-san no Ashimoto ni wa Shitai ga Umatteiru,Mystery,TV,12,99665
68315,13843,7,Wild Adapter,"Action, Drama, Mystery, Shoujo",OVA,2,5196
14642,6547,10,Angel Beats!,"Action, Comedy, Drama, School, Supernatural",TV,13,717796
21867,28725,9,Kokoro ga Sakebitagatterunda.,"Drama, Romance, School",Movie,1,59652
22376,886,6,Amaenaide yo!! Katsu!!,"Comedy, Ecchi, Harem, Romance, Supernatural",TV,12,33573
47177,30544,-1,Gakusen Toshi Asterisk,"Action, Comedy, Ecchi, Fantasy, Harem, Romance, School, Sci-Fi, Supernatural",TV,12,168657
71250,18689,8,Diamond no Ace,"Comedy, School, Shounen, Sports",TV,75,81384
7850,6203,6,Sasameki Koto,"Comedy, Romance, School, Shoujo Ai",TV,13,34297
953,225,-1,Dragon Ball GT,"Action, Adventure, Comedy, Fantasy, Magic, Sci-Fi, Shounen, Super Power",TV,64,226625
13642,4181,10,Clannad: After Story,"Drama, Fantasy, Romance, Slice of Life, Supernatural",TV,24,456749
51719,209,7,R.O.D the TV,"Action, Adventure, Comedy, Drama, Sci-Fi, Super Power",TV,26,47053
9544,28121,9,Dungeon ni Deai wo Motomeru no wa Machigatteiru Darou ka,"Action, Adventure, Comedy, Fantasy, Romance",TV,13,336349
27544,14467,6,K,"Action, Super Power, Supernatural",TV,13,297051
6801,3210,6,Ikoku Irokoi Romantan,"Comedy, Romance, Yaoi",OVA,2,24223
63391,123,7,Fushigi Yuugi,"Adventure, Comedy, Drama, Fantasy, Historical, Magic, Martial Arts, Romance, Shoujo",TV,52,61622
66211,241,5,Girls Bravo: First Season,"Comedy, Ecchi, Fantasy, Harem, Romance, School",TV,11,84395
55319,30709,8,Kamisama Hajimemashita: Kako-hen,"Comedy, Demons, Fantasy, Shoujo, Supernatural",OVA,4,33422
5120,4999,9,Asu no Yoichi!,"Comedy, Ecchi, Harem, Martial Arts, Romance, Shounen",TV,12,110748
42719,30321,8,Strike the Blood: Valkyria no Oukoku-hen,"Action, Ecchi, Fantasy, School, Shounen, Supernatural, Vampire",OVA,2,29176
51693,16508,5,Ebiten: Kouritsu Ebisugawa Koukou Tenmonbu Specials,"Comedy, Ecchi, Parody, School, Shounen",Special,5,2744
68333,30276,-1,One Punch Man,"Action, Comedy, Parody, Sci-Fi, Seinen, Super Power, Supernatural",TV,12,552458
16950,59,8,Chobits,"Comedy, Drama, Ecchi, Romance, Sci-Fi, Seinen",TV,26,266846
55313,4725,9,Ga-Rei: Zero,"Action, Super Power, Supernatural, Thriller",TV,12,145102
43044,4059,9,"Clannad: Mou Hitotsu no Sekai, Tomoyo-hen","Drama, Romance, School, Slice of Life",Special,1,160423
7887,889,8,Black Lagoon,"Action, Seinen",TV,12,332562
17113,7674,8,Bakuman.,"Comedy, Romance, Shounen",TV,25,246899
67979,228,-1,Jigoku Shoujo,"Horror, Mystery, Psychological, Supernatural",TV,26,172415
6869,21031,5,Precure All Stars Movie New Stage 3: Eien no Tomodachi,"Kids, Magic, Shoujo",Movie,1,1570
56919,199,8,Sen to Chihiro no Kamikakushi,"Adventure, Drama, Supernatural",Movie,1,466254
10365,71,10,Full Metal Panic!,"Action, Comedy, Mecha, Military, Sci-Fi",TV,24,256325
45089,22729,7,Aldnoah.Zero,"Action, Mecha, Sci-Fi",TV,12,244193
72826,1210,10,NHK ni Youkoso!,"Comedy, Drama, Psychological, Romance",TV,24,291228
36099,15583,9,Date A Live,"Comedy, Harem, Mecha, Romance, School, Sci-Fi",TV,12,301358
30777,464,8,One Piece Movie 6: Omatsuri Danshaku to Himitsu no Shima,"Adventure, Comedy, Fantasy, Shounen",Movie,1,37792
27251,6547,9,Angel Beats!,"Action, Comedy, Drama, School, Supernatural",TV,13,717796
55745,20507,-1,Noragami,"Action, Adventure, Shounen, Supernatural",TV,12,515378
54964,1535,9,Death Note,"Mystery, Police, Psychological, Supernatural, Thriller",TV,37,1013917
22461,66,8,Azumanga Daioh,"Comedy, School, Slice of Life",TV,26,170901
54868,3225,9,Minami-ke Okawari,"Comedy, School, Slice of Life",TV,13,50837
54727,24629,8,Koufuku Graffiti,"Comedy, Seinen, Slice of Life",TV,12,46093
72846,23269,10,Hello!! Kiniro Mosaic,"Comedy, School, Slice of Life",TV,12,33295
48602,120,10,Fruits Basket,"Comedy, Drama, Fantasy, Romance, Shoujo, Slice of Life",TV,26,242553
65309,4437,8,Naruto: Shippuuden Movie 2 - Kizuna,"Action, Martial Arts, Shounen, Supernatural",Movie,1,97818
4025,16498,6,Shingeki no Kyojin,"Action, Drama, Fantasy, Shounen, Super Power",TV,25,896229
45818,11617,-1,High School DxD,"Comedy, Demons, Ecchi, Harem, Romance, School",TV,12,398660
14700,9000,-1,Toaru Hikuushi e no Tsuioku,"Adventure, Military, Romance",Movie,1,28857
56339,9479,10,Coppelion,"Action, Sci-Fi, Seinen",TV,13,76291
12461,3784,-1,Evangelion: 2.0 You Can (Not) Advance,"Action, Mecha, Sci-Fi",Movie,1,182224
7729,934,10,Higurashi no Naku Koro ni,"Horror, Mystery, Psychological, Supernatural, Thriller",TV,26,359494
31394,28121,6,Dungeon ni Deai wo Motomeru no wa Machigatteiru Darou ka,"Action, Adventure, Comedy, Fantasy, Romance",TV,13,336349
43053,33241,8,Honobono Log,"Romance, Slice of Life",TV,10,9053
58439,1010,-1,Ranma ½: Chou Musabetsu Kessen! Ranma Team vs. Densetsu no Houou,"Action, Adventure, Comedy, Martial Arts, Shounen, Supernatural",Movie,1,9597
39880,6773,7,Shakugan no Shana III (Final),"Action, Drama, Fantasy, Romance, Supernatural",TV,24,133010
26469,19,10,Monster,"Drama, Horror, Mystery, Police, Psychological, Seinen, Thriller",TV,74,247562
26025,8795,7,Panty &amp; Stocking with Garterbelt,"Action, Comedy, Ecchi, Parody, Supernatural",TV,13,157642
9578,61,-1,D.N.Angel,"Action, Comedy, Fantasy, Magic, Romance, School, Shoujo",TV,26,126914
34678,16668,-1,Kakumeiki Valvrave,"Action, Mecha, Space",TV,12,96718
38240,20431,9,Hoozuki no Reitetsu,"Comedy, Fantasy, Supernatural",TV,13,47619
35417,412,-1,Kore ga Watashi no Goshujinsama,"Comedy, Ecchi, Slice of Life",TV,12,57646
67301,2428,6,Tanpen Unico: Kuroi Kumo to Shiroi Hane,"Adventure, Fantasy, Kids",Movie,1,699
51164,31964,-1,Boku no Hero Academia,"Action, Comedy, School, Shounen, Super Power",TV,13,282002
41990,30714,-1,Owari no Seraph: Owaranai Seraph,"Comedy, Police, Shounen, Supernatural, Vampire",Special,9,22823
11273,9756,10,Mahou Shoujo Madoka★Magica,"Drama, Magic, Psychological, Thriller",TV,12,462974
20364,9982,-1,Fairy Tail OVA,"Comedy, Ecchi, Fantasy, Magic, Shounen",OVA,5,83421
67771,13429,7,Sakasama no Patema: Beginning of the Day,Sci-Fi,Special,4,16933
7968,421,7,Stratos 4,"Comedy, Military, Sci-Fi, Shounen",TV,13,6909
35020,5549,3,Dengeki Oshioki Musume Gootaman R: Ai to Kanashimi no Final Battle,"Action, Comedy, Ecchi, Parody",OVA,1,1258
39446,27787,7,Nisekoi:,"Comedy, Harem, Romance, School, Shounen",TV,12,180686
3956,5667,8,To LOVE-Ru OVA,"Comedy, Ecchi, Harem, School, Sci-Fi, Shounen",OVA,6,79923
52015,248,-1,Ichigo 100%,"Comedy, Ecchi, Harem, Romance, Shounen",TV,12,67310
57646,120,8,Fruits Basket,"Comedy, Drama, Fantasy, Romance, Shoujo, Slice of Life",TV,26,242553
1968,16742,5,Watashi ga Motenai no wa Dou Kangaetemo Omaera ga Warui!,"Comedy, School, Shounen, Slice of Life",TV,12,257925
25387,8516,7,Baka to Test to Shoukanjuu Ni!,"Comedy, Romance, School, Super Power",TV,13,183722
17944,1296,7,Project A-Ko 2: Daitokuji Zaibatsu no Inbou,"Action, Comedy, Mecha, Sci-Fi, Super Power",OVA,1,2876
10032,2403,8,Kodomo no Jikan (TV),"Comedy, Ecchi, School",TV,12,63348
25258,210,9,Ranma ½,"Comedy, Fantasy, Martial Arts, Slice of Life",TV,161,105212
13222,13469,-1,Hyouka: Motsubeki Mono wa,Slice of Life,OVA,1,68823
67916,10372,8,Kamisama Dolls,"Action, Seinen, Supernatural",TV,13,47665
24611,44,10,Rurouni Kenshin: Meiji Kenkaku Romantan - Tsuioku-hen,"Action, Drama, Historical, Martial Arts, Romance, Samurai",OVA,4,129307
6770,3012,7,Gekitou! Crush Gear Turbo,"Shounen, Sports",TV,68,2998
2036,18245,9,White Album 2,"Drama, Music, Romance, Slice of Life",TV,13,91075
49633,23283,9,Zankyou no Terror,"Psychological, Thriller",TV,11,342893
53709,417,10,Ragnarök the Animation,"Action, Fantasy, Magic",TV,26,32711
45392,7054,10,Kaichou wa Maid-sama!,"Comedy, Romance, School, Shoujo",TV,26,391628
67343,9065,-1,Hakuouki Hekketsuroku,"Action, Drama, Historical, Josei, Samurai, Supernatural",TV,10,49771
21383,356,8,Fate/stay night,"Action, Fantasy, Magic, Romance, Supernatural",TV,24,374880
50202,4657,6,Arad Senki: Slap Up Party,"Action, Adventure, Comedy, Fantasy",TV,26,10698
17217,7695,6,Pokemon Diamond &amp; Pearl: Genei no Hasha Zoroark,"Action, Adventure, Fantasy, Kids",Movie,1,24575
53407,13667,-1,Naruto: Shippuuden Movie 6 - Road to Ninja,"Action, Adventure, Martial Arts, Shounen, Super Power",Movie,1,87369
26234,5277,-1,Sekirei: Pure Engagement,"Action, Comedy, Ecchi, Harem, Super Power",TV,13,113911
22434,2167,10,Clannad,"Comedy, Drama, Romance, School, Slice of Life, Supernatural",TV,23,566690
45889,13601,8,Psycho-Pass,"Action, Police, Psychological, Sci-Fi",TV,22,509109
49345,3349,-1,Kiddy GiRL-AND,"Action, Comedy, Sci-Fi, Super Power",TV,24,13368
9631,2251,9,Baccano!,"Action, Comedy, Historical, Mystery, Seinen, Supernatural",TV,13,363215
47098,32182,9,Mob Psycho 100,"Action, Comedy, Slice of Life, Supernatural",TV,12,193716
49192,31173,8,Akagami no Shirayuki-hime 2nd Season,"Drama, Fantasy, Romance, Shoujo",TV,12,80862
33829,25397,8,Absolute Duo,"Action, Ecchi, Harem, Romance, School, Supernatural",TV,12,168811
22378,777,9,Hellsing Ultimate,"Action, Horror, Military, Seinen, Supernatural, Vampire",OVA,10,297454
59367,512,9,Majo no Takkyuubin,"Adventure, Comedy, Drama, Fantasy, Magic, Romance",Movie,1,152331
56419,7148,-1,Ladies versus Butlers!,"Comedy, Ecchi, Harem, Romance, School, Seinen",TV,12,94820
40176,9919,10,Ao no Exorcist,"Action, Demons, Fantasy, Shounen, Supernatural",TV,25,583823
67265,11617,8,High School DxD,"Comedy, Demons, Ecchi, Harem, Romance, School",TV,12,398660
41935,2025,8,Darker than Black: Kuro no Keiyakusha,"Action, Mystery, Sci-Fi, Super Power",TV,25,440334
6933,356,10,Fate/stay night,"Action, Fantasy, Magic, Romance, Supernatural",TV,24,374880
10129,24175,10,Nozo x Kimi,"Comedy, Ecchi, Romance, School, Shounen",OVA,3,13526
4635,30240,10,Prison School,"Comedy, Ecchi, Romance, School, Seinen",TV,12,227734
12771,9181,9,Motto To LOVE-Ru,"Comedy, Ecchi, Harem, School, Sci-Fi, Shounen",TV,12,134988
50202,2369,7,Rental Magica,"Fantasy, Mystery, Supernatural",TV,24,39806
66212,6,9,Trigun,"Action, Comedy, Sci-Fi",TV,26,283069
26937,93,8,Mobile Suit Gundam Seed,"Action, Drama, Mecha, Military, Romance, Sci-Fi, Space",TV,50,96973
59970,15043,8,Haitai Nanafa,"Comedy, Supernatural",TV,13,5907
5528,1564,-1,Pokemon Advanced Generation,"Action, Adventure, Comedy, Fantasy, Kids",TV,192,67386
45102,6045,7,Kimi ni Todoke,"Romance, School, Shoujo, Slice of Life",TV,25,309339
52344,10521,10,Working&#039;!!,"Comedy, Slice of Life",TV,13,117328
14505,27655,9,Aldnoah.Zero 2nd Season,"Action, Mecha, Sci-Fi, Space",TV,12,149364
72101,894,7,Dragon Ball Z Movie 01: Ora no Gohan wo Kaese!!,"Adventure, Comedy, Fantasy, Sci-Fi, Shounen",Movie,1,57623
44698,23283,10,Zankyou no Terror,"Psychological, Thriller",TV,11,342893
8612,18897,9,Nisekoi,"Comedy, Harem, Romance, School, Shounen",TV,20,347599
1918,4835,8,Bleach Movie 3: Fade to Black - Kimi no Na wo Yobu,"Action, Comedy, Shounen, Super Power, Supernatural",Movie,1,122373
20136,22547,6,Blade &amp; Soul,"Action, Adventure, Fantasy, Martial Arts",TV,13,72692
2484,14833,-1,Maoyuu Maou Yuusha,"Adventure, Demons, Fantasy, Historical, Romance",TV,12,164445
38963,1218,6,Tonagura!,"Comedy, Drama, Ecchi, Romance, School",TV,13,31856
16131,27,8,Trinity Blood,"Action, Supernatural, Vampire",TV,24,113791
48372,3247,7,Love Hina Final Selection,"Comedy, Ecchi, Harem, Romance",OVA,1,21824
54845,11319,-1,Zero no Tsukaima F,"Adventure, Ecchi, Fantasy, Magic, Romance",TV,12,174026
29963,81,4,Mobile Suit Gundam: The 08th MS Team,"Adventure, Drama, Mecha, Military, Romance, Sci-Fi",OVA,12,34177
3295,10521,8,Working&#039;!!,"Comedy, Slice of Life",TV,13,117328
45817,30,8,Neon Genesis Evangelion,"Action, Dementia, Drama, Mecha, Psychological, Sci-Fi",TV,26,461946
1813,14833,4,Maoyuu Maou Yuusha,"Adventure, Demons, Fantasy, Historical, Romance",TV,12,164445
13319,9919,10,Ao no Exorcist,"Action, Demons, Fantasy, Shounen, Supernatural",TV,25,583823
73204,459,7,One Piece Movie 1,"Action, Adventure, Comedy, Fantasy, Shounen, Super Power",Movie,1,46455
16362,6171,7,Saint Seiya: The Lost Canvas - Meiou Shinwa,"Action, Adventure, Martial Arts, Shounen, Super Power, Supernatural",OVA,13,40355
15206,853,-1,Ouran Koukou Host Club,"Comedy, Harem, Romance, School, Shoujo",TV,26,422271
64419,4181,10,Clannad: After Story,"Drama, Fantasy, Romance, Slice of Life, Supernatural",TV,24,456749
62214,21405,9,Bokura wa Minna Kawaisou,"Comedy, Romance, School, Slice of Life",TV,12,159793
58771,6573,9,Darker than Black: Ryuusei no Gemini,"Action, Mystery, Sci-Fi, Super Power",TV,12,222243
58498,196,9,Onegai☆Twins,"Comedy, Drama, Harem, School, Sci-Fi",TV,12,59164
57702,121,-1,Fullmetal Alchemist,"Action, Adventure, Comedy, Drama, Fantasy, Magic, Military, Shounen",TV,51,600384
61538,164,8,Mononoke Hime,"Action, Adventure, Fantasy",Movie,1,339556
38778,16890,8,Makai Ouji: Devils and Realist,"Comedy, Demons, Fantasy, Historical, Mystery, School, Shoujo, Supernatural",TV,12,59819
71893,10790,10,Kore wa Zombie Desu ka? of the Dead,"Action, Comedy, Ecchi, Harem, Magic, Supernatural",TV,10,180032
72968,9989,7,Ano Hi Mita Hana no Namae wo Bokutachi wa Mada Shiranai.,"Drama, Slice of Life, Supernatural",TV,11,463835
30565,32215,8,High School DxD BorN: Yomigaeranai Fushichou,"Action, Comedy, Demons, Ecchi, Harem, Romance, School",OVA,1,22497
65743,27,6,Trinity Blood,"Action, Supernatural, Vampire",TV,24,113791
47760,5252,7,One Piece: Romance Dawn Story,"Action, Comedy, Fantasy, Shounen, Super Power",OVA,1,21306
8984,1824,-1,Hadashi no Gen,"Drama, Historical",Movie,1,16474
13197,5682,10,Phantom: Requiem for the Phantom,"Action, Drama, Seinen, Thriller",TV,26,159105
60172,3549,5,Allison to Lillia,"Action, Adventure, Shounen",TV,26,27571
56190,1526,7,Pokemon Advanced Generation: Mew to Hadou no Yuusha Lucario,"Action, Adventure, Drama, Fantasy, Kids",Movie,1,46887
64308,486,7,Kino no Tabi: The Beautiful World,"Action, Adventure, Slice of Life",TV,13,102822
52771,5680,7,K-On!,"Comedy, Music, School, Slice of Life",TV,13,386048
37059,22535,8,Kiseijuu: Sei no Kakuritsu,"Action, Drama, Horror, Psychological, Sci-Fi, Seinen",TV,24,425457
58023,644,10,Hachimitsu to Clover Specials,"Comedy, Drama, Josei, Romance, Slice of Life",Special,2,21164
37923,28223,9,Death Parade,"Drama, Game, Mystery, Psychological, Thriller",TV,12,383914
33382,11701,7,Another: The Other - Inga,"Horror, Mystery, Thriller",OVA,1,86261
71361,28223,7,Death Parade,"Drama, Game, Mystery, Psychological, Thriller",TV,12,383914
15766,19163,6,Date A Live II,"Comedy, Harem, Mecha, Romance, School, Sci-Fi",TV,10,186187
5515,517,9,School Rumble Ichi Gakki Hoshuu,"Comedy, Romance, School, Shounen",OVA,2,40868
59396,1559,8,Shijou Saikyou no Deshi Kenichi,"Action, Comedy, Martial Arts, School, Shounen",TV,50,129112
6958,11843,8,Danshi Koukousei no Nichijou,"Comedy, School, Shounen, Slice of Life",TV,12,258914
29297,9756,8,Mahou Shoujo Madoka★Magica,"Drama, Magic, Psychological, Thriller",TV,12,462974
49189,1546,-1,Negima!?,"Adventure, Comedy, Ecchi, Fantasy, Harem, Magic, Romance, School, Supernatural",TV,26,44009
33608,11577,10,Steins;Gate Movie: Fuka Ryouiki no Déjà vu,"Sci-Fi, Thriller",Movie,1,192424
26845,10578,8,C³,"Action, Comedy, Ecchi, School, Supernatural",TV,12,100425
60881,3572,8,Macross F,"Action, Mecha, Military, Music, Romance, Sci-Fi, Space",TV,25,95551
11155,14837,7,Dragon Ball Z Movie 14: Kami to Kami,"Action, Adventure, Fantasy, Martial Arts, Shounen, Super Power",Movie,1,66471
45937,18393,6,Fairy Tail x Rave,"Action, Adventure, Comedy, Fantasy, Magic, Shounen",OVA,1,51844
46732,21995,9,Ao Haru Ride,"Comedy, Drama, Romance, School, Shoujo, Slice of Life",TV,12,227417
47193,10020,9,Ore no Imouto ga Konnani Kawaii Wake ga Nai Specials,"Comedy, Seinen, Slice of Life",ONA,4,101495
29491,710,7,Rec,"Comedy, Drama, Romance",TV,9,68951
55005,5341,10,Ookami to Koushinryou II,"Adventure, Fantasy, Historical, Romance",TV,12,210491
73477,12317,-1,Upotte!!,"Action, Comedy, Military, Seinen",ONA,10,43759
7181,3655,9,Nabari no Ou,"Action, Comedy, Drama, Fantasy, Shounen, Supernatural",TV,26,107384
66733,7590,7,Mayoi Neko Overrun!,"Comedy, Harem, Romance",TV,13,75517
15454,15051,8,Love Live! School Idol Project,"Music, School, Slice of Life",TV,13,155281
45230,5909,8,Seitokai no Ichizon,"Comedy, Harem, Parody, School",TV,12,110470
31374,13469,8,Hyouka: Motsubeki Mono wa,Slice of Life,OVA,1,68823
7512,1845,9,Gaiking: Legend of Daiku-Maryu,"Action, Mecha, Sci-Fi",TV,39,2640
72963,14741,9,Chuunibyou demo Koi ga Shitai!,"Comedy, Drama, Romance, School, Slice of Life",TV,12,394399
53465,3268,9,Mai-Otome 0: S.ifr,Sci-Fi,OVA,3,11171
12818,2129,-1,True Tears,"Drama, Romance, School",TV,13,118644
26844,164,9,Mononoke Hime,"Action, Adventure, Fantasy",Movie,1,339556
41568,18619,7,Girls und Panzer: Kore ga Hontou no Anzio-sen Desu!,"Military, School",OVA,1,16143
51016,1450,-1,Brigadoon: Marin to Melan,"Adventure, Comedy, Drama, Mecha, Sci-Fi",TV,26,5636
17988,1746,-1,Zoids Fuzors,"Adventure, Mecha, Sci-Fi, Shounen",TV,26,7087
54477,2890,6,Gake no Ue no Ponyo,"Adventure, Fantasy",Movie,1,140277
70997,20787,6,Black Bullet,"Action, Mystery, Sci-Fi, Seinen",TV,13,320267
60705,214,6,Pia Carrot e Youkoso!! 2,"Comedy, Hentai, Romance",OVA,3,1408
13956,17641,-1,Date A Live: Date to Date,"Comedy, Harem, Romance, School, Sci-Fi",OVA,1,68328
62198,18745,6,Chihayafuru 2: Waga Mi Yo ni Furu Nagame Seshi Ma ni,"Comedy, Josei, Slice of Life",OVA,1,18659
46958,71,7,Full Metal Panic!,"Action, Comedy, Mecha, Military, Sci-Fi",TV,24,256325
13954,9630,5,Mini Sengoku Basara Two: Tsukiyo no Katakura-kun,"Comedy, Historical",Special,7,3232
41926,587,8,Hanbun no Tsuki ga Noboru Sora,"Comedy, Drama, Romance",TV,6,65125
9758,22147,7,Amagi Brilliant Park,"Comedy, Magic",TV,13,217003
32891,28725,8,Kokoro ga Sakebitagatterunda.,"Drama, Romance, School",Movie,1,59652
5423,5039,-1,Kurozuka,"Action, Drama, Historical, Horror, Romance, Sci-Fi, Vampire",TV,12,52145
42705,13939,7,Accel World EX,"Action, Game, Romance, School, Sci-Fi",OVA,2,61198
12725,12367,7,Shining Hearts: Shiawase no Pan,"Action, Fantasy",TV,12,27273
38250,26243,7,Owari no Seraph,"Action, Drama, Shounen, Supernatural, Vampire",TV,12,315630
35729,20045,6,IS: Infinite Stratos 2 - Hitonatsu no Omoide,"Action, Comedy, Harem, Mecha, Sci-Fi",OVA,1,27030
68732,1361,10,Final Fantasy: The Spirits Within,Sci-Fi,Movie,1,53822
44107,3574,8,Switch,"Action, Mystery, Police",OVA,2,17871
40041,934,9,Higurashi no Naku Koro ni,"Horror, Mystery, Psychological, Supernatural, Thriller",TV,26,359494
63878,25161,6,One Piece 3D2Y: Ace no shi wo Koete! Luffy Nakama Tono Chikai,"Adventure, Comedy, Fantasy, Shounen",Special,1,30516
59779,10165,10,Nichijou,"Comedy, School, Slice of Life",TV,26,254436
3675,226,4,Elfen Lied,"Action, Drama, Horror, Psychological, Romance, Seinen, Supernatural",TV,13,623511
3922,10620,9,Mirai Nikki (TV),"Action, Mystery, Psychological, Shounen, Supernatural, Thriller",TV,26,657190
27542,14349,7,Little Witch Academia,"Adventure, Comedy, Fantasy, Magic, School",Movie,1,111703
62198,1365,7,Detective Conan Movie 06: The Phantom of Baker Street,"Adventure, Mystery, Police, Shounen",Movie,1,28462
41567,11741,9,Fate/Zero 2nd Season,"Action, Fantasy, Supernatural, Thriller",TV,12,340973
36502,10793,10,Guilty Crown,"Action, Drama, Sci-Fi, Super Power",TV,22,460959
38601,899,7,Dragon Ball Z Movie 06: Gekitotsu!! 100-oku Power no Senshi-tachi,"Adventure, Comedy, Fantasy, Sci-Fi, Shounen",Movie,1,55789
51503,1482,10,D.Gray-man,"Action, Adventure, Comedy, Shounen",TV,103,334399
5874,12175,8,Koi to Senkyo to Chocolate,"Drama, Romance, School",TV,12,91552
22894,9465,8,Break Blade 4: Sanka no Chi,"Action, Fantasy, Mecha, Military, Shounen",Movie,1,41598
49167,4063,6,Sekirei,"Action, Comedy, Ecchi, Harem, Super Power",TV,12,182713
54949,6205,7,Kämpfer,"Action, Comedy, Ecchi, Romance, School, Shoujo Ai, Super Power",TV,12,146631
27083,11617,9,High School DxD,"Comedy, Demons, Ecchi, Harem, Romance, School",TV,12,398660
22224,850,-1,Gakuen Heaven,"Comedy, Drama, Romance, School, Shounen Ai",TV,13,34787
54935,8074,7,Highschool of the Dead,"Action, Ecchi, Horror, Supernatural",TV,12,535892
53791,4246,7,Eureka Seven: Pocket ga Niji de Ippai,"Adventure, Mecha, Romance, Sci-Fi",Movie,1,32514
55310,3031,-1,Digimon Frontier: Ornismon Fukkatsu!!,"Adventure, Comedy, Drama, Fantasy, Shounen",Movie,1,11973
61495,813,-1,Dragon Ball Z,"Action, Adventure, Comedy, Fantasy, Martial Arts, Shounen, Super Power",TV,291,375662
66780,101,-1,Air,"Drama, Romance, Slice of Life, Supernatural",TV,13,188861
21208,30,8,Neon Genesis Evangelion,"Action, Dementia, Drama, Mecha, Psychological, Sci-Fi",TV,26,461946
18365,4654,-1,Toaru Majutsu no Index,"Action, Magic, Sci-Fi, Super Power",TV,24,313114
21416,50,7,Aa! Megami-sama! (TV),"Comedy, Magic, Romance, Seinen, Supernatural",TV,24,96694
18583,23847,8,Yahari Ore no Seishun Love Comedy wa Machigatteiru. Zoku,"Comedy, Drama, Romance, School",TV,13,222994
39155,145,8,Kareshi Kanojo no Jijou,"Comedy, Drama, Romance, School, Shoujo, Slice of Life",TV,26,94165
47304,20583,8,Haikyuu!!,"Comedy, Drama, School, Shounen, Sports",TV,25,284498
43534,24765,6,Gakkougurashi!,"Horror, Mystery, Psychological, School, Slice of Life",TV,12,140094
49987,147,-1,Kimi ga Nozomu Eien,"Drama, Romance, Slice of Life",TV,14,90379
32808,14807,9,Kara no Kyoukai: Mirai Fukuin,"Drama, Mystery, Seinen, Supernatural",Movie,1,41168
14019,17875,7,Papa no Iukoto wo Kikinasai! OVA,"Comedy, Romance, Slice of Life",OVA,2,19904
35239,10568,-1,Kamisama no Memochou,Mystery,TV,12,130502
72428,6707,5,Kuroshitsuji II,"Action, Comedy, Demons, Fantasy, Shounen, Supernatural",TV,12,234955
25159,10087,-1,Fate/Zero,"Action, Fantasy, Supernatural",TV,13,453630
60375,1184,7,Lost Universe,"Adventure, Comedy, Drama, Sci-Fi, Shounen, Space",TV,26,9293
26876,9513,-1,Beelzebub,"Action, Comedy, Demons, School, Shounen, Supernatural",TV,60,217752
43722,8915,8,Dantalian no Shoka,"Action, Historical, Mystery, Supernatural",TV,12,84779
35558,591,8,Amaenaide yo!!,"Comedy, Ecchi, Harem, Romance, Supernatural",TV,12,48939
28018,6030,-1,Needless,"Action, Comedy, Ecchi, Sci-Fi, Super Power",TV,24,86942
49832,1602,10,Soukou no Strain,"Drama, Ecchi, Mecha, Military, Sci-Fi, Space",TV,13,14925
44231,14811,9,GJ-bu,"Comedy, School, Slice of Life",TV,12,83838
72223,11499,7,Sankarea,"Comedy, Ecchi, Horror, Romance, Shounen, Supernatural",TV,12,222657
67487,138,-1,Hunter x Hunter: Greed Island,"Action, Adventure, Shounen, Super Power",OVA,8,57029
14432,9656,10,Kimi ni Todoke 2nd Season,"Romance, School, Shoujo, Slice of Life",TV,12,171866
41302,4752,-1,Vampire Knight Guilty,"Drama, Mystery, Romance, Shoujo, Supernatural, Vampire",TV,13,198492
65309,30806,8,Schwarzesmarken,"Action, Drama, Historical, Mecha, Military, Sci-Fi",TV,12,51632
61733,23847,8,Yahari Ore no Seishun Love Comedy wa Machigatteiru. Zoku,"Comedy, Drama, Romance, School",TV,13,222994
51049,174,-1,Tenjou Tenge,"Action, Comedy, Ecchi, Martial Arts, School, Shounen, Super Power",TV,24,103449
63148,8407,8,Sora no Otoshimono: Forte,"Comedy, Ecchi, Harem, Romance, Sci-Fi, Shounen, Supernatural",TV,12,146697
16362,317,7,Final Fantasy VII: Advent Children,"Action, Fantasy, Super Power",Movie,1,138659
73417,11757,6,Sword Art Online,"Action, Adventure, Fantasy, Game, Romance",TV,25,893100
19059,1313,8,Digimon Adventure 02,"Action, Adventure, Comedy, Drama, Fantasy, Kids",TV,50,120268
53567,3269,-1,.hack//G.U. Trilogy,"Action, Fantasy, Game, Sci-Fi",Movie,1,22537
72488,21881,7,Sword Art Online II,"Action, Adventure, Fantasy, Game, Romance",TV,24,537892
36624,1965,-1,Sola,"Drama, Romance, Slice of Life, Supernatural",TV,13,71172
37376,11061,9,Hunter x Hunter (2011),"Action, Adventure, Shounen, Super Power",TV,148,425855
14313,3901,7,Baccano! Specials,"Action, Comedy, Historical, Mystery, Seinen, Supernatural",Special,3,100412
61302,4898,-1,Kuroshitsuji,"Action, Comedy, Demons, Fantasy, Historical, Shounen, Supernatural",TV,24,424919
29453,8536,5,Fortune Arterial: Akai Yakusoku,"Comedy, Romance, School, Supernatural, Vampire",TV,12,71285
16009,27787,7,Nisekoi:,"Comedy, Harem, Romance, School, Shounen",TV,12,180686
37362,25681,9,Kamisama Hajimemashita◎,"Comedy, Demons, Fantasy, Romance, Shoujo, Supernatural",TV,12,91796
70433,23383,6,D-Frag! OVA,"Comedy, Game, Seinen",OVA,1,28116
38418,1123,-1,Beet the Vandel Buster Excellion,"Adventure, Fantasy, Shounen, Supernatural",TV,25,5198
69189,249,-1,InuYasha,"Action, Adventure, Comedy, Demons, Fantasy, Magic, Romance, Shounen, Supernatural",TV,167,281632
50678,936,6,Naruto Movie 2: Dai Gekitotsu! Maboroshi no Chiteiiseki Dattebayo!,"Adventure, Comedy, Drama, Fantasy, Shounen, Supernatural",Movie,1,97308
35080,387,8,Haibane Renmei,"Drama, Fantasy, Mystery, Psychological, Slice of Life",TV,13,120731
50157,1361,-1,Final Fantasy: The Spirits Within,Sci-Fi,Movie,1,53822
18298,31637,8,"Gate: Jieitai Kanochi nite, Kaku Tatakaeri 2nd Season","Action, Adventure, Fantasy, Military",TV,12,153501
10901,644,9,Hachimitsu to Clover Specials,"Comedy, Drama, Josei, Romance, Slice of Life",Special,2,21164
62905,11061,10,Hunter x Hunter (2011),"Action, Adventure, Shounen, Super Power",TV,148,425855
40038,6166,5,Asobi ni Iku yo!,"Comedy, Ecchi, Harem, Romance, Sci-Fi",TV,12,95005
55991,4752,10,Vampire Knight Guilty,"Drama, Mystery, Romance, Shoujo, Supernatural, Vampire",TV,13,198492
54069,4477,10,Nodame Cantabile: Paris-hen,"Comedy, Josei, Music, Romance, Slice of Life",TV,11,70822
71855,133,7,Green Green,"Comedy, Ecchi, Romance, School, Slice of Life",TV,12,80562
43157,8937,7,Toaru Majutsu no Index II,"Action, Magic, Sci-Fi, Super Power",TV,24,184520
13897,1050,6,Bobobo-bo Bo-bobo,"Adventure, Comedy, Sci-Fi, Shounen",TV,76,39041
71008,13599,9,Robotics;Notes,"Drama, Mystery, School, Sci-Fi",TV,22,107304
10952,13939,-1,Accel World EX,"Action, Game, Romance, School, Sci-Fi",OVA,2,61198
1283,3092,8,Junjou Romantica,"Comedy, Drama, Romance, Shounen Ai",TV,12,117910
62104,4898,9,Kuroshitsuji,"Action, Comedy, Demons, Fantasy, Historical, Shounen, Supernatural",TV,24,424919
41963,901,-1,"Dragon Ball Z Movie 08: Moetsukiro!! Nessen, Ressen, Chougekisen","Adventure, Comedy, Fantasy, Sci-Fi, Shounen",Movie,1,65953
3305,6896,8,Pandora Hearts Specials,Comedy,Special,9,32103
2097,21405,8,Bokura wa Minna Kawaisou,"Comedy, Romance, School, Slice of Life",TV,12,159793
18769,889,9,Black Lagoon,"Action, Seinen",TV,12,332562
438,18343,5,Girls und Panzer: Fushou - Akiyama Yukari no Sensha Kouza,"Military, School",Special,6,5867
3375,11843,7,Danshi Koukousei no Nichijou,"Comedy, School, Shounen, Slice of Life",TV,12,258914
67296,1829,10,Gedo Senki,"Adventure, Fantasy, Magic",Movie,1,59243
41865,16001,7,Kokoro Connect: Michi Random,"Comedy, Drama, Romance, School, Slice of Life, Supernatural",Special,4,106989
27699,71,10,Full Metal Panic!,"Action, Comedy, Mecha, Military, Sci-Fi",TV,24,256325
2202,18897,7,Nisekoi,"Comedy, Harem, Romance, School, Shounen",TV,20,347599
12506,6746,-1,Durarara!!,"Action, Mystery, Supernatural",TV,24,556431
36796,1575,7,Code Geass: Hangyaku no Lelouch,"Action, Mecha, Military, School, Sci-Fi, Super Power",TV,25,715151
8734,27821,9,Fate/stay night: Unlimited Blade Works - Prologue,"Action, Fantasy, Magic, Shounen, Supernatural",Special,1,106382
29637,25879,8,Working!!!,"Comedy, Romance, Slice of Life",TV,13,80763
50672,65,-1,Rozen Maiden: Träumend,"Action, Comedy, Drama, Magic, Seinen",TV,12,72645
60596,528,-1,Pokemon: Mewtwo no Gyakushuu,"Action, Adventure, Comedy, Drama, Fantasy, Kids",Movie,1,100089
54825,164,10,Mononoke Hime,"Action, Adventure, Fantasy",Movie,1,339556
34702,8410,-1,Metal Fight Beyblade: Baku,"Adventure, Comedy, Sports",TV,51,7003
24081,2966,-1,Ookami to Koushinryou,"Adventure, Fantasy, Historical, Romance",TV,13,334932
19602,12461,7,Hiiro no Kakera,"Fantasy, Romance, Shoujo, Supernatural",TV,13,55031
2140,32485,9,Prison School OVA,"Comedy, Ecchi, Romance, School, Seinen",OVA,1,30887
48666,16894,-1,Kuroko no Basket 2nd Season,"Comedy, School, Shounen, Sports",TV,25,243325
22218,2775,6,Genocyber,"Action, Horror, Mecha, Psychological, Sci-Fi",OVA,5,12158
51224,44,10,Rurouni Kenshin: Meiji Kenkaku Romantan - Tsuioku-hen,"Action, Drama, Historical, Martial Arts, Romance, Samurai",OVA,4,129307
5362,405,6,Blood: The Last Vampire,"Horror, Supernatural, Vampire",Movie,1,67778
5554,25283,7,Kuusen Madoushi Kouhosei no Kyoukan,"Action, Drama, Fantasy, Magic, School",TV,12,81870
34417,9513,8,Beelzebub,"Action, Comedy, Demons, School, Shounen, Supernatural",TV,60,217752
1103,20031,8,D-Frag!,"Comedy, Game, School, Seinen",TV,12,154548
69372,31043,10,Boku dake ga Inai Machi,"Mystery, Psychological, Seinen, Supernatural",TV,12,402381
36696,906,8,Dragon Ball Z Movie 13: Ryuuken Bakuhatsu!! Goku ga Yaraneba Dare ga Yaru,"Adventure, Comedy, Fantasy, Sci-Fi, Shounen",Movie,1,50607
16390,7559,10,Fate/stay night TV Reproduction,"Action, Fantasy, Magic, Romance, Shounen, Supernatural",OVA,2,23498
36957,5958,8,Sora no Otoshimono,"Comedy, Ecchi, Harem, Romance, Sci-Fi, Shounen, Supernatural",TV,13,227681
40652,934,9,Higurashi no Naku Koro ni,"Horror, Mystery, Psychological, Supernatural, Thriller",TV,26,359494
19486,985,-1,Dragon Ball Z Special 2: Zetsubou e no Hankou!! Nokosareta Chousenshi - Gohan to Trunks,"Adventure, Drama, Fantasy, Shounen",Special,1,43673
12254,80,-1,Mobile Suit Gundam,"Action, Mecha, Military, Sci-Fi, Space",TV,43,51566
16068,30,10,Neon Genesis Evangelion,"Action, Dementia, Drama, Mecha, Psychological, Sci-Fi",TV,26,461946
58180,13587,7,Persona 4 the Animation: No One is Alone,"Adventure, Mystery, School, Sci-Fi, Super Power, Supernatural",Special,1,26501
8221,5835,7,Hanasakeru Seishounen,"Drama, Romance, Shoujo",TV,39,37051
6733,133,-1,Green Green,"Comedy, Ecchi, Romance, School, Slice of Life",TV,12,80562
1501,12685,6,Code Geass: Nunnally in Wonderland,"Comedy, Fantasy, Parody",OVA,1,37087
26458,384,10,Gantz,"Action, Drama, Horror, Psychological, Sci-Fi, Supernatural",TV,13,165335
21588,15729,9,Hagure Yuusha no Aesthetica: Hajirai Ippai,"Comedy, Ecchi",Special,6,19407
61977,20787,8,Black Bullet,"Action, Mystery, Sci-Fi, Seinen",TV,13,320267
47098,10464,9,Seitokai no Ichizon Lv.2,"Comedy, Harem, Parody, School",ONA,10,41169
44751,850,8,Gakuen Heaven,"Comedy, Drama, Romance, School, Shounen Ai",TV,13,34787
33172,31964,10,Boku no Hero Academia,"Action, Comedy, School, Shounen, Super Power",TV,13,282002
27575,27899,10,Tokyo Ghoul √A,"Action, Drama, Horror, Mystery, Psychological, Seinen, Supernatural",TV,12,408357
61373,4720,6,White Album,"Drama, Harem, Music, Romance",TV,13,54376
18668,18897,7,Nisekoi,"Comedy, Harem, Romance, School, Shounen",TV,20,347599
51258,3306,6,Aoki Honoo,"Drama, Romance, Seinen",OVA,1,1312
42427,13223,9,Bible Black: New Testament Recap,Hentai,OVA,1,2777
28179,6211,8,Tokyo Magnitude 8.0,Drama,TV,11,121349
73198,165,8,RahXephon,"Action, Drama, Mecha, Music, Mystery, Psychological, Romance, Sci-Fi",TV,26,66751
49615,2472,-1,Naruto: Shippuuden Movie 1,"Action, Adventure, Comedy, Fantasy, Shounen",Movie,1,108170
50888,4896,6,Umineko no Naku Koro ni,"Horror, Mystery, Psychological, Supernatural",TV,26,126865
3682,79,5,Shuffle!,"Comedy, Drama, Ecchi, Fantasy, Harem, Magic, Romance, School, Seinen",TV,24,158772
50058,14073,8,Ebiten: Kouritsu Ebisugawa Koukou Tenmonbu,"Comedy, Ecchi, Parody, School, Shounen",ONA,10,16438
52265,22319,6,Tokyo Ghoul,"Action, Drama, Horror, Mystery, Psychological, Seinen, Supernatural",TV,12,618056
56142,431,9,Howl no Ugoku Shiro,"Adventure, Drama, Fantasy, Romance",Movie,1,333186
25515,3588,-1,Soul Eater,"Action, Adventure, Comedy, Fantasy, Shounen, Supernatural",TV,51,580184
53629,87,10,Mobile Suit Gundam: Char&#039;s Counterattack,"Drama, Mecha, Military, Sci-Fi, Space",Movie,1,19258
14537,16049,7,Toaru Kagaku no Railgun S,"Action, Sci-Fi, Super Power",TV,24,137105
4357,16498,10,Shingeki no Kyojin,"Action, Drama, Fantasy, Shounen, Super Power",TV,25,896229
63270,31478,10,Bungou Stray Dogs,"Action, Comedy, Mystery, Seinen, Supernatural",TV,12,187805
73327,223,10,Dragon Ball,"Adventure, Comedy, Fantasy, Martial Arts, Shounen, Super Power",TV,153,316102
51852,6201,-1,Princess Lover!,"Comedy, Ecchi, Harem, School",TV,12,104098
21388,4713,9,Heart no Kuni no Alice: Wonderful Wonder World,"Fantasy, Harem, Romance, Shoujo",Movie,1,20532
15728,11843,10,Danshi Koukousei no Nichijou,"Comedy, School, Shounen, Slice of Life",TV,12,258914
48767,12403,10,Yuru Yuri♪♪,"Comedy, School, Shoujo Ai, Slice of Life",TV,12,83097
56590,10458,5,Ran-&gt;Sem: Hakudaku Delmo Tsuma no Miira Tori,Hentai,OVA,2,4192
36709,11757,7,Sword Art Online,"Action, Adventure, Fantasy, Game, Romance",TV,25,893100
54774,11113,-1,Usagi Drop Specials,"Josei, Slice of Life",Special,4,36351
44272,20655,-1,Amnesia OVA,"Fantasy, Shoujo",OVA,1,15956
70061,3092,-1,Junjou Romantica,"Comedy, Drama, Romance, Shounen Ai",TV,12,117910
48974,14227,-1,Tonari no Kaibutsu-kun,"Comedy, Romance, School, Shoujo, Slice of Life",TV,13,349836
10476,1033,-1,Sennen Joyuu,"Action, Adventure, Drama, Fantasy, Historical, Romance",Movie,1,58492
67725,867,9,Slayers Gorgeous,"Adventure, Comedy, Fantasy, Magic, Supernatural",Movie,1,12755
32374,22145,6,Kuroshitsuji: Book of Circus,"Comedy, Demons, Fantasy, Historical, Shounen, Supernatural",TV,10,122895
67707,5690,9,Nodame Cantabile Finale,"Comedy, Josei, Music, Romance",TV,11,67697
56891,10681,8,Blood-C: The Last Dark,"Action, Horror, Supernatural, Vampire",Movie,1,37925
45037,10378,8,Shinryaku!? Ika Musume,"Comedy, Shounen, Slice of Life",TV,12,45613
61897,185,9,Initial D First Stage,"Action, Cars, Drama, Seinen, Sports",TV,26,68128
47188,13759,-1,Sakurasou no Pet na Kanojo,"Comedy, Drama, Romance, School, Slice of Life",TV,24,380375
3557,900,6,Dragon Ball Z Movie 07: Kyokugen Battle!! Sandai Super Saiyajin,"Adventure, Comedy, Fantasy, Sci-Fi, Shounen",Movie,1,52690
5281,68,-1,Black Cat,"Adventure, Comedy, Sci-Fi, Shounen, Super Power",TV,23,150512
8579,30782,3,Bikini Warriors,"Comedy, Ecchi, Fantasy, Parody",TV,12,35004
6727,13331,8,Jormungand: Perfect Order,"Action, Adventure, Seinen",TV,12,81951
64951,572,10,Kaze no Tani no Nausicaä,"Adventure, Fantasy",Movie,1,143273
54380,2313,7,Muumindani no Suisei,"Adventure, Comedy, Fantasy, Kids",Movie,1,4344
43313,29854,8,Ushio to Tora (TV),"Action, Adventure, Comedy, Demons, Shounen, Supernatural",TV,26,90931
40300,16918,9,Gin no Saji,"Comedy, School, Shounen, Slice of Life",TV,11,116261
16487,9919,9,Ao no Exorcist,"Action, Demons, Fantasy, Shounen, Supernatural",TV,25,583823
68842,20,7,Naruto,"Action, Comedy, Martial Arts, Shounen, Super Power",TV,220,683297
1364,31174,-1,Osomatsu-san,"Comedy, Parody",TV,25,60988
41546,11021,-1,Muv-Luv Alternative: Total Eclipse,"Action, Mecha, Military, Sci-Fi",TV,24,55531
46359,9656,-1,Kimi ni Todoke 2nd Season,"Romance, School, Shoujo, Slice of Life",TV,12,171866
36307,14345,7,Btooom!,"Action, Psychological, Sci-Fi, Seinen",TV,12,329561
50341,28825,-1,Himouto! Umaru-chan,"Comedy, School, Seinen, Slice of Life",TV,12,158041
52199,155,3,X/1999,"Action, Drama, Fantasy, Horror, Magic, Sci-Fi, Supernatural",Movie,1,23038
46380,18153,9,Kyoukai no Kanata,"Fantasy, Slice of Life, Supernatural",TV,12,359011
41133,1210,10,NHK ni Youkoso!,"Comedy, Drama, Psychological, Romance",TV,24,291228
71280,30276,10,One Punch Man,"Action, Comedy, Parody, Sci-Fi, Seinen, Super Power, Supernatural",TV,12,552458
24671,1050,5,Bobobo-bo Bo-bobo,"Adventure, Comedy, Sci-Fi, Shounen",TV,76,39041
23941,2273,9,Mobile Suit Gundam Wing: Endless Waltz Movie,"Action, Drama, Mecha, Military, Sci-Fi, Space",Movie,1,35711
46617,26243,-1,Owari no Seraph,"Action, Drama, Shounen, Supernatural, Vampire",TV,12,315630
45506,356,8,Fate/stay night,"Action, Fantasy, Magic, Romance, Supernatural",TV,24,374880
62266,30296,7,Rakudai Kishi no Cavalry,"Action, Ecchi, Fantasy, Romance, School",TV,12,188685
17892,16385,-1,Dog Days&#039;&#039;,"Action, Adventure, Fantasy, Magic",TV,12,34576
71505,7088,9,Ichiban Ushiro no Daimaou,"Action, Comedy, Ecchi, Fantasy, Harem, Magic, School, Shounen",TV,12,203618
53185,437,8,Perfect Blue,"Dementia, Drama, Horror, Psychological",Movie,1,117565
169,12477,10,Sakasama no Patema,"Sci-Fi, Seinen",Movie,1,89749
45896,2759,-1,Evangelion: 1.0 You Are (Not) Alone,"Action, Mecha, Sci-Fi",Movie,1,194561
6110,548,7,Wonderful Days,"Action, Drama, Romance, Sci-Fi",Movie,1,23422
47077,20583,9,Haikyuu!!,"Comedy, Drama, School, Shounen, Sports",TV,25,284498
12779,11111,10,Another,"Horror, Mystery, School, Supernatural, Thriller",TV,12,534657
68878,133,-1,Green Green,"Comedy, Ecchi, Romance, School, Slice of Life",TV,12,80562
55302,877,8,Nana,"Comedy, Drama, Music, Romance, Shoujo, Slice of Life",TV,47,197256
16369,24833,8,Ansatsu Kyoushitsu (TV),"Action, Comedy, School, Shounen",TV,22,312654
73347,245,10,Great Teacher Onizuka,"Comedy, Drama, School, Shounen, Slice of Life",TV,43,268487
12820,2417,8,Saigo no Door wo Shimero!,"Comedy, Drama, Romance, Yaoi",OVA,1,9076
49977,268,10,Golden Boy,"Adventure, Comedy, Ecchi",OVA,6,113040
66994,5298,6,Yu☆Gi☆Oh! 5D&#039;s: Shinkasuru Kettou! Stardust vs. Red Demon&#039;s,"Fantasy, Game, Sci-Fi",Special,1,5176
66700,1007,8,Ranma ½ OVA,"Comedy, Martial Arts, Romance, Shounen",OVA,6,16804
38004,13367,5,"Kono Naka ni Hitori, Imouto ga Iru!","Comedy, Ecchi, Harem, Mystery, Romance, School, Seinen",TV,12,92252
20913,18115,9,Magi: The Kingdom of Magic,"Action, Adventure, Fantasy, Magic, Shounen",TV,25,245026
41303,18121,7,Teekyuu 2,"Comedy, School, Shounen, Sports",TV,12,15887
17667,16049,-1,Toaru Kagaku no Railgun S,"Action, Sci-Fi, Super Power",TV,24,137105
27740,8560,8,"Kyou, Koi wo Hajimemasu","Romance, School, Shoujo",OVA,2,20953
27342,109,9,Bakuretsu Tenshi,"Adventure, Comedy, Mecha, Sci-Fi",TV,24,48551
64674,20689,8,Hamatora The Animation,"Comedy, Mystery, Super Power",TV,12,133571
72659,1575,9,Code Geass: Hangyaku no Lelouch,"Action, Mecha, Military, School, Sci-Fi, Super Power",TV,25,715151
56619,6748,6,Yokuwakaru Gendaimahou 00,"Comedy, Magic",Special,1,4991
47925,8425,-1,Gosick,"Drama, Historical, Mystery, Romance",TV,24,232113
63208,22729,9,Aldnoah.Zero,"Action, Mecha, Sci-Fi",TV,12,244193
65131,28619,3,Ranpo Kitan: Game of Laplace,Mystery,TV,11,66777
52201,569,7,Musekinin Kanchou Tylor,"Comedy, Military, Parody, Sci-Fi, Space",TV,26,19841
51487,4744,6,Akaneiro ni Somaru Saka,"Comedy, Harem, Romance, School",TV,12,91453
40369,877,7,Nana,"Comedy, Drama, Music, Romance, Shoujo, Slice of Life",TV,47,197256
22987,22865,7,Rokujouma no Shinryakusha!? (TV),"Comedy, Harem, Romance, School, Supernatural",TV,12,76880
30483,3247,8,Love Hina Final Selection,"Comedy, Ecchi, Harem, Romance",OVA,1,21824
61706,18115,8,Magi: The Kingdom of Magic,"Action, Adventure, Fantasy, Magic, Shounen",TV,25,245026
67451,12255,-1,Carnival Phantasm: Illya-jou,"Comedy, Parody",Special,1,19277
48644,13659,8,Ore no Imouto ga Konnani Kawaii Wake ga Nai.,"Comedy, Seinen, Slice of Life",TV,13,194791
49248,837,-1,Kyou no 5 no 2,"Comedy, Ecchi, School, Seinen",OVA,4,22431
49468,2236,10,Toki wo Kakeru Shoujo,"Adventure, Drama, Romance, Sci-Fi",Movie,1,289206
41557,5530,8,Pandora Hearts,"Adventure, Fantasy, Mystery, Shounen, Supernatural",TV,25,229567
39935,25389,9,Dragon Ball Z Movie 15: Fukkatsu no F,"Action, Adventure, Comedy, Fantasy, Martial Arts, Shounen, Super Power",Movie,1,41051
5317,30,10,Neon Genesis Evangelion,"Action, Dementia, Drama, Mecha, Psychological, Sci-Fi",TV,26,461946
43972,934,10,Higurashi no Naku Koro ni,"Horror, Mystery, Psychological, Supernatural, Thriller",TV,26,359494
9084,14345,-1,Btooom!,"Action, Psychological, Sci-Fi, Seinen",TV,12,329561
58460,205,-1,Samurai Champloo,"Action, Adventure, Comedy, Historical, Samurai, Shounen",TV,26,390076
39516,233,8,Daa! Daa! Daa!,"Comedy, Sci-Fi, Shoujo",TV,78,12673
1103,17082,6,Aiura,"Comedy, School, Shounen, Slice of Life",TV,12,43737
39817,9656,-1,Kimi ni Todoke 2nd Season,"Romance, School, Shoujo, Slice of Life",TV,12,171866
66069,1557,-1,Shounen Onmyouji,"Action, Demons, Fantasy, Historical, Magic, Shoujo, Supernatural",TV,26,33321
15817,47,8,Akira,"Action, Adventure, Horror, Military, Sci-Fi, Supernatural",Movie,1,215897
21628,7791,-1,K-On!!,"Comedy, Music, School, Slice of Life",TV,26,246276
46790,11771,8,Kuroko no Basket,"Comedy, School, Shounen, Sports",TV,25,338315
22696,22199,8,Akame ga Kill!,"Action, Adventure, Fantasy",TV,24,492133
53794,7088,8,Ichiban Ushiro no Daimaou,"Action, Comedy, Ecchi, Fantasy, Harem, Magic, School, Shounen",TV,12,203618
15276,11111,8,Another,"Horror, Mystery, School, Supernatural, Thriller",TV,12,534657
61417,121,10,Fullmetal Alchemist,"Action, Adventure, Comedy, Drama, Fantasy, Magic, Military, Shounen",TV,51,600384
36847,7791,7,K-On!!,"Comedy, Music, School, Slice of Life",TV,26,246276
61400,6007,10,Ookami to Koushinryou II: Ookami to Kohakuiro no Yuuutsu,"Fantasy, Historical, Romance",OVA,1,81137
12750,27727,-1,Binan Koukou Chikyuu Bouei-bu LOVE!,"Comedy, Magic, School, Slice of Life",TV,12,45873
63516,23317,-1,Kuroshitsuji: Book of Murder,"Comedy, Demons, Fantasy, Historical, Mystery, Shounen, Supernatural",OVA,2,67261
28195,11741,10,Fate/Zero 2nd Season,"Action, Fantasy, Supernatural, Thriller",TV,12,340973
10357,4136,9,Penguin Musume♥Heart,"Comedy, Ecchi, School, Slice of Life",ONA,22,12195
66610,3588,-1,Soul Eater,"Action, Adventure, Comedy, Fantasy, Shounen, Supernatural",TV,51,580184
57950,932,-1,Ichigeki Sacchuu!! Hoihoi-san,"Comedy, Sci-Fi, Slice of Life",OVA,1,5404
23628,6747,8,Dance in the Vampire Bund,"Action, Supernatural, Vampire",TV,12,121005
55313,13759,-1,Sakurasou no Pet na Kanojo,"Comedy, Drama, Romance, School, Slice of Life",TV,24,380375
37183,164,7,Mononoke Hime,"Action, Adventure, Fantasy",Movie,1,339556
59406,262,7,Happy☆Lesson: The Final,"Comedy, Harem, Romance, School",OVA,3,6371
1345,5114,8,Fullmetal Alchemist: Brotherhood,"Action, Adventure, Drama, Fantasy, Magic, Military, Shounen",TV,64,793665
6696,2993,-1,Rosario to Vampire,"Comedy, Ecchi, Fantasy, Harem, Romance, School, Shounen, Vampire",TV,13,299278
30707,3455,8,To LOVE-Ru,"Comedy, Ecchi, Harem, Romance, School, Sci-Fi",TV,26,237563
47269,15451,8,High School DxD New,"Action, Comedy, Demons, Ecchi, Harem, Romance, School",TV,12,266657
38469,6,9,Trigun,"Action, Comedy, Sci-Fi",TV,26,283069
610,6213,9,Toaru Kagaku no Railgun,"Action, Sci-Fi, Super Power",TV,24,231079
9892,11597,8,Nisemonogatari,"Comedy, Mystery, Supernatural",TV,11,260062
24301,23269,6,Hello!! Kiniro Mosaic,"Comedy, School, Slice of Life",TV,12,33295
67691,9941,8,Tiger &amp; Bunny,"Action, Comedy, Mystery, Super Power",TV,25,104075
73135,1731,8,Tales of Symphonia The Animation: Sylvarant-hen,"Action, Adventure, Fantasy, Magic, Martial Arts, Shounen",OVA,4,35730
71942,5114,9,Fullmetal Alchemist: Brotherhood,"Action, Adventure, Drama, Fantasy, Magic, Military, Shounen",TV,64,793665
19672,9136,-1,Kuroshitsuji II Specials,"Comedy, Fantasy, Parody, Shounen, Supernatural",Special,6,60899
2763,30654,9,Ansatsu Kyoushitsu (TV) 2nd Season,"Action, Comedy, School, Shounen",TV,25,176475
30218,24833,9,Ansatsu Kyoushitsu (TV),"Action, Comedy, School, Shounen",TV,22,312654
61678,67,-1,Basilisk: Kouga Ninpou Chou,"Action, Adventure, Fantasy, Historical, Romance, Samurai, Supernatural",TV,24,98144
51748,1593,7,Azumanga Web Daioh,"Comedy, School, Slice of Life",ONA,1,21904
71121,14353,-1,Death Billiards,"Drama, Game, Mystery, Psychological, Thriller",Movie,1,95690
7045,5,8,Cowboy Bebop: Tengoku no Tobira,"Action, Drama, Mystery, Sci-Fi, Space",Movie,1,137636
53141,6122,-1,Jinkou Shoujo: Henshin Sex Android,Hentai,OVA,2,3287
59643,30056,6,Amagi Brilliant Park: Wakuwaku Mini Theater - Rakugaki Backstage,Comedy,Special,7,14515
19898,19759,-1,Ansatsu Kyoushitsu,"Action, Comedy, Shounen",Special,1,35230
50058,2144,5,Naruto Movie 3: Dai Koufun! Mikazuki Jima no Animaru Panikku Dattebayo!,"Action, Adventure",Movie,1,91526
2188,11757,10,Sword Art Online,"Action, Adventure, Fantasy, Game, Romance",TV,25,893100
16095,3713,5,Jigoku Shoujo Mitsuganae,"Mystery, Psychological, Supernatural",TV,26,58993
32318,8074,6,Highschool of the Dead,"Action, Ecchi, Horror, Supernatural",TV,12,535892
34535,256,8,Hoshi no Koe,"Drama, Mecha, Romance, Sci-Fi, Space",OVA,1,85492
17753,226,-1,Elfen Lied,"Action, Drama, Horror, Psychological, Romance, Seinen, Supernatural",TV,13,623511
44561,5216,6,D.C.if: Da Capo if,"Drama, Harem, Magic, Romance",OVA,2,11482
63697,30503,9,Noragami Aragoto,"Action, Adventure, Shounen, Supernatural",TV,13,299434
11041,29163,-1,Sore ga Seiyuu!,"Comedy, Slice of Life",TV,13,25707
6836,10308,7,Sengoku Otome: Momoiro Paradox,"Action, Comedy, Historical, Samurai, Sci-Fi, Super Power",TV,13,27080
43023,1400,-1,Macross 7 Movie: Ginga ga Ore wo Yondeiru!,"Action, Adventure, Comedy, Drama, Mecha, Music, Sci-Fi, Shounen",Movie,1,5270
32858,2476,7,School Days,"Drama, Harem, Romance, School",TV,12,279183
34041,4752,-1,Vampire Knight Guilty,"Drama, Mystery, Romance, Shoujo, Supernatural, Vampire",TV,13,198492
31195,13659,9,Ore no Imouto ga Konnani Kawaii Wake ga Nai.,"Comedy, Seinen, Slice of Life",TV,13,194791
5057,357,6,Bokusatsu Tenshi Dokuro-chan,"Comedy, Ecchi, Magic",OVA,4,117080
44363,22535,9,Kiseijuu: Sei no Kakuritsu,"Action, Drama, Horror, Psychological, Sci-Fi, Seinen",TV,24,425457
28731,10079,7,Hoshizora e Kakaru Hashi,"Comedy, Ecchi, Harem, Romance, School",TV,12,85178
32808,18,8,Initial D Fourth Stage,"Action, Cars, Drama, Seinen, Sports",TV,24,41584
8342,6098,8,Sora no Manimani,"Comedy, Romance, School, Slice of Life",TV,12,28652
20022,1840,8,Zero no Tsukaima: Futatsuki no Kishi,"Action, Adventure, Comedy, Ecchi, Fantasy, Harem, Magic, Romance, School",TV,12,235684
23555,3221,-1,Shakugan no Shana Movie Special,"Adventure, Comedy, Fantasy, Parody",Special,1,19488
12981,25681,9,Kamisama Hajimemashita◎,"Comedy, Demons, Fantasy, Romance, Shoujo, Supernatural",TV,12,91796
12804,23755,9,Nanatsu no Taizai,"Action, Adventure, Ecchi, Fantasy, Shounen, Supernatural",TV,24,331627
9143,13663,5,To LOVE-Ru Darkness,"Comedy, Ecchi, Harem, Romance, School, Sci-Fi, Shounen",TV,12,135929
39997,465,9,One Piece Movie 7: Karakuri-jou no Mecha Kyohei,"Adventure, Comedy, Fantasy, Shounen",Movie,1,33028
52523,401,8,Rurouni Kenshin: Meiji Kenkaku Romantan - Seisou-hen,"Drama, Historical, Romance, Samurai, Shounen",OVA,2,49454
49318,600,6,Legend of Duo,"Drama, Shounen Ai, Supernatural, Vampire",TV,12,6991
29383,7058,10,Uragiri wa Boku no Namae wo Shitteiru,"Adventure, Drama, Fantasy, Shoujo, Shounen Ai",TV,24,55040
53661,2923,9,Shugo Chara!,"Comedy, Magic, School, Shoujo",TV,51,121108
49965,13659,8,Ore no Imouto ga Konnani Kawaii Wake ga Nai.,"Comedy, Seinen, Slice of Life",TV,13,194791
60586,894,10,Dragon Ball Z Movie 01: Ora no Gohan wo Kaese!!,"Adventure, Comedy, Fantasy, Sci-Fi, Shounen",Movie,1,57623
70844,16049,10,Toaru Kagaku no Railgun S,"Action, Sci-Fi, Super Power",TV,24,137105
22720,3784,9,Evangelion: 2.0 You Can (Not) Advance,"Action, Mecha, Sci-Fi",Movie,1,182224
49101,13587,10,Persona 4 the Animation: No One is Alone,"Adventure, Mystery, School, Sci-Fi, Super Power, Supernatural",Special,1,26501
1952,6709,-1,Ai Yori Aoshi: Yumegatari,"Comedy, Harem, Romance, Slice of Life",Special,1,6985
46732,521,8,Mermaid Melody Pichi Pichi Pitch,"Adventure, Comedy, Magic, Romance, Shoujo",TV,52,32296
69443,30296,9,Rakudai Kishi no Cavalry,"Action, Ecchi, Fantasy, Romance, School",TV,12,188685
57106,3782,9,Kara no Kyoukai 2: Satsujin Kousatsu (Zen),"Action, Mystery, Romance, Supernatural, Thriller",Movie,1,114415
51210,8675,9,Seitokai Yakuindomo,"Comedy, School, Shounen, Slice of Life",TV,13,217617
21990,15651,7,Phi Brain: Kami no Puzzle - Shukuteki! Rätsel-hen,"Action, Game, Mystery, Shounen",TV,25,20424
37946,4835,10,Bleach Movie 3: Fade to Black - Kimi no Na wo Yobu,"Action, Comedy, Shounen, Super Power, Supernatural",Movie,1,122373
55924,14719,9,JoJo no Kimyou na Bouken (TV),"Action, Adventure, Shounen, Supernatural, Vampire",TV,26,190197
68259,509,6,I My Me! Strawberry Eggs,"Comedy, Drama, Romance, School, Slice of Life",TV,13,25043
48631,11981,8,Mahou Shoujo Madoka★Magica Movie 3: Hangyaku no Monogatari,"Drama, Magic, Psychological, Thriller",Movie,1,135735
30796,199,-1,Sen to Chihiro no Kamikakushi,"Adventure, Drama, Supernatural",Movie,1,466254
21832,3784,8,Evangelion: 2.0 You Can (Not) Advance,"Action, Mecha, Sci-Fi",Movie,1,182224
70866,23317,10,Kuroshitsuji: Book of Murder,"Comedy, Demons, Fantasy, Historical, Mystery, Shounen, Supernatural",OVA,2,67261
65206,17121,10,Dareka no Manazashi,"Drama, Slice of Life",Movie,1,28138
65844,1699,9,Romeo x Juliet,"Drama, Fantasy, Historical, Romance",TV,24,91530
47924,2167,-1,Clannad,"Comedy, Drama, Romance, School, Slice of Life, Supernatural",TV,23,566690
62775,28999,8,Charlotte,"Drama, School, Super Power",TV,13,310137
49418,335,-1,Matantei Loki Ragnarok,"Comedy, Magic, Mystery, Shounen, Supernatural",TV,26,25098
39247,13183,-1,Fate/Zero Remix,"Action, Fantasy, Supernatural",Special,2,10824
18848,241,7,Girls Bravo: First Season,"Comedy, Ecchi, Fantasy, Harem, Romance, School",TV,11,84395
1058,11761,9,Medaka Box,"Action, Comedy, Ecchi, Martial Arts, School, Shounen, Super Power",TV,12,110042
62282,14967,-1,Boku wa Tomodachi ga Sukunai Next,"Comedy, Harem, Romance, School, Seinen, Slice of Life",TV,12,214319
30091,3667,-1,Strike Witches,"Action, Ecchi, Magic, Military, Sci-Fi",TV,12,96159
41576,22565,-1,Bad Badtz-Maru no Ari to Kirigirisu,"Fantasy, Kids",OVA,1,99
24559,2236,9,Toki wo Kakeru Shoujo,"Adventure, Drama, Romance, Sci-Fi",Movie,1,289206
57618,1817,9,DearS: Kin no Tama desu no?,"Comedy, Ecchi, Harem, Romance, Sci-Fi",Special,1,18412
34923,23233,8,Shinmai Maou no Testament,"Action, Demons, Ecchi, Fantasy, Harem, Romance",TV,12,172321
26162,32023,-1,Bubuki Buranki,"Action, Drama, Mecha, Sci-Fi",TV,12,44978
61231,8937,8,Toaru Majutsu no Index II,"Action, Magic, Sci-Fi, Super Power",TV,24,184520
60862,2400,3,Ghost Sweeper GS Mikami,"Comedy, Supernatural",TV,45,5118
70662,6746,9,Durarara!!,"Action, Mystery, Supernatural",TV,24,556431
71811,22877,8,Seirei Tsukai no Blade Dance,"Action, Comedy, Ecchi, Fantasy, Harem, Romance, School, Supernatural",TV,12,124448
13233,5630,8,Higashi no Eden,"Action, Comedy, Drama, Mystery, Romance, Sci-Fi, Thriller",TV,11,276593
41818,24227,8,Nisekoi OVA,"Comedy, Harem, Romance, School, Shounen",OVA,3,65287
21588,17777,6,"Saikin, Imouto no Yousu ga Chotto Okashiinda ga.","Comedy, Ecchi, Romance, Shounen, Supernatural",TV,12,74320
52700,10379,10,Natsume Yuujinchou San,"Drama, Fantasy, Shoujo, Slice of Life, Supernatural",TV,13,102322
48766,21073,-1,Puchimas!!: Petit Petit iDOLM@STER,"Comedy, Slice of Life",ONA,74,5359
73114,4186,9,Chrome Shelled Regios,"Action, Adventure, Fantasy, School, Sci-Fi",TV,24,103615
25454,2969,8,Appleseed Saga Ex Machina,"Action, Mecha, Military, Sci-Fi",Movie,1,28365
13913,5681,-1,Summer Wars,"Comedy, Sci-Fi",Movie,1,223359
65635,12049,10,Fairy Tail Movie 1: Houou no Miko,"Action, Adventure, Comedy, Fantasy, Magic, Shounen",Movie,1,77560
55092,3958,7,Kannagi,"Comedy, School, Shounen, Supernatural",TV,13,94202
66267,1313,9,Digimon Adventure 02,"Action, Adventure, Comedy, Drama, Fantasy, Kids",TV,50,120268
38854,2581,6,Mobile Suit Gundam 00,"Action, Drama, Mecha, Military, Sci-Fi, Space",TV,25,120351
4333,21881,8,Sword Art Online II,"Action, Adventure, Fantasy, Game, Romance",TV,24,537892
23319,12079,7,Black★Rock Shooter,"Action, Music",Music,1,40641
51881,9919,8,Ao no Exorcist,"Action, Demons, Fantasy, Shounen, Supernatural",TV,25,583823
67302,4224,8,Toradora!,"Comedy, Romance, School, Slice of Life",TV,25,633817
18576,13357,9,High School DxD Specials,"Comedy, Demons, Ecchi, Harem, Romance, School",Special,6,75439
20486,14407,8,Persona 3 the Movie 1: Spring of Birth,"Action, Fantasy, Seinen, Supernatural",Movie,1,45568
2677,225,-1,Dragon Ball GT,"Action, Adventure, Comedy, Fantasy, Magic, Sci-Fi, Shounen, Super Power",TV,64,226625
2715,21603,9,Mekakucity Actors,"Comedy, Romance, Sci-Fi, Super Power, Supernatural",TV,12,198876
21769,226,-1,Elfen Lied,"Action, Drama, Horror, Psychological, Romance, Seinen, Supernatural",TV,13,623511
16066,21561,7,Ryuugajou Nanana no Maizoukin (TV),"Comedy, Supernatural",TV,11,101326
49296,210,9,Ranma ½,"Comedy, Fantasy, Martial Arts, Slice of Life",TV,161,105212
24733,10087,10,Fate/Zero,"Action, Fantasy, Supernatural",TV,13,453630
28458,20057,9,Space☆Dandy,"Comedy, Sci-Fi, Space",TV,13,123529
55922,11933,6,Oda Nobuna no Yabou,"Comedy, Historical, Romance",TV,12,133216
8419,5940,6,Seiken no Blacksmith,"Action, Adventure, Fantasy",TV,12,81738
51997,6547,9,Angel Beats!,"Action, Comedy, Drama, School, Supernatural",TV,13,717796
63216,20899,10,JoJo no Kimyou na Bouken: Stardust Crusaders,"Action, Adventure, Drama, Shounen, Supernatural",TV,24,120089
45348,1606,7,Kekkaishi,"Adventure, Comedy, Fantasy, Shounen",TV,52,61884
11401,10934,-1,Itsuka Tenma no Kuro Usagi OVA,"Comedy, Ecchi, Romance, Shounen, Supernatural, Vampire",OVA,1,13397
33579,32281,10,Kimi no Na wa.,"Drama, Romance, School, Supernatural",Movie,1,200630
46318,14713,10,Kamisama Hajimemashita,"Comedy, Demons, Fantasy, Romance, Shoujo, Supernatural",TV,13,189641
15844,24133,9,Taimadou Gakuen 35 Shiken Shoutai,"Action, Ecchi, Fantasy, Harem, Military, Romance, Supernatural",TV,12,99133
28736,6178,7,Pokemon Diamond &amp; Pearl: Arceus Choukoku no Jikuu e,"Action, Adventure, Comedy, Drama, Fantasy, Kids",Movie,1,29668
1836,10800,-1,Chihayafuru,"Drama, Game, Josei, Slice of Life, Sports",TV,25,158561
16935,1858,-1,Gakuen Utopia Manabi Straight!,"Comedy, School, Slice of Life",TV,12,19315
14568,16762,-1,Mirai Nikki Redial,"Action, Psychological, Shounen, Supernatural",OVA,1,135604
45720,14765,8,Ixion Saga DT,"Action, Comedy, Fantasy",TV,25,52569
59778,894,-1,Dragon Ball Z Movie 01: Ora no Gohan wo Kaese!!,"Adventure, Comedy, Fantasy, Sci-Fi, Shounen",Movie,1,57623
68021,2494,8,Goshuushou-sama Ninomiya-kun,"Comedy, Ecchi, Fantasy, Harem",TV,12,63370
64713,2904,8,Code Geass: Hangyaku no Lelouch R2,"Action, Drama, Mecha, Military, Sci-Fi, Super Power",TV,25,572888
54585,90,-1,Mobile Suit Gundam Wing,"Action, Drama, Mecha, Military, Sci-Fi, Space",TV,49,86001
2810,45,8,Rurouni Kenshin: Meiji Kenkaku Romantan,"Action, Adventure, Comedy, Historical, Romance, Samurai",TV,94,218928
12126,24703,5,High School DxD BorN,"Action, Comedy, Demons, Ecchi, Harem, Romance, School",TV,12,192171
69841,7456,6,Discipline Zero,Hentai,OVA,2,5082
18464,17729,-1,Grisaia no Kajitsu,"Drama, Harem, Psychological, Romance, School",TV,13,178166
22672,2476,4,School Days,"Drama, Harem, Romance, School",TV,12,279183
41719,10087,7,Fate/Zero,"Action, Fantasy, Supernatural",TV,13,453630
58485,15863,8,Ginga Kikoutai Majestic Prince,"Action, Mecha, School, Sci-Fi, Seinen, Space",TV,24,35196
18152,21695,7,Pokemon XY SP: Road to Kalos,"Action, Adventure, Comedy, Fantasy, Kids",Special,1,2865
9426,22535,10,Kiseijuu: Sei no Kakuritsu,"Action, Drama, Horror, Psychological, Sci-Fi, Seinen",TV,24,425457
66135,226,7,Elfen Lied,"Action, Drama, Horror, Psychological, Romance, Seinen, Supernatural",TV,13,623511
33575,11209,-1,Maken-Ki! OVA,"Action, Ecchi, Harem, Martial Arts, School, Super Power",OVA,2,24386
57564,841,5,Colorful,"Comedy, Ecchi, Slice of Life",TV,16,13960
25354,8487,4,Onigamiden,"Action, Demons, Supernatural",Movie,1,7736
69202,12445,8,Tasogare Otome x Amnesia,"Horror, Mystery, Romance, School, Shounen, Supernatural",TV,12,172367
45415,27775,7,Plastic Memories,"Drama, Romance, Sci-Fi",TV,13,213493
49529,1569,8,Otome wa Boku ni Koishiteru,"Comedy, Drama, Romance, School",TV,12,42190
57592,710,9,Rec,"Comedy, Drama, Romance",TV,9,68951
68084,31953,8,New Game!,"Comedy, Slice of Life",TV,12,91932
44292,17505,8,Mushibugyou,"Action, Fantasy, Historical, Martial Arts, Samurai, Shounen, Super Power",TV,26,40155
56806,8074,-1,Highschool of the Dead,"Action, Ecchi, Horror, Supernatural",TV,12,535892
7020,486,10,Kino no Tabi: The Beautiful World,"Action, Adventure, Slice of Life",TV,13,102822
12888,5682,8,Phantom: Requiem for the Phantom,"Action, Drama, Seinen, Thriller",TV,26,159105
15277,23281,7,Psycho-Pass 2,"Action, Police, Psychological, Sci-Fi",TV,11,228435
72768,896,-1,Dragon Ball Z Movie 03: Chikyuu Marugoto Choukessen,"Adventure, Comedy, Fantasy, Sci-Fi, Shounen",Movie,1,57840
53401,191,4,Love Hina Christmas Special: Silent Eve,"Comedy, Romance, Slice of Life",Special,1,45137
7656,10798,7,UN-GO,"Mystery, Supernatural",TV,11,84499
25497,196,6,Onegai☆Twins,"Comedy, Drama, Harem, School, Sci-Fi",TV,12,59164
71198,31442,7,Musaigen no Phantom World,"Action, Comedy, Fantasy, Slice of Life, Supernatural",TV,13,168482
39675,22265,10,Free!: Eternal Summer,"Comedy, School, Slice of Life, Sports",TV,13,150596
29075,9203,1,K-On!!: Ura-On!!,Comedy,Special,9,23216
20901,3250,-1,Daishikkin Helena,Hentai,OVA,2,2503
41378,2890,7,Gake no Ue no Ponyo,"Adventure, Fantasy",Movie,1,140277
30436,1689,8,Byousoku 5 Centimeter,"Drama, Romance, Slice of Life",Movie,3,324035
16939,13759,10,Sakurasou no Pet na Kanojo,"Comedy, Drama, Romance, School, Slice of Life",TV,24,380375
26558,15689,9,Nekomonogatari: Kuro,"Comedy, Romance, Supernatural",TV,4,173264
41662,356,9,Fate/stay night,"Action, Fantasy, Magic, Romance, Supernatural",TV,24,374880
31693,1519,8,Black Lagoon: The Second Barrage,"Action, Seinen",TV,12,203233
66696,916,6,Tokkou,"Action, Comedy, Horror, Mystery, Police, Supernatural",TV,13,30836
15015,14829,-1,Fate/kaleid liner Prisma☆Illya,"Action, Comedy, Fantasy, Magic",TV,10,100392
36988,15809,-1,Hataraku Maou-sama!,"Comedy, Demons, Fantasy, Romance, Shounen",TV,13,409037
72954,30654,9,Ansatsu Kyoushitsu (TV) 2nd Season,"Action, Comedy, School, Shounen",TV,25,176475
70581,20,9,Naruto,"Action, Comedy, Martial Arts, Shounen, Super Power",TV,220,683297
55723,21995,8,Ao Haru Ride,"Comedy, Drama, Romance, School, Shoujo, Slice of Life",TV,12,227417
62681,11813,9,Shijou Saikyou no Deshi Kenichi OVA,"Action, Comedy, Martial Arts, School, Shounen",OVA,11,24167
54576,10681,9,Blood-C: The Last Dark,"Action, Horror, Supernatural, Vampire",Movie,1,37925
52392,7769,8,Ookami-san to Shichinin no Nakama-tachi,"Comedy, Parody, Romance",TV,12,145982
60264,512,-1,Majo no Takkyuubin,"Adventure, Comedy, Drama, Fantasy, Magic, Romance",Movie,1,152331
14762,1818,9,Claymore,"Action, Adventure, Demons, Fantasy, Shounen, Super Power, Supernatural",TV,26,316853
35550,121,8,Fullmetal Alchemist,"Action, Adventure, Comedy, Drama, Fantasy, Magic, Military, Shounen",TV,51,600384
67665,1399,6,Macross 7 Encore,"Action, Comedy, Drama, Mecha, Music, Sci-Fi, Shounen",OVA,3,5616
70206,30544,7,Gakusen Toshi Asterisk,"Action, Comedy, Ecchi, Fantasy, Harem, Romance, School, Sci-Fi, Supernatural",TV,12,168657
25803,2243,-1,Karasu Tengu Kabuto,"Action, Adventure, Drama, Historical",TV,39,1220
69774,28617,9,Punch Line,"Comedy, Ecchi, Sci-Fi, Super Power, Supernatural",TV,12,93000
40641,10017,-1,Dragon Ball: Super Saiya-jin Zetsumetsu Keikaku,"Adventure, Fantasy, Martial Arts, Sci-Fi, Shounen, Super Power",OVA,1,15280
66193,10604,10,Hidan no Aria Special,"Action, Comedy, Mystery, Romance",Special,1,32988
40655,4789,10,ef: A Tale of Melodies.,"Drama, Mystery, Romance, Supernatural",TV,12,103657
7231,73,8,Full Metal Panic! The Second Raid,"Action, Mecha, Military",TV,13,155340
65287,14833,-1,Maoyuu Maou Yuusha,"Adventure, Demons, Fantasy, Historical, Romance",TV,12,164445
50891,252,8,Madlax,"Drama, Magic, Military, Mystery, Psychological, Shounen, Supernatural",TV,26,25995
22271,1535,9,Death Note,"Mystery, Police, Psychological, Supernatural, Thriller",TV,37,1013917
5697,3002,-1,Gyakkyou Burai Kaiji: Ultimate Survivor,"Game, Psychological, Seinen, Thriller",TV,26,98996
63694,9362,-1,Hyakka Ryouran: Samurai Girls Specials,Ecchi,Special,6,15446
17578,11771,9,Kuroko no Basket,"Comedy, School, Shounen, Sports",TV,25,338315
57213,14741,7,Chuunibyou demo Koi ga Shitai!,"Comedy, Drama, Romance, School, Slice of Life",TV,12,394399
14933,1350,9,Parasite Dolls,"Action, Mecha, Police, Sci-Fi",OVA,3,6156
20033,5204,10,Kara no Kyoukai 6: Boukyaku Rokuon,"Action, Magic, Mystery, Romance, Supernatural, Thriller",Movie,1,93803
32361,157,7,Mahou Sensei Negima!,"Comedy, Ecchi, Fantasy, Harem, Magic, Romance, School, Shounen, Super Power, Supernatural",TV,26,76253
3047,16782,8,Kotonoha no Niwa,"Drama, Psychological, Romance, Slice of Life",Movie,1,189741
48106,16239,10,One Piece: Episode of Luffy - Hand Island no Bouken,"Action, Adventure, Comedy, Fantasy, Shounen, Super Power",Special,1,21489
22320,6512,-1,Nyan Koi!,"Comedy, Harem, Romance",TV,12,142264
18680,13659,-1,Ore no Imouto ga Konnani Kawaii Wake ga Nai.,"Comedy, Seinen, Slice of Life",TV,13,194791
31066,8769,7,Ore no Imouto ga Konnani Kawaii Wake ga Nai,"Comedy, Seinen, Slice of Life",TV,12,321477
17695,11111,10,Another,"Horror, Mystery, School, Supernatural, Thriller",TV,12,534657
72668,10793,9,Guilty Crown,"Action, Drama, Sci-Fi, Super Power",TV,22,460959
49607,6896,5,Pandora Hearts Specials,Comedy,Special,9,32103
41135,2167,6,Clannad,"Comedy, Drama, Romance, School, Slice of Life, Supernatural",TV,23,566690
66742,3033,-1,Digimon Tamers: Bousou Digimon Tokkyuu,"Adventure, Comedy, Sci-Fi, Shounen",Movie,1,14037
19244,5680,10,K-On!,"Comedy, Music, School, Slice of Life",TV,13,386048
13609,17895,8,Golden Time,"Comedy, Romance, Seinen",TV,24,273191
50498,2848,10,Kappa no Coo to Natsuyasumi,"Adventure, Shounen",Movie,1,6953
16758,20689,7,Hamatora The Animation,"Comedy, Mystery, Super Power",TV,12,133571
7659,164,8,Mononoke Hime,"Action, Adventure, Fantasy",Movie,1,339556
41351,2866,7,Ane☆Haramix,Hentai,OVA,4,7712
61261,133,5,Green Green,"Comedy, Ecchi, Romance, School, Slice of Life",TV,12,80562
18945,11979,6,Mahou Shoujo Madoka★Magica Movie 2: Eien no Monogatari,"Drama, Magic, Psychological, Thriller",Movie,1,85361
44879,6127,-1,Toradora!: SOS!,Comedy,Special,4,54096
25238,27891,7,Sword Art Online II: Debriefing,"Action, Adventure, Fantasy, Game",Special,1,39092
70035,2759,7,Evangelion: 1.0 You Are (Not) Alone,"Action, Mecha, Sci-Fi",Movie,1,194561
49239,886,-1,Amaenaide yo!! Katsu!!,"Comedy, Ecchi, Harem, Romance, Supernatural",TV,12,33573
61635,9618,6,Asobi ni Iku yo!: Asobi ni Oide,"Comedy, Ecchi, Harem, Romance, Sci-Fi",OVA,1,24545
29131,8525,8,Kami nomi zo Shiru Sekai,"Comedy, Harem, Romance, Shounen, Supernatural",TV,12,284846
22478,227,8,FLCL,"Action, Comedy, Dementia, Mecha, Parody, Sci-Fi",OVA,6,305165
18784,5958,9,Sora no Otoshimono,"Comedy, Ecchi, Harem, Romance, Sci-Fi, Shounen, Supernatural",TV,13,227681
24924,8841,-1,Kore wa Zombie Desu ka?,"Action, Comedy, Ecchi, Harem, Magic, Supernatural",TV,12,295782
58506,1473,-1,City Hunter &#039;91,"Action, Comedy, Mystery, Shounen",TV,13,6337
21893,12255,5,Carnival Phantasm: Illya-jou,"Comedy, Parody",Special,1,19277
62505,10659,10,Naruto Soyokazeden Movie: Naruto to Mashin to Mitsu no Onegai Dattebayo!!,"Action, Comedy, Martial Arts, Shounen, Super Power",Movie,1,25174
47652,19365,7,Samurai Flamenco,"Action, Comedy, Parody",TV,22,74324
48177,4896,10,Umineko no Naku Koro ni,"Horror, Mystery, Psychological, Supernatural",TV,26,126865
64476,521,-1,Mermaid Melody Pichi Pichi Pitch,"Adventure, Comedy, Magic, Romance, Shoujo",TV,52,32296
10951,2899,8,Higurashi no Naku Koro ni Special: Nekogoroshi-hen,"Comedy, Mystery",Special,1,46415
63337,25283,8,Kuusen Madoushi Kouhosei no Kyoukan,"Action, Drama, Fantasy, Magic, School",TV,12,81870
58984,594,-1,Naruto: Takigakure no Shitou - Ore ga Eiyuu Dattebayo!,"Action, Adventure, Comedy, Shounen, Super Power",Special,1,52264
66012,11757,9,Sword Art Online,"Action, Adventure, Fantasy, Game, Romance",TV,25,893100
61845,27899,10,Tokyo Ghoul √A,"Action, Drama, Horror, Mystery, Psychological, Seinen, Supernatural",TV,12,408357
51792,28121,9,Dungeon ni Deai wo Motomeru no wa Machigatteiru Darou ka,"Action, Adventure, Comedy, Fantasy, Romance",TV,13,336349
23954,8074,10,Highschool of the Dead,"Action, Ecchi, Horror, Supernatural",TV,12,535892
49920,11577,9,Steins;Gate Movie: Fuka Ryouiki no Déjà vu,"Sci-Fi, Thriller",Movie,1,192424
36721,21659,9,Kill la Kill Special,"Action, Comedy, School, Super Power",Special,1,83795
34117,16273,9,Acchi Kocchi (TV): Place=Princess,"Comedy, Romance, School, Seinen, Slice of Life",Special,1,26246
65743,762,8,Bleach: Memories in the Rain,"Action, Adventure, Drama, Shounen, Supernatural",Special,1,78111
71145,1195,-1,Zero no Tsukaima,"Action, Adventure, Comedy, Ecchi, Fantasy, Harem, Magic, Romance, School",TV,13,346828
25078,19191,7,Ghost in the Shell: Arise - Border:2 Ghost Whispers,"Mecha, Police, Psychological, Sci-Fi",Movie,1,24880
18138,1575,9,Code Geass: Hangyaku no Lelouch,"Action, Mecha, Military, School, Sci-Fi, Super Power",TV,25,715151
21911,1575,7,Code Geass: Hangyaku no Lelouch,"Action, Mecha, Military, School, Sci-Fi, Super Power",TV,25,715151
27088,590,-1,Kage kara Mamoru!,"Comedy, Romance, Shounen",TV,12,17136
62360,10620,9,Mirai Nikki (TV),"Action, Mystery, Psychological, Shounen, Supernatural, Thriller",TV,26,657190
6358,47,8,Akira,"Action, Adventure, Horror, Military, Sci-Fi, Supernatural",Movie,1,215897
27592,502,7,Dragon Ball Movie 1: Shen Long no Densetsu,"Action, Adventure, Comedy, Fantasy, Shounen, Super Power",Movie,1,30279
1600,11757,8,Sword Art Online,"Action, Adventure, Fantasy, Game, Romance",TV,25,893100
12405,15335,10,Gintama Movie: Kanketsu-hen - Yorozuya yo Eien Nare,"Action, Comedy, Historical, Parody, Samurai, Sci-Fi, Shounen",Movie,1,72534
2236,468,-1,Ghost in the Shell 2: Innocence,"Mecha, Military, Police, Psychological, Sci-Fi",Movie,1,85714
43686,5962,8,Metal Fight Beyblade,"Adventure, Comedy, Sports",TV,51,13898
15519,7304,9,Detective Conan Movie 08: Time Travel of the Silver Sky,"Adventure, Mystery",Special,1,6515
54348,13927,-1,Sacred Seven: Shirogane no Tsubasa Picture Drama,"Action, Comedy, School, Sci-Fi, Super Power",Special,2,1589
27733,59,7,Chobits,"Comedy, Drama, Ecchi, Romance, Sci-Fi, Seinen",TV,26,266846
23386,12505,-1,C³ Special,"Action, Comedy, Ecchi, School, Supernatural",Special,1,18468
57860,2924,9,ef: A Tale of Memories.,"Drama, Mystery, Romance",TV,12,151106
26900,26243,-1,Owari no Seraph,"Action, Drama, Shounen, Supernatural, Vampire",TV,12,315630
7726,725,5,First Kiss Monogatari,"Drama, Romance",OVA,1,1878
14768,12293,7,Campione!: Matsurowanu Kamigami to Kamigoroshi no Maou,"Comedy, Ecchi, Fantasy, Harem, Magic, Romance",TV,13,151928
48645,1118,8,Pokemon: Kesshoutou no Teiou Entei,"Action, Adventure, Comedy, Drama, Fantasy, Kids",Movie,1,73253
59017,2787,8,Shakugan no Shana II (Second),"Action, Drama, Fantasy, Romance, School, Supernatural",TV,24,184525
57580,5258,10,Hajime no Ippo: New Challenger,"Comedy, Drama, Shounen, Sports",TV,26,88995
6158,43,7,Ghost in the Shell,"Action, Mecha, Police, Psychological, Sci-Fi, Seinen",Movie,1,223036
1530,19251,6,Uta no☆Prince-sama♪ Maji Love 2000%: Shining Star Xmas,"Comedy, Harem, Music, Romance, School, Shoujo",Special,1,13903
43737,31240,9,Re:Zero kara Hajimeru Isekai Seikatsu,"Drama, Fantasy, Psychological, Thriller",TV,25,355839
5512,527,-1,Pokemon,"Action, Adventure, Comedy, Fantasy, Kids",TV,276,229157
11055,51,7,Tenshi Kinryouku,"Action, Drama, Romance, Shoujo, Supernatural",OVA,3,36352
41947,5667,7,To LOVE-Ru OVA,"Comedy, Ecchi, Harem, School, Sci-Fi, Shounen",OVA,6,79923
27899,10067,7,Angel Beats!: Another Epilogue,"Drama, School, Supernatural",Special,1,134180
26163,475,6,Hotori: Tada Saiwai wo Koinegau,"Drama, Sci-Fi",Movie,1,3701
31828,11013,9,Inu x Boku SS,"Comedy, Romance, Shounen, Supernatural",TV,12,216204
51572,667,9,Kashimashi: Girl Meets Girl,"Comedy, Drama, Romance, School, Shoujo Ai, Slice of Life",TV,12,32198
1390,11553,-1,Toradora!: Bentou no Gokui,"Comedy, Romance, School, Slice of Life",Special,1,71433
25108,164,7,Mononoke Hime,"Action, Adventure, Fantasy",Movie,1,339556
4404,11111,7,Another,"Horror, Mystery, School, Supernatural, Thriller",TV,12,534657
46244,199,7,Sen to Chihiro no Kamikakushi,"Adventure, Drama, Supernatural",Movie,1,466254
25277,4214,6,Rosario to Vampire Capu2,"Comedy, Ecchi, Fantasy, Harem, Romance, School, Vampire",TV,13,203958
26546,381,7,Fushigi Yuugi OVA 2,"Adventure, Drama, Fantasy, Historical, Martial Arts, Romance, Shoujo",OVA,6,13508
21079,3784,9,Evangelion: 2.0 You Can (Not) Advance,"Action, Mecha, Sci-Fi",Movie,1,182224
14271,24703,8,High School DxD BorN,"Action, Comedy, Demons, Ecchi, Harem, Romance, School",TV,12,192171
32858,28791,8,Gunslinger Stratos: The Animation,"Action, Sci-Fi",TV,12,47587
47495,10087,10,Fate/Zero,"Action, Fantasy, Supernatural",TV,13,453630
40902,11665,10,Natsume Yuujinchou Shi,"Drama, Fantasy, Shoujo, Slice of Life, Supernatural",TV,13,98431
34132,6512,5,Nyan Koi!,"Comedy, Harem, Romance",TV,12,142264
7345,21635,5,GJ-bu@,"Comedy, School, Slice of Life",Special,1,18894
48237,25429,-1,Isuca,"Action, Comedy, Ecchi, Romance, School, Seinen, Supernatural",TV,10,63638
29838,7791,6,K-On!!,"Comedy, Music, School, Slice of Life",TV,26,246276
21588,22,7,Prince of Tennis,"Action, Comedy, School, Shounen, Sports",TV,178,87643
61107,330,8,Midori no Hibi,"Comedy, Drama, Ecchi, Romance, Shounen",TV,13,87938
65487,11179,9,Papa no Iukoto wo Kikinasai!,"Comedy, Romance, Slice of Life",TV,12,97674
14639,27821,10,Fate/stay night: Unlimited Blade Works - Prologue,"Action, Fantasy, Magic, Shounen, Supernatural",Special,1,106382
60637,3087,7,Cencoroll,"Action, Sci-Fi",Movie,1,56370
48452,11741,10,Fate/Zero 2nd Season,"Action, Fantasy, Supernatural, Thriller",TV,12,340973
11656,101,5,Air,"Drama, Romance, Slice of Life, Supernatural",TV,13,188861
3851,11837,7,Zetman,"Action, Drama, Horror, Romance, Sci-Fi, Seinen, Supernatural",TV,13,65633
32650,6127,1,Toradora!: SOS!,Comedy,Special,4,54096
1335,897,-1,Dragon Ball Z Movie 04: Super Saiyajin da Son Gokuu,"Adventure, Fantasy, Sci-Fi, Shounen",Movie,1,51924
24044,12189,-1,Hyouka,"Mystery, School, Slice of Life",TV,22,372246
73086,9656,8,Kimi ni Todoke 2nd Season,"Romance, School, Shoujo, Slice of Life",TV,12,171866
53657,9367,-1,Freezing,"Action, Drama, Ecchi, Harem, Martial Arts, Romance, Sci-Fi, Seinen",TV,12,159273
32687,949,7,Top wo Nerae! Gunbuster,"Action, Comedy, Drama, Mecha, Military, Sci-Fi, Shounen, Space",OVA,6,51724
15739,12403,-1,Yuru Yuri♪♪,"Comedy, School, Shoujo Ai, Slice of Life",TV,12,83097
1274,16904,7,K: Missing Kings,"Action, Super Power, Supernatural",Movie,1,98549
16192,2025,-1,Darker than Black: Kuro no Keiyakusha,"Action, Mystery, Sci-Fi, Super Power",TV,25,440334
54582,1571,9,Ghost Hunt,"Comedy, Horror, Mystery, Shoujo, Supernatural",TV,25,126426
50781,1195,7,Zero no Tsukaima,"Action, Adventure, Comedy, Ecchi, Fantasy, Harem, Magic, Romance, School",TV,13,346828
18566,4437,5,Naruto: Shippuuden Movie 2 - Kizuna,"Action, Martial Arts, Shounen, Supernatural",Movie,1,97818
10450,270,9,Hellsing,"Action, Horror, Seinen, Supernatural, Vampire",TV,13,308995
201,11747,-1,Kiriya Hakushaku Ke no Roku Shimai,Hentai,OVA,2,2729
27313,16241,9,"Yondemasu yo, Azazel-san. Z","Comedy, Demons, Supernatural",TV,13,20640
7674,6007,9,Ookami to Koushinryou II: Ookami to Kohakuiro no Yuuutsu,"Fantasy, Historical, Romance",OVA,1,81137
22690,759,9,Tokyo Godfathers,"Comedy, Drama",Movie,1,89424
71035,25157,6,Trinity Seven,"Action, Comedy, Ecchi, Fantasy, Harem, Magic, Romance, School, Shounen, Supernatural",TV,12,208796
5815,15225,6,Hentai Ouji to Warawanai Neko.,"Comedy, Harem, Romance, School, Seinen, Supernatural",TV,12,201735
58281,853,9,Ouran Koukou Host Club,"Comedy, Harem, Romance, School, Shoujo",TV,26,422271
66847,20545,-1,Yuusha ni Narenakatta Ore wa Shibushibu Shuushoku wo Ketsui Shimashita. OVA,"Comedy, Ecchi, Fantasy, Romance",OVA,1,20680
49869,437,5,Perfect Blue,"Dementia, Drama, Horror, Psychological",Movie,1,117565
48900,21563,-1,Kamigami no Asobi,"Fantasy, Harem, Romance, Shoujo, Supernatural",TV,12,61410
58473,10351,5,Tenchi Muyou! Ryououki 2nd Season Picture Drama,"Comedy, Sci-Fi, Shounen, Space",Special,1,3626
38060,16353,8,Love Lab,"Comedy, Romance, School",TV,13,79493
729,3604,-1,Hidamari Sketch x 365,"Comedy, School, Slice of Life",TV,13,19180
45241,28223,7,Death Parade,"Drama, Game, Mystery, Psychological, Thriller",TV,12,383914
46851,11339,9,A-Channel+smile,"Comedy, School, Seinen, Slice of Life",OVA,2,13671
22221,2937,-1,Bishoujo Senshi Sailor Moon R: Make Up! Sailor Senshi,Shoujo,Special,1,10441
742,513,-1,Tenkuu no Shiro Laputa,"Adventure, Fantasy, Romance, Sci-Fi",Movie,1,151061
46415,8460,-1,Mirai Nikki,"Action, Shounen, Supernatural",OVA,1,114217
11645,18115,8,Magi: The Kingdom of Magic,"Action, Adventure, Fantasy, Magic, Shounen",TV,25,245026
47602,10800,8,Chihayafuru,"Drama, Game, Josei, Slice of Life, Sports",TV,25,158561
51084,227,10,FLCL,"Action, Comedy, Dementia, Mecha, Parody, Sci-Fi",OVA,6,305165
41209,10739,-1,Panty &amp; Stocking in Sanitarybox,"Action, Comedy, Dementia, Ecchi, Parody, Supernatural",Special,1,19669
35696,2993,1,Rosario to Vampire,"Comedy, Ecchi, Fantasy, Harem, Romance, School, Shounen, Vampire",TV,13,299278
65922,8074,8,Highschool of the Dead,"Action, Ecchi, Horror, Supernatural",TV,12,535892
61348,846,8,School Rumble Ni Gakki,"Comedy, Romance, School, Shounen",TV,26,93095
10523,443,8,Onegai☆Teacher: Himitsu na Futari,"Comedy, Ecchi, Romance, Sci-Fi",OVA,1,32134
24413,1543,-1,Yoake Mae yori Ruriiro na: Crescent Love,"Comedy, Romance, School, Sci-Fi",TV,12,22770
29381,6987,8,Aki-Sora,"Ecchi, Romance, Seinen",OVA,1,54567
29684,30015,10,ReLIFE,"Romance, School, Slice of Life",TV,13,202249
19898,863,-1,Joshikousei: Girl&#039;s High,"Comedy, Drama, Ecchi, School, Slice of Life",TV,12,22982
65226,31043,9,Boku dake ga Inai Machi,"Mystery, Psychological, Seinen, Supernatural",TV,12,402381
72789,7088,7,Ichiban Ushiro no Daimaou,"Action, Comedy, Ecchi, Fantasy, Harem, Magic, School, Shounen",TV,12,203618
16919,17265,9,Log Horizon,"Action, Adventure, Fantasy, Game, Magic, Shounen",TV,25,387100
40277,8516,-1,Baka to Test to Shoukanjuu Ni!,"Comedy, Romance, School, Super Power",TV,13,183722
55637,10447,8,Aquarion Evol,"Action, Comedy, Drama, Fantasy, Mecha, Romance, Sci-Fi",TV,26,62753
58121,143,8,Kannazuki no Miko,"Drama, Magic, Mecha, Romance, Shoujo Ai, Shounen, Supernatural",TV,12,42927
41832,33,-1,Berserk,"Action, Adventure, Demons, Drama, Fantasy, Horror, Military, Romance, Seinen, Supernatural",TV,25,226430
5383,238,5,Rekka no Honoo,"Action, Adventure, Martial Arts, Shounen, Super Power",TV,42,35258
26447,5114,9,Fullmetal Alchemist: Brotherhood,"Action, Adventure, Drama, Fantasy, Magic, Military, Shounen",TV,64,793665
20811,15197,8,Code Geass: Boukoku no Akito 2 - Hikisakareshi Yokuryuu,"Action, Mecha, Military",Movie,1,61020
52102,195,9,Onegai☆Teacher,"Comedy, Drama, Romance, School, Sci-Fi",TV,12,99558
54043,953,8,Jyu Oh Sei,"Action, Adventure, Drama, Mystery, Sci-Fi, Shoujo",TV,11,44766
62966,10067,7,Angel Beats!: Another Epilogue,"Drama, School, Supernatural",Special,1,134180
25577,10308,-1,Sengoku Otome: Momoiro Paradox,"Action, Comedy, Historical, Samurai, Sci-Fi, Super Power",TV,13,27080
31923,813,-1,Dragon Ball Z,"Action, Adventure, Comedy, Fantasy, Martial Arts, Shounen, Super Power",TV,291,375662
39775,5675,-1,Basquash!,"Ecchi, Mecha, Shounen, Sports",TV,26,30323
40598,658,-1,Touhai Densetsu Akagi: Yami ni Maiorita Tensai,"Game, Psychological, Seinen, Thriller",TV,26,48127
59749,14827,-1,D.C.III: Da Capo III,"Drama, Ecchi, Romance, School",TV,13,16219
15111,10161,6,No.6,"Action, Sci-Fi",TV,11,168017
60596,71,-1,Full Metal Panic!,"Action, Comedy, Mecha, Military, Sci-Fi",TV,24,256325
6509,9936,-1,Maken-Ki!,"Action, Ecchi, Harem, Martial Arts, School, Super Power",TV,12,104182
12263,1575,9,Code Geass: Hangyaku no Lelouch,"Action, Mecha, Military, School, Sci-Fi, Super Power",TV,25,715151
11358,2167,8,Clannad,"Comedy, Drama, Romance, School, Slice of Life, Supernatural",TV,23,566690
47238,8769,8,Ore no Imouto ga Konnani Kawaii Wake ga Nai,"Comedy, Seinen, Slice of Life",TV,12,321477
39713,6547,10,Angel Beats!,"Action, Comedy, Drama, School, Supernatural",TV,13,717796
18907,2001,-1,Tengen Toppa Gurren Lagann,"Action, Adventure, Comedy, Mecha, Sci-Fi",TV,27,562962
27157,5030,8,Maria†Holic,"Comedy, Parody, School, Shoujo Ai",TV,12,104663
10588,5060,9,Hetalia Axis Powers,"Comedy, Historical, Parody",ONA,52,144898
12782,31173,9,Akagami no Shirayuki-hime 2nd Season,"Drama, Fantasy, Romance, Shoujo",TV,12,80862
20659,263,9,Hajime no Ippo,"Comedy, Drama, Shounen, Sports",TV,75,157670
58022,653,8,Galaxy Angel 3,"Comedy, Sci-Fi",TV,26,6244
60887,9756,7,Mahou Shoujo Madoka★Magica,"Drama, Magic, Psychological, Thriller",TV,12,462974
54178,9515,1,Highschool of the Dead: Drifters of the Dead,"Comedy, Ecchi, Supernatural",OVA,1,140501
36366,14713,9,Kamisama Hajimemashita,"Comedy, Demons, Fantasy, Romance, Shoujo, Supernatural",TV,13,189641
35688,4181,10,Clannad: After Story,"Drama, Fantasy, Romance, Slice of Life, Supernatural",TV,24,456749
51377,66,10,Azumanga Daioh,"Comedy, School, Slice of Life",TV,26,170901
53864,2020,8,One Piece: Nenmatsu Tokubetsu Kikaku! Mugiwara no Luffy Oyabun Torimonochou,"Adventure, Comedy, Fantasy, Shounen",Special,1,18307
7622,16498,10,Shingeki no Kyojin,"Action, Drama, Fantasy, Shounen, Super Power",TV,25,896229
28680,121,9,Fullmetal Alchemist,"Action, Adventure, Comedy, Drama, Fantasy, Magic, Military, Shounen",TV,51,600384
53494,9599,6,Miyazaki Maya Daizukan,Hentai,OVA,2,1980
22026,20,8,Naruto,"Action, Comedy, Martial Arts, Shounen, Super Power",TV,220,683297
5137,31138,6,Overlord: Ple Ple Pleiades,"Action, Comedy, Fantasy, Magic",Special,8,25625
45820,6033,6,Dragon Ball Kai,"Action, Adventure, Comedy, Fantasy, Martial Arts, Shounen, Super Power",TV,97,116832
52356,164,8,Mononoke Hime,"Action, Adventure, Fantasy",Movie,1,339556
3293,2383,10,Cybersix,"Action, Adventure, Romance, Sci-Fi",TV,13,3607
52213,8536,4,Fortune Arterial: Akai Yakusoku,"Comedy, Romance, School, Supernatural, Vampire",TV,12,71285
25141,121,8,Fullmetal Alchemist,"Action, Adventure, Comedy, Drama, Fantasy, Magic, Military, Shounen",TV,51,600384
55208,8426,10,Hourou Musuko,"Drama, School, Slice of Life",TV,11,53426
57527,1506,9,Detective Conan Movie 10: Requiem of the Detectives,"Adventure, Comedy, Mystery, Police, Shounen",Movie,1,21789
24079,322,9,Paradise Kiss,"Comedy, Drama, Josei, Romance, Slice of Life",TV,12,86380
5553,9617,10,K-On! Movie,"Comedy, Music, Slice of Life",Movie,1,115252
37929,1240,7,Bishoujo Senshi Sailor Moon SuperS: Sailor 9 Senshi Shuuketsu! Black Dream Hole no Kiseki,"Drama, Magic, Shoujo",Movie,1,24968
57027,3785,10,Evangelion: 3.0 You Can (Not) Redo,"Action, Mecha, Sci-Fi",Movie,1,135318
12291,13659,5,Ore no Imouto ga Konnani Kawaii Wake ga Nai.,"Comedy, Seinen, Slice of Life",TV,13,194791
34855,3712,10,Zero no Tsukaima: Princesses no Rondo,"Action, Adventure, Comedy, Ecchi, Fantasy, Harem, Magic, Romance, School",TV,12,210891
53343,1,10,Cowboy Bebop,"Action, Adventure, Comedy, Drama, Sci-Fi, Space",TV,26,486824
8168,1840,10,Zero no Tsukaima: Futatsuki no Kishi,"Action, Adventure, Comedy, Ecchi, Fantasy, Harem, Magic, Romance, School",TV,12,235684
52994,218,6,Kidou Senkan Nadesico,"Action, Comedy, Mecha, Military, Parody, Romance, Sci-Fi, Shounen, Space",TV,26,27976
50766,836,6,Sister Princess,"Comedy, Drama, Harem, Romance, Slice of Life",TV,26,14714
37173,10067,-1,Angel Beats!: Another Epilogue,"Drama, School, Supernatural",Special,1,134180
59643,16123,7,Saki Zenkoku-hen,"Game, School, Slice of Life",TV,13,19010
33486,5300,7,Zoku Natsume Yuujinchou,"Drama, Fantasy, Shoujo, Slice of Life, Supernatural",TV,13,114173
31489,11499,-1,Sankarea,"Comedy, Ecchi, Horror, Romance, Shounen, Supernatural",TV,12,222657
63370,777,9,Hellsing Ultimate,"Action, Horror, Military, Seinen, Supernatural, Vampire",OVA,10,297454
32395,22043,9,Fairy Tail (2014),"Action, Adventure, Comedy, Fantasy, Magic, Shounen",TV,102,255076
70212,14227,-1,Tonari no Kaibutsu-kun,"Comedy, Romance, School, Shoujo, Slice of Life",TV,13,349836
31903,10119,9,Seitokai Yakuindomo OVA,"Comedy, School, Shounen, Slice of Life",OVA,8,63265
62533,59,7,Chobits,"Comedy, Drama, Ecchi, Romance, Sci-Fi, Seinen",TV,26,266846
2844,10209,10,Kore wa Zombie Desu ka? OVA,"Action, Comedy, Ecchi, Harem, Magic, Supernatural",OVA,2,73826
61916,10397,6,Mashiro-iro Symphony: The Color of Lovers,"Drama, Harem, Romance, School",TV,12,77284
41933,59,10,Chobits,"Comedy, Drama, Ecchi, Romance, Sci-Fi, Seinen",TV,26,266846
54452,2899,7,Higurashi no Naku Koro ni Special: Nekogoroshi-hen,"Comedy, Mystery",Special,1,46415
31406,2251,10,Baccano!,"Action, Comedy, Historical, Mystery, Seinen, Supernatural",TV,13,363215
58373,1726,7,Devil May Cry,"Action, Demons, Fantasy",TV,12,166398
28157,986,6,Dragon Ball Z Special 1: Tatta Hitori no Saishuu Kessen,"Adventure, Comedy, Fantasy, Sci-Fi, Shounen",Special,1,46276
30565,29413,6,Dog Days Recap,"Action, Adventure, Fantasy, Magic",Special,1,2169
69324,20977,7,Tonari no Seki-kun OVA,"Comedy, School, Seinen",OVA,1,20774
57689,182,8,Tenkuu no Escaflowne,"Adventure, Fantasy, Mecha, Romance, Shoujo",TV,26,83437
4582,4382,8,Suzumiya Haruhi no Yuuutsu (2009),"Comedy, Mystery, Parody, Romance, School, Sci-Fi, Slice of Life",TV,14,243448
24413,3090,-1,Aa! Megami-sama!: Tatakau Tsubasa,"Comedy, Magic, Romance, Seinen, Supernatural",Special,2,18465
28839,25013,-1,Akatsuki no Yona,"Action, Adventure, Comedy, Fantasy, Romance, Shoujo",TV,24,216674
60338,3001,7,Moyashimon,"Comedy, School, Supernatural",TV,11,44465
9283,31848,10,Ojisan to Marshmallow,"Comedy, Slice of Life",TV,12,31005
59341,10947,7,Ghost in the Shell: Stand Alone Complex - The Laughing Man - Tachikoma no Hibi,"Comedy, Mecha, Sci-Fi",Special,1,3444
63858,12549,7,"Dakara Boku wa, H ga Dekinai.","Comedy, Ecchi, Romance, Supernatural",TV,12,169615
54084,164,-1,Mononoke Hime,"Action, Adventure, Fantasy",Movie,1,339556
17608,28891,9,Haikyuu!! Second Season,"Comedy, Drama, School, Shounen, Sports",TV,25,179342
59765,6702,10,Fairy Tail,"Action, Adventure, Comedy, Fantasy, Magic, Shounen",TV,175,584590
40982,18689,10,Diamond no Ace,"Comedy, School, Shounen, Sports",TV,75,81384
70835,2890,-1,Gake no Ue no Ponyo,"Adventure, Fantasy",Movie,1,140277
10489,3588,8,Soul Eater,"Action, Adventure, Comedy, Fantasy, Shounen, Supernatural",TV,51,580184
51681,4059,-1,"Clannad: Mou Hitotsu no Sekai, Tomoyo-hen","Drama, Romance, School, Slice of Life",Special,1,160423
5060,1562,-1,Yamato Nadeshiko Shichihenge♥,"Comedy, Shoujo",TV,25,92088
13718,205,9,Samurai Champloo,"Action, Adventure, Comedy, Historical, Samurai, Shounen",TV,26,390076
16094,896,7,Dragon Ball Z Movie 03: Chikyuu Marugoto Choukessen,"Adventure, Comedy, Fantasy, Sci-Fi, Shounen",Movie,1,57840
8711,32175,6,Shounen Maid,"Comedy, Shoujo, Slice of Life",TV,12,30363
46511,11111,9,Another,"Horror, Mystery, School, Supernatural, Thriller",TV,12,534657
43632,763,7,Zoids,"Action, Adventure, Comedy, Mecha, Sci-Fi",TV,67,27614
24044,6772,8,Break Blade 1: Kakusei no Toki,"Action, Fantasy, Mecha, Military, Shounen",Movie,1,58184
51270,19383,8,Yami Shibai,"Dementia, Horror, Supernatural",TV,13,33275
25532,101,9,Air,"Drama, Romance, Slice of Life, Supernatural",TV,13,188861
52921,3092,10,Junjou Romantica,"Comedy, Drama, Romance, Shounen Ai",TV,12,117910
6744,6381,6,Strike Witches 2,"Action, Ecchi, Magic, Military, Sci-Fi",TV,12,51114
24816,552,9,Digimon Adventure,"Action, Adventure, Comedy, Fantasy, Kids",TV,54,182208
26517,12355,10,Ookami Kodomo no Ame to Yuki,"Fantasy, Slice of Life",Movie,1,226193
11278,854,6,Soul Link,"Action, Adventure, Comedy, Military, Romance, Sci-Fi, Space",TV,12,14641
18579,15325,10,"Dakara Boku wa, H ga Dekinai. Recap","Comedy, Ecchi, Romance, Supernatural",Special,1,11869
37032,23283,9,Zankyou no Terror,"Psychological, Thriller",TV,11,342893
63770,28701,9,Fate/stay night: Unlimited Blade Works 2nd Season,"Action, Fantasy, Magic, Shounen, Supernatural",TV,13,205987
43690,23283,6,Zankyou no Terror,"Psychological, Thriller",TV,11,342893
21716,14719,9,JoJo no Kimyou na Bouken (TV),"Action, Adventure, Shounen, Supernatural, Vampire",TV,26,190197
16179,31964,9,Boku no Hero Academia,"Action, Comedy, School, Shounen, Super Power",TV,13,282002
45776,225,7,Dragon Ball GT,"Action, Adventure, Comedy, Fantasy, Magic, Sci-Fi, Shounen, Super Power",TV,64,226625
46,32648,9,Handa-kun,"Comedy, Shounen, Slice of Life",TV,12,69621
30898,1953,5,Code Geass: Hangyaku no Lelouch Picture Drama,"Comedy, School, Slice of Life",Special,9,33004
50574,609,7,Saishuu Heiki Kanojo: Another Love Song,"Drama, Romance, Sci-Fi",OVA,2,12239
49100,932,-1,Ichigeki Sacchuu!! Hoihoi-san,"Comedy, Sci-Fi, Slice of Life",OVA,1,5404
58842,13259,7,Kyoto Animation: Ajisai-hen,Magic,Special,1,2682
71816,23277,6,Saenai Heroine no Sodatekata,"Comedy, Ecchi, Harem, Romance, School",TV,12,155795
58046,3864,8,Souten no Ken Specials,"Action, Historical, Martial Arts, Shounen",Special,4,1122
20962,8768,8,Hiyokoi,"Romance, School, Shoujo",Special,1,51072
57913,5118,-1,Suzumiya Haruhi-chan no Yuuutsu,"Comedy, Parody",ONA,25,70416
57488,1953,5,Code Geass: Hangyaku no Lelouch Picture Drama,"Comedy, School, Slice of Life",Special,9,33004
65420,10049,10,Nurarihyon no Mago: Sennen Makyou,"Action, Demons, Shounen, Supernatural",TV,24,75612
67469,2001,9,Tengen Toppa Gurren Lagann,"Action, Adventure, Comedy, Mecha, Sci-Fi",TV,27,562962
66059,14967,8,Boku wa Tomodachi ga Sukunai Next,"Comedy, Harem, Romance, School, Seinen, Slice of Life",TV,12,214319
684,17115,-1,Pokemon Best Wishes! Season 2: Episode N,"Action, Adventure, Comedy, Fantasy, Kids",TV,14,13647
67267,1117,-1,Pokemon: Maboroshi no Pokemon Lugia Bakutan,"Adventure, Comedy, Drama, Fantasy, Kids",Movie,1,78876
29170,31710,7,Divine Gate,"Action, Fantasy, Sci-Fi",TV,12,83271
26417,246,-1,Groove Adventure Rave,"Adventure, Comedy, Fantasy, Romance, Shounen",TV,51,56353
16538,30,10,Neon Genesis Evangelion,"Action, Dementia, Drama, Mecha, Psychological, Sci-Fi",TV,26,461946
61696,6609,5,Pucca (2006),"Comedy, Parody, Romance",TV,26,4425
25995,5630,-1,Higashi no Eden,"Action, Comedy, Drama, Mystery, Romance, Sci-Fi, Thriller",TV,11,276593
47958,169,-1,Shingetsutan Tsukihime,"Action, Horror, Mystery, Romance, Super Power, Supernatural, Vampire",TV,12,90713
68754,226,-1,Elfen Lied,"Action, Drama, Horror, Psychological, Romance, Seinen, Supernatural",TV,13,623511
58445,11665,-1,Natsume Yuujinchou Shi,"Drama, Fantasy, Shoujo, Slice of Life, Supernatural",TV,13,98431
66402,900,9,Dragon Ball Z Movie 07: Kyokugen Battle!! Sandai Super Saiyajin,"Adventure, Comedy, Fantasy, Sci-Fi, Shounen",Movie,1,52690
7568,4177,8,Bounen no Xamdou,"Action, Military, Sci-Fi",ONA,26,79026
60937,2904,7,Code Geass: Hangyaku no Lelouch R2,"Action, Drama, Mecha, Military, Sci-Fi, Super Power",TV,25,572888
65869,1482,8,D.Gray-man,"Action, Adventure, Comedy, Shounen",TV,103,334399
7673,10076,8,Kämpfer für die Liebe,"Action, Comedy, Ecchi, Shoujo Ai, Super Power",Special,2,37047
8308,10110,9,Mayo Chiki!,"Comedy, Ecchi, Harem, Romance, School",TV,13,192219
64879,9047,4,Toaru Kagaku no Railgun: Misaka-san wa Ima Chuumoku no Mato desukara,"Action, Sci-Fi, Super Power",OVA,1,37609
17692,20045,7,IS: Infinite Stratos 2 - Hitonatsu no Omoide,"Action, Comedy, Harem, Mecha, Sci-Fi",OVA,1,27030
11436,856,8,Utawarerumono,"Action, Drama, Fantasy, Sci-Fi",TV,26,91034
26477,1517,10,Silent Mobius,"Action, Comedy, Drama, Fantasy, Horror, Magic, Romance, Sci-Fi",TV,26,7664
59718,43,9,Ghost in the Shell,"Action, Mecha, Police, Psychological, Sci-Fi, Seinen",Movie,1,223036
151,9982,-1,Fairy Tail OVA,"Comedy, Ecchi, Fantasy, Magic, Shounen",OVA,5,83421
54443,10521,-1,Working&#039;!!,"Comedy, Slice of Life",TV,13,117328
49556,66,9,Azumanga Daioh,"Comedy, School, Slice of Life",TV,26,170901
62656,4898,10,Kuroshitsuji,"Action, Comedy, Demons, Fantasy, Historical, Shounen, Supernatural",TV,24,424919
24412,21327,9,Isshuukan Friends.,"Comedy, School, Shounen, Slice of Life",TV,12,139601
51106,1559,8,Shijou Saikyou no Deshi Kenichi,"Action, Comedy, Martial Arts, School, Shounen",TV,50,129112
34920,14813,7,Yahari Ore no Seishun Love Comedy wa Machigatteiru.,"Comedy, Drama, Romance, School",TV,13,353876
41573,1818,8,Claymore,"Action, Adventure, Demons, Fantasy, Shounen, Super Power, Supernatural",TV,26,316853
17377,28701,10,Fate/stay night: Unlimited Blade Works 2nd Season,"Action, Fantasy, Magic, Shounen, Supernatural",TV,13,205987
66159,10713,10,Towa no Quon 2: Konton no Ranbu,"Action, Mystery, Super Power, Supernatural",Movie,1,20132
19368,10620,9,Mirai Nikki (TV),"Action, Mystery, Psychological, Shounen, Supernatural, Thriller",TV,26,657190
57925,325,9,Peach Girl,"Drama, Romance, Shoujo, Slice of Life",TV,25,49508
2872,86,5,Mobile Suit Gundam ZZ,"Comedy, Drama, Mecha, Military, Sci-Fi, Space",TV,47,17517
6266,2213,7,Black Jack (TV),Drama,TV,61,15552
21351,31859,9,Hai to Gensou no Grimgar,"Action, Adventure, Drama, Fantasy",TV,12,213342
11414,138,-1,Hunter x Hunter: Greed Island,"Action, Adventure, Shounen, Super Power",OVA,8,57029
34094,101,6,Air,"Drama, Romance, Slice of Life, Supernatural",TV,13,188861
50804,3165,-1,Hidamari Sketch Specials,"Comedy, School, Slice of Life",Special,2,13334
66561,4472,10,Lucky☆Star: Original na Visual to Animation,"Comedy, Parody, School, Slice of Life",OVA,1,84833
12618,6880,7,Deadman Wonderland,"Action, Horror, Sci-Fi",TV,12,453454
48894,31043,9,Boku dake ga Inai Machi,"Mystery, Psychological, Seinen, Supernatural",TV,12,402381
52554,934,8,Higurashi no Naku Koro ni,"Horror, Mystery, Psychological, Supernatural, Thriller",TV,26,359494
24657,1,10,Cowboy Bebop,"Action, Adventure, Comedy, Drama, Sci-Fi, Space",TV,26,486824
51341,990,-1,Kamisama Kazoku,"Comedy, Drama, Fantasy, Romance",TV,13,32828
69121,10420,-1,Gakuen 3,Hentai,OVA,2,2188
53837,190,8,Love Hina Again,"Comedy, Drama, Ecchi, Romance, Shounen",OVA,3,61154
2526,6351,6,"Clannad: After Story - Mou Hitotsu no Sekai, Kyou-hen","Drama, Romance, School",Special,1,138364
3863,139,9,Hunter x Hunter: Greed Island Final,"Action, Adventure, Shounen, Super Power",OVA,14,55787
45288,4898,7,Kuroshitsuji,"Action, Comedy, Demons, Fantasy, Historical, Shounen, Supernatural",TV,24,424919
63109,19221,7,"Ore no Nounai Sentakushi ga, Gakuen Love Comedy wo Zenryoku de Jama Shiteiru","Comedy, Romance, School",TV,10,179569
63871,2167,8,Clannad,"Comedy, Drama, Romance, School, Slice of Life, Supernatural",TV,23,566690
22364,10357,6,Jinrui wa Suitai Shimashita,"Comedy, Fantasy, Seinen",TV,12,89373
37747,190,-1,Love Hina Again,"Comedy, Drama, Ecchi, Romance, Shounen",OVA,3,61154
40250,243,4,Gravitation,"Comedy, Music, Romance, Shoujo, Shounen Ai",TV,13,67916
43100,11701,-1,Another: The Other - Inga,"Horror, Mystery, Thriller",OVA,1,86261
67653,523,9,Tonari no Totoro,"Adventure, Comedy, Supernatural",Movie,1,271484
57790,30,3,Neon Genesis Evangelion,"Action, Dementia, Drama, Mecha, Psychological, Sci-Fi",TV,26,461946
7915,3229,8,Kimi ga Aruji de Shitsuji ga Ore de,"Comedy, Ecchi, Harem, Parody, Romance",TV,13,66236
10541,4975,7,ChäoS;HEAd,"Harem, Mystery, Psychological, Sci-Fi, Supernatural",TV,12,174337
14337,21843,9,Shingeki no Bahamut: Genesis,"Action, Adventure, Demons, Fantasy, Magic, Supernatural",TV,12,143701
67485,97,-1,Last Exile,"Action, Adventure, Sci-Fi",TV,26,104193
58277,963,-1,"Love Hina: Motoko no Sentaku, Koi ka Ken... &quot;Naku na&quot;","Drama, Romance, Slice of Life",Special,1,28222
54585,15613,7,Hakkenden: Touhou Hakken Ibun,"Action, Fantasy, Shoujo, Supernatural",TV,13,61017
69271,12711,4,Uta no☆Prince-sama♪ Maji Love 2000%,"Comedy, Harem, Music, Romance, School, Shoujo",TV,13,61551
27612,2142,7,Blue Dragon,"Adventure, Comedy, Fantasy, Supernatural",TV,51,22718
16871,28825,-1,Himouto! Umaru-chan,"Comedy, School, Seinen, Slice of Life",TV,12,158041
62426,11433,6,Ano Natsu de Matteru,"Comedy, Drama, Romance, Sci-Fi, Slice of Life",TV,12,169718
16267,81,9,Mobile Suit Gundam: The 08th MS Team,"Adventure, Drama, Mecha, Military, Romance, Sci-Fi",OVA,12,34177
46488,28069,-1,Shigatsu wa Kimi no Uso: Moments,"Music, Shounen",OVA,1,41368
5345,1888,8,Ichigo Mashimaro OVA,"Comedy, School, Slice of Life",OVA,3,15085
60240,3785,10,Evangelion: 3.0 You Can (Not) Redo,"Action, Mecha, Sci-Fi",Movie,1,135318
51542,10536,-1,Kimi ni Todoke 2nd Season Specials,"Comedy, Romance, Shoujo",Special,3,23498
15543,11887,8,Kokoro Connect,"Comedy, Drama, Romance, School, Slice of Life, Supernatural",TV,13,283847
57620,12221,10,Precure All Stars Movie New Stage: Mirai no Tomodachi,"Fantasy, Magic, Shoujo",Movie,1,2530
11366,109,8,Bakuretsu Tenshi,"Adventure, Comedy, Mecha, Sci-Fi",TV,24,48551
14653,32360,6,Qualidea Code,"Action, Magic, Supernatural",TV,12,56854
66544,6324,7,Omamori Himari,"Action, Comedy, Demons, Ecchi, Harem, Romance, Supernatural",TV,12,119572
45865,851,-1,Kyou kara Ore wa!!,"Comedy, Shounen",OVA,10,7954
38806,12503,2,Mirai Nikki (TV): Ura Mirai Nikki,"Action, Comedy, Mystery, Psychological, Shounen, Supernatural, Thriller",Special,10,32565
6387,32729,8,Orange,"Drama, Romance, School, Sci-Fi, Shoujo",TV,13,165358
21842,31909,-1,Wakaba*Girl: Onsen Tsukaritai,"Comedy, Slice of Life",Special,1,4284
30196,369,6,Boogiepop wa Warawanai: Boogiepop Phantom,"Dementia, Drama, Horror, Mystery, Psychological, Supernatural",TV,12,47280
36494,16067,7,Nagi no Asukara,"Drama, Fantasy, Romance",TV,26,224947
10908,19369,8,Outbreak Company,"Comedy, Fantasy, Harem, Parody",TV,12,131520
9595,28819,7,Okusama ga Seitokaichou!,"Comedy, Ecchi, Romance, School, Shounen",TV,12,91241
30692,270,6,Hellsing,"Action, Horror, Seinen, Supernatural, Vampire",TV,13,308995
12771,198,9,Speed Grapher,"Action, Mystery, Super Power",TV,24,64627
24269,3645,6,Yunyun☆Paradise,Hentai,OVA,1,678
32540,8536,9,Fortune Arterial: Akai Yakusoku,"Comedy, Romance, School, Supernatural, Vampire",TV,12,71285
59278,4192,-1,Hayate no Gotoku!!,"Action, Comedy, Harem, Parody, Romance",TV,25,67323
60879,205,10,Samurai Champloo,"Action, Adventure, Comedy, Historical, Samurai, Shounen",TV,26,390076
48895,2001,-1,Tengen Toppa Gurren Lagann,"Action, Adventure, Comedy, Mecha, Sci-Fi",TV,27,562962
54131,1691,8,Kaze no Stigma,"Action, Fantasy, Magic, Romance, Shounen",TV,24,205338
68921,24765,8,Gakkougurashi!,"Horror, Mystery, Psychological, School, Slice of Life",TV,12,140094
72290,28623,-1,Koutetsujou no Kabaneri,"Action, Drama, Fantasy, Horror",TV,12,253027
7081,25835,10,Shirobako,"Comedy, Drama",TV,24,146895
65864,207,9,Lodoss-tou Senki,"Action, Adventure, Fantasy, Magic, Shounen, Supernatural",OVA,13,28462
53649,1564,9,Pokemon Advanced Generation,"Action, Adventure, Comedy, Fantasy, Kids",TV,192,67386
24840,22,7,Prince of Tennis,"Action, Comedy, School, Shounen, Sports",TV,178,87643
71252,1564,6,Pokemon Advanced Generation,"Action, Adventure, Comedy, Fantasy, Kids",TV,192,67386
9554,1132,-1,Digimon Frontier,"Action, Adventure, Comedy, Drama, Fantasy, Shounen",TV,50,74929
57620,969,10,Tsubasa Chronicle 2nd Season,"Action, Adventure, Drama, Fantasy, Mystery, Romance, Shounen, Supernatural",TV,26,79166
68139,79,8,Shuffle!,"Comedy, Drama, Ecchi, Fantasy, Harem, Magic, Romance, School, Seinen",TV,24,158772
8215,997,10,Bishoujo Senshi Sailor Moon S: Kaguya Hime no Koibito,"Adventure, Comedy, Drama, Fantasy, Magic, Romance, Shoujo",Movie,1,29394
21469,1023,9,Wolf&#039;s Rain OVA,"Adventure, Drama, Psychological, Sci-Fi, Supernatural",OVA,4,37679
6556,22319,8,Tokyo Ghoul,"Action, Drama, Horror, Mystery, Psychological, Seinen, Supernatural",TV,12,618056
49530,6547,7,Angel Beats!,"Action, Comedy, Drama, School, Supernatural",TV,13,717796
50000,1002,9,Top wo Nerae 2! Diebuster,"Action, Comedy, Mecha, Sci-Fi, Space",OVA,6,38691
4078,18679,8,Kill la Kill,"Action, Comedy, School, Super Power",TV,24,508118
60753,512,-1,Majo no Takkyuubin,"Adventure, Comedy, Drama, Fantasy, Magic, Romance",Movie,1,152331
4870,317,9,Final Fantasy VII: Advent Children,"Action, Fantasy, Super Power",Movie,1,138659
57707,30015,-1,ReLIFE,"Romance, School, Slice of Life",TV,13,202249
2455,10087,8,Fate/Zero,"Action, Fantasy, Supernatural",TV,13,453630
2324,31859,5,Hai to Gensou no Grimgar,"Action, Adventure, Drama, Fantasy",TV,12,213342
30038,6347,-1,Baka to Test to Shoukanjuu,"Comedy, Romance, School, Super Power",TV,13,301282
8221,51,-1,Tenshi Kinryouku,"Action, Drama, Romance, Shoujo, Supernatural",OVA,3,36352
12306,28891,10,Haikyuu!! Second Season,"Comedy, Drama, School, Shounen, Sports",TV,25,179342
1971,1535,-1,Death Note,"Mystery, Police, Psychological, Supernatural, Thriller",TV,37,1013917
25209,4872,7,Goku Sayonara Zetsubou Sensei,"Comedy, Parody, School",OVA,3,40358
46561,10719,6,Boku wa Tomodachi ga Sukunai,"Comedy, Ecchi, Harem, Romance, School, Seinen, Slice of Life",TV,12,325664
28895,8247,8,Bleach Movie 4: Jigoku-hen,"Action, Comedy, Shounen, Super Power, Supernatural",Movie,1,94074
613,3457,7,Vampire Knight,"Drama, Mystery, Romance, Shoujo, Supernatural, Vampire",TV,13,286826
20501,16680,8,Pokemon Best Wishes! Season 2: Shinsoku no Genosect - Mewtwo Kakusei,"Action, Adventure, Comedy, Fantasy, Kids",Movie,1,12517
13785,6547,10,Angel Beats!,"Action, Comedy, Drama, School, Supernatural",TV,13,717796
66743,21881,9,Sword Art Online II,"Action, Adventure, Fantasy, Game, Romance",TV,24,537892
56678,3455,8,To LOVE-Ru,"Comedy, Ecchi, Harem, Romance, School, Sci-Fi",TV,26,237563
30026,889,8,Black Lagoon,"Action, Seinen",TV,12,332562
11650,15197,-1,Code Geass: Boukoku no Akito 2 - Hikisakareshi Yokuryuu,"Action, Mecha, Military",Movie,1,61020
64233,20801,6,Koakuma Kanojo The Animation,"Hentai, School, Supernatural",OVA,2,6680
6589,5277,7,Sekirei: Pure Engagement,"Action, Comedy, Ecchi, Harem, Super Power",TV,13,113911
7648,14811,7,GJ-bu,"Comedy, School, Slice of Life",TV,12,83838
40911,853,10,Ouran Koukou Host Club,"Comedy, Harem, Romance, School, Shoujo",TV,26,422271
48401,11887,10,Kokoro Connect,"Comedy, Drama, Romance, School, Slice of Life, Supernatural",TV,13,283847
54400,193,8,Maburaho,"Comedy, Drama, Ecchi, Harem, Magic, Romance, School",TV,24,61004
20172,888,6,Megami Kouhosei,"Action, Mecha, Military, Sci-Fi, Space",TV,12,14757
60483,193,6,Maburaho,"Comedy, Drama, Ecchi, Harem, Magic, Romance, School",TV,24,61004
45400,8197,5,So Ra No Wo To Specials,"Military, Music, Sci-Fi, Slice of Life",Special,2,16491
56627,14027,6,Boku wa Tomodachi ga Sukunai: Relay Shousetsu wa Ketsumatsu ga Hanpanai,"Comedy, Romance, School, Seinen",OVA,1,59965
72760,226,9,Elfen Lied,"Action, Drama, Horror, Psychological, Romance, Seinen, Supernatural",TV,13,623511
49203,1938,2,Shin Kaitei Gunkan,"Action, Adventure, Fantasy, Historical, Military, Sci-Fi",OVA,2,877
43827,21327,8,Isshuukan Friends.,"Comedy, School, Shounen, Slice of Life",TV,12,139601
50925,10721,7,Mawaru Penguindrum,"Comedy, Drama, Mystery, Psychological",TV,24,156689
31356,18671,10,Chuunibyou demo Koi ga Shitai! Ren,"Comedy, Drama, Romance, School, Slice of Life",TV,12,208885
27259,15315,8,Mondaiji-tachi ga Isekai kara Kuru Sou Desu yo?,"Comedy, Fantasy, Supernatural",TV,10,218231
26739,2034,8,Lovely★Complex,"Comedy, Romance, Shoujo",TV,24,235003
1140,16035,8,Karneval (TV),"Action, Fantasy, Mystery, Sci-Fi, Shoujo",TV,13,108174
64770,687,8,Tokyo Mew Mew,"Adventure, Comedy, Fantasy, Magic, Romance, Sci-Fi, Shoujo, Supernatural",TV,52,67936
45139,5333,8,Ikkitousen: Great Guardians Specials,"Comedy, Ecchi",Special,6,12064
6268,1635,-1,Ai Shimai 2: Futari no Kajitsu,Hentai,OVA,2,5247
1838,10620,10,Mirai Nikki (TV),"Action, Mystery, Psychological, Shounen, Supernatural, Thriller",TV,26,657190
51164,28221,-1,Etotama,"Action, Comedy, Fantasy",TV,12,36463
56384,1535,9,Death Note,"Mystery, Police, Psychological, Supernatural, Thriller",TV,37,1013917
17667,527,-1,Pokemon,"Action, Adventure, Comedy, Fantasy, Kids",TV,276,229157
36801,1435,-1,Lupin III: Lupin vs. Fukusei-ningen,"Action, Adventure, Comedy, Mystery, Shounen",Movie,1,4969
18429,7088,7,Ichiban Ushiro no Daimaou,"Action, Comedy, Ecchi, Fantasy, Harem, Magic, School, Shounen",TV,12,203618
55509,4726,7,Druaga no Tou: The Sword of Uruk,"Adventure, Fantasy",TV,12,46237
23384,5751,9,Prince of Tennis: Another Story - Messages From Past and Future,"Comedy, School, Shounen, Sports",OVA,4,9487
29282,32,9,Neon Genesis Evangelion: The End of Evangelion,"Dementia, Drama, Mecha, Psychological, Sci-Fi",Movie,1,215630
48189,6594,9,Katanagatari,"Action, Adventure, Historical, Martial Arts, Romance",TV,12,207241
58378,75,-1,Soukyuu no Fafner: Dead Aggressor,"Action, Drama, Mecha, Military, Sci-Fi",TV,25,27516
31559,64,7,Rozen Maiden,"Action, Comedy, Drama, Magic, Seinen",TV,12,128688
30560,119,-1,Final Approach,"Comedy, Drama, Romance, Slice of Life",TV,13,24902
18207,1239,10,Bishoujo Senshi Sailor Moon SuperS,"Drama, Magic, Romance, Shoujo",TV,39,55056
29031,10197,-1,Nyanpire The Animation,"Comedy, Supernatural",TV,12,19161
73136,889,10,Black Lagoon,"Action, Seinen",TV,12,332562
70015,22865,8,Rokujouma no Shinryakusha!? (TV),"Comedy, Harem, Romance, School, Supernatural",TV,12,76880
23594,10620,8,Mirai Nikki (TV),"Action, Mystery, Psychological, Shounen, Supernatural, Thriller",TV,26,657190
29176,7592,-1,Nurarihyon no Mago,"Action, Demons, Shounen, Supernatural",TV,24,122976
49369,517,9,School Rumble Ichi Gakki Hoshuu,"Comedy, Romance, School, Shounen",OVA,2,40868
25631,9656,-1,Kimi ni Todoke 2nd Season,"Romance, School, Shoujo, Slice of Life",TV,12,171866
54584,324,7,Mobile Police Patlabor: On Television,"Comedy, Mecha, Police, Sci-Fi",TV,47,16130
49776,26057,7,Fate/kaleid liner Prisma☆Illya 2wei! OVA,"Comedy, Ecchi, Fantasy, Magic",OVA,1,14351
45267,263,10,Hajime no Ippo,"Comedy, Drama, Shounen, Sports",TV,75,157670
33162,2205,7,Bakuretsu Tenshi: Infinity,"Action, Comedy, Mecha, Sci-Fi, Shounen",OVA,1,11734
2382,24231,9,Hitsugi no Chaika: Avenging Battle,"Action, Adventure, Comedy, Fantasy, Romance, Shounen",TV,10,91049
22477,4901,8,Black Lagoon: Roberta&#039;s Blood Trail,"Action, Seinen",OVA,5,108099
49852,997,7,Bishoujo Senshi Sailor Moon S: Kaguya Hime no Koibito,"Adventure, Comedy, Drama, Fantasy, Magic, Romance, Shoujo",Movie,1,29394
73298,1132,-1,Digimon Frontier,"Action, Adventure, Comedy, Drama, Fantasy, Shounen",TV,50,74929
28018,2001,-1,Tengen Toppa Gurren Lagann,"Action, Adventure, Comedy, Mecha, Sci-Fi",TV,27,562962
37237,22199,7,Akame ga Kill!,"Action, Adventure, Fantasy",TV,24,492133
36827,10308,-1,Sengoku Otome: Momoiro Paradox,"Action, Comedy, Historical, Samurai, Sci-Fi, Super Power",TV,13,27080
47282,3222,-1,Kiddy Grade: Maelstrom,"Action, Mecha, Sci-Fi, Super Power",Movie,1,3189
61312,9925,8,Amagami SS: Tachibana Miya-hen - Imouto,School,Special,1,31019
55510,21327,-1,Isshuukan Friends.,"Comedy, School, Shounen, Slice of Life",TV,12,139601
32609,18153,7,Kyoukai no Kanata,"Fantasy, Slice of Life, Supernatural",TV,12,359011
24177,4999,7,Asu no Yoichi!,"Comedy, Ecchi, Harem, Martial Arts, Romance, Shounen",TV,12,110748
36760,3448,9,Mad★Bull 34,"Action, Police",OVA,4,3216
2681,4155,9,One Piece Film: Strong World,"Action, Adventure, Comedy, Drama, Fantasy, Shounen",Movie,1,85020
60052,31051,9,Kuroko no Basket: Saikou no Present Desu,"Action, School, Shounen, Sports",Special,1,22900
59026,1120,5,Pokemon: Mizu no Miyako no Mamorigami Latias to Latios,"Adventure, Comedy, Drama, Fantasy, Kids",Movie,1,42389
28812,2170,9,Sousei no Aquarion OVA,"Action, Mecha, Romance, Sci-Fi, Super Power, Supernatural",OVA,2,7691
57835,1192,-1,Kakurenbo,"Horror, Psychological, Supernatural",Movie,1,22853
4512,23421,5,Re:␣Hamatora,"Comedy, Mystery, Super Power",TV,12,73903
12481,2171,8,Detective Conan Movie 11: Jolly Roger in the Deep Azure,"Adventure, Comedy, Mystery, Police, Shounen",Movie,1,18847
49817,801,9,Ghost in the Shell: Stand Alone Complex 2nd GIG,"Action, Mecha, Military, Mystery, Police, Sci-Fi, Seinen",TV,26,113993
25610,2602,-1,Kenkou Zenrakei Suieibu Umishou,"Comedy, Ecchi, School, Shounen, Sports",TV,13,25814
57653,1230,7,Innocent Venus,"Adventure, Drama, Mecha, Military, Sci-Fi",TV,12,19708
58714,2017,9,Mermaid&#039;s Scar,"Drama, Fantasy, Horror, Mystery",OVA,1,3552
58786,531,6,Bishoujo Senshi Sailor Moon R: The Movie,"Drama, Magic, Romance, Shoujo",Movie,1,33682
10787,8074,7,Highschool of the Dead,"Action, Ecchi, Horror, Supernatural",TV,12,535892
43482,23831,-1,Mahou Shoujo Madoka★Magica Movie 3: Hangyaku no Monogatari - Magica Quartet x Nisioisin,Comedy,Movie,4,6946
68297,9515,8,Highschool of the Dead: Drifters of the Dead,"Comedy, Ecchi, Supernatural",OVA,1,140501
28892,10488,7,Shocking Pink!,"Harem, Hentai",OVA,2,3877
46197,22319,7,Tokyo Ghoul,"Action, Drama, Horror, Mystery, Psychological, Seinen, Supernatural",TV,12,618056
19163,10794,-1,IS: Infinite Stratos Encore - Koi ni Kogareru Rokujuusou,"Action, Comedy, Harem, Mecha, Sci-Fi",OVA,1,56577
5380,10348,9,Fireball Charming,Sci-Fi,TV,13,5640
49173,1044,6,Taiyou no Ouji: Horus no Daibouken,"Adventure, Drama, Magic",Movie,1,3717
31356,15451,10,High School DxD New,"Action, Comedy, Demons, Ecchi, Harem, Romance, School",TV,12,266657
6032,14813,8,Yahari Ore no Seishun Love Comedy wa Machigatteiru.,"Comedy, Drama, Romance, School",TV,13,353876
61376,10080,7,Kami nomi zo Shiru Sekai II,"Comedy, Harem, Romance, Shounen, Supernatural",TV,12,194300
6490,12403,7,Yuru Yuri♪♪,"Comedy, School, Shoujo Ai, Slice of Life",TV,12,83097
48362,20507,-1,Noragami,"Action, Adventure, Shounen, Supernatural",TV,12,515378
38100,9919,-1,Ao no Exorcist,"Action, Demons, Fantasy, Shounen, Supernatural",TV,25,583823
50944,25687,-1,Digimon Adventure tri. 1: Saikai,"Action, Adventure, Comedy, Drama",Movie,1,58274
62864,13161,9,Hagure Yuusha no Aesthetica,"Action, Ecchi, Fantasy, Super Power",TV,12,156044
4215,1719,6,Rozen Maiden: Ouvertüre,"Action, Comedy, Drama, Magic, Seinen",Special,2,44388
14255,572,10,Kaze no Tani no Nausicaä,"Adventure, Fantasy",Movie,1,143273
57429,9379,8,Denpa Onna to Seishun Otoko,"Comedy, Sci-Fi, Seinen, Slice of Life",TV,12,149497
25404,6979,-1,Shukufuku no Campanella,"Adventure, Fantasy, Harem, Magic",TV,12,20054
11401,30948,-1,Kowabon,Horror,TV,13,21026
50194,17895,8,Golden Time,"Comedy, Romance, Seinen",TV,24,273191
29885,443,7,Onegai☆Teacher: Himitsu na Futari,"Comedy, Ecchi, Romance, Sci-Fi",OVA,1,32134
61635,30,-1,Neon Genesis Evangelion,"Action, Dementia, Drama, Mecha, Psychological, Sci-Fi",TV,26,461946
39670,856,8,Utawarerumono,"Action, Drama, Fantasy, Sci-Fi",TV,26,91034
65639,13331,8,Jormungand: Perfect Order,"Action, Adventure, Seinen",TV,12,81951
53740,3712,9,Zero no Tsukaima: Princesses no Rondo,"Action, Adventure, Comedy, Ecchi, Fantasy, Harem, Magic, Romance, School",TV,12,210891
47398,935,10,Witchblade,"Action, Sci-Fi, Super Power",TV,24,64697
20584,30296,10,Rakudai Kishi no Cavalry,"Action, Ecchi, Fantasy, Romance, School",TV,12,188685
54852,901,10,"Dragon Ball Z Movie 08: Moetsukiro!! Nessen, Ressen, Chougekisen","Adventure, Comedy, Fantasy, Sci-Fi, Shounen",Movie,1,65953
36576,9367,7,Freezing,"Action, Drama, Ecchi, Harem, Martial Arts, Romance, Sci-Fi, Seinen",TV,12,159273
34510,4981,8,Casshern Sins,"Action, Adventure, Drama, Psychological, Sci-Fi",TV,24,80307
42635,1377,7,Uchuu Koukyoushi Maetel: Ginga Tetsudou 999 Gaiden,"Drama, Sci-Fi, Space",TV,13,2169
19155,11757,7,Sword Art Online,"Action, Adventure, Fantasy, Game, Romance",TV,25,893100
40930,1015,-1,Full Metal Panic! The Second Raid: Wari to Hima na Sentaichou no Ichinichi,Comedy,Special,1,51688
29078,523,9,Tonari no Totoro,"Adventure, Comedy, Supernatural",Movie,1,271484
11497,87,8,Mobile Suit Gundam: Char&#039;s Counterattack,"Drama, Mecha, Military, Sci-Fi, Space",Movie,1,19258
40604,3306,-1,Aoki Honoo,"Drama, Romance, Seinen",OVA,1,1312
6175,6707,9,Kuroshitsuji II,"Action, Comedy, Demons, Fantasy, Shounen, Supernatural",TV,12,234955
46445,1669,7,Bakuten Shoot Beyblade 2002,"Action, Adventure, Comedy, Sci-Fi, Shounen, Sports",TV,51,27959
11404,1952,6,Vampire Hunter,"Action, Adventure, Drama, Fantasy",OVA,4,9826
27932,6637,-1,Higashi no Eden Movie II: Paradise Lost,"Action, Comedy, Drama, Mystery, Romance, Thriller",Movie,1,87062
3703,2332,6,Plastic Little,"Action, Adventure, Comedy, Ecchi, Mecha, Military, Romance, Sci-Fi",OVA,1,7287
13461,120,8,Fruits Basket,"Comedy, Drama, Fantasy, Romance, Shoujo, Slice of Life",TV,26,242553
312,16870,7,The Last: Naruto the Movie,"Action, Martial Arts, Romance, Shounen, Super Power",Movie,1,85013
39295,28285,7,Trinity Seven OVA,"Action, Comedy, Ecchi, Fantasy, Harem, Magic, Romance, School, Supernatural",OVA,1,38197
6624,6922,-1,Fate/stay night Movie: Unlimited Blade Works,"Action, Fantasy, Magic, Supernatural",Movie,1,110983
63983,9203,5,K-On!!: Ura-On!!,Comedy,Special,9,23216
56648,15689,7,Nekomonogatari: Kuro,"Comedy, Romance, Supernatural",TV,4,173264
26999,31733,7,Bishoujo Senshi Sailor Moon Crystal Season III,"Demons, Magic, Romance, Shoujo",TV,13,16530
32445,8525,7,Kami nomi zo Shiru Sekai,"Comedy, Harem, Romance, Shounen, Supernatural",TV,12,284846
798,10389,7,Momo e no Tegami,"Drama, Supernatural",Movie,1,30519
21644,14833,5,Maoyuu Maou Yuusha,"Adventure, Demons, Fantasy, Historical, Romance",TV,12,164445
67981,6443,7,AIKa Zero,"Action, Adventure, Comedy, Ecchi",OVA,3,9595
6426,1222,8,Bokura ga Ita,"Drama, Romance, Shoujo, Slice of Life",TV,26,125051
60480,5447,-1,A-Girl,"Music, Romance, School, Shoujo",OVA,1,585
61443,597,10,Neko no Ongaeshi,"Adventure, Drama, Fantasy",Movie,1,92499
35080,1121,6,Pokemon Advanced Generation: Nanayo no Negaiboshi Jirachi,"Adventure, Comedy, Drama, Fantasy, Kids",Movie,1,43444
68478,8425,-1,Gosick,"Drama, Historical, Mystery, Romance",TV,24,232113
58535,2904,10,Code Geass: Hangyaku no Lelouch R2,"Action, Drama, Mecha, Military, Sci-Fi, Super Power",TV,25,572888
23669,46,8,Rurouni Kenshin: Meiji Kenkaku Romantan - Ishinshishi e no Chinkonka,"Drama, Historical, Samurai, Shounen",Movie,1,33191
21781,3467,9,Nogizaka Haruka no Himitsu,"Comedy, Romance",TV,12,80820
68575,659,4,Azumanga Daioh: Gekijou Tanpen,"Comedy, School, Slice of Life",Special,1,28941
55955,22199,8,Akame ga Kill!,"Action, Adventure, Fantasy",TV,24,492133
61426,6500,-1,Seikon no Qwaser,"Action, Ecchi, Seinen, Super Power, Supernatural",TV,24,145592
65026,28497,10,Rokka no Yuusha,"Action, Adventure, Fantasy, Magic, Mystery",TV,12,218747
6051,4181,10,Clannad: After Story,"Drama, Fantasy, Romance, Slice of Life, Supernatural",TV,24,456749
36164,154,7,Shaman King,"Action, Adventure, Comedy, Drama, Shounen, Supernatural",TV,64,169517
58635,19613,7,New Initial D Movie: Legend 1 - Kakusei,"Action, Cars, Seinen, Sports",Movie,1,7695
30572,8246,8,Naruto: Shippuuden Movie 4 - The Lost Tower,"Action, Comedy, Martial Arts, Shounen, Super Power",Movie,1,84527
9209,18767,7,BlazBlue: Alter Memory,"Action, Fantasy",TV,12,52965
39591,27775,7,Plastic Memories,"Drama, Romance, Sci-Fi",TV,13,213493
6932,4177,8,Bounen no Xamdou,"Action, Military, Sci-Fi",ONA,26,79026
12915,24277,9,Yowamushi Pedal: Grande Road,"Comedy, Drama, Shounen, Sports",TV,24,50778
51150,401,10,Rurouni Kenshin: Meiji Kenkaku Romantan - Seisou-hen,"Drama, Historical, Romance, Samurai, Shounen",OVA,2,49454
24115,202,8,Wolf&#039;s Rain,"Action, Adventure, Drama, Fantasy, Mystery, Sci-Fi",TV,26,171863
62036,21881,8,Sword Art Online II,"Action, Adventure, Fantasy, Game, Romance",TV,24,537892
46468,16524,7,Suisei no Gargantia,"Action, Adventure, Mecha, Sci-Fi",TV,13,170754
12244,3841,8,Chi&#039;s Sweet Home,"Comedy, Slice of Life",TV,104,36307
54347,5630,5,Higashi no Eden,"Action, Comedy, Drama, Mystery, Romance, Sci-Fi, Thriller",TV,11,276593
23055,1581,6,Gift: Eternal Rainbow,"Comedy, Drama, Harem, Magic, Romance, School",TV,12,21979
68160,2759,9,Evangelion: 1.0 You Are (Not) Alone,"Action, Mecha, Sci-Fi",Movie,1,194561
6382,20977,-1,Tonari no Seki-kun OVA,"Comedy, School, Seinen",OVA,1,20774
53250,6512,9,Nyan Koi!,"Comedy, Harem, Romance",TV,12,142264
23965,8536,7,Fortune Arterial: Akai Yakusoku,"Comedy, Romance, School, Supernatural, Vampire",TV,12,71285
14360,16762,9,Mirai Nikki Redial,"Action, Psychological, Shounen, Supernatural",OVA,1,135604
27138,6547,8,Angel Beats!,"Action, Comedy, Drama, School, Supernatural",TV,13,717796
6922,898,-1,Dragon Ball Z Movie 05: Tobikkiri no Saikyou tai Saikyou,"Adventure, Comedy, Fantasy, Sci-Fi, Shounen",Movie,1,59207
48923,10863,8,Steins;Gate: Oukoubakko no Poriomania,"Sci-Fi, Thriller",Special,1,159548
10788,127,7,Gate Keepers,"Action, Comedy, Fantasy, Mecha, Sci-Fi, Shounen",TV,24,14582
56952,5081,9,Bakemonogatari,"Mystery, Romance, Supernatural, Vampire",TV,15,482268
63374,9989,9,Ano Hi Mita Hana no Namae wo Bokutachi wa Mada Shiranai.,"Drama, Slice of Life, Supernatural",TV,11,463835
60902,7082,4,Shugo Chara! Party!,"Comedy, Magic, School, Shoujo",TV,25,41469
54634,1030,8,Heisei Tanuki Gassen Ponpoko,Kids,Movie,1,34263
10536,10067,7,Angel Beats!: Another Epilogue,"Drama, School, Supernatural",Special,1,134180
13555,31181,8,Owarimonogatari,"Comedy, Mystery, Supernatural",TV,12,107855
51652,4280,8,Kara no Kyoukai 4: Garan no Dou,"Action, Mystery, Supernatural, Thriller",Movie,1,103600
6773,30015,8,ReLIFE,"Romance, School, Slice of Life",TV,13,202249
70036,23199,7,Durarara!!x2 Shou,"Action, Mystery, Supernatural",TV,12,189407
65884,2993,7,Rosario to Vampire,"Comedy, Ecchi, Fantasy, Harem, Romance, School, Shounen, Vampire",TV,13,299278
18366,1118,-1,Pokemon: Kesshoutou no Teiou Entei,"Action, Adventure, Comedy, Drama, Fantasy, Kids",Movie,1,73253
66974,21033,7,Seikoku no Dragonar,"Comedy, Ecchi, Fantasy, School",TV,12,83068
66847,11785,6,Haiyore! Nyaruko-san,"Comedy, Parody, Sci-Fi",TV,12,154595
12728,10793,10,Guilty Crown,"Action, Drama, Sci-Fi, Super Power",TV,22,460959
7114,9074,8,Arakawa Under the Bridge x Bridge,"Comedy, Romance, Seinen",TV,13,80394
11905,5231,10,Inazuma Eleven,"Shounen, Sports, Super Power",TV,127,42677
72059,19815,10,No Game No Life,"Adventure, Comedy, Ecchi, Fantasy, Game, Supernatural",TV,12,602291
20047,16035,-1,Karneval (TV),"Action, Fantasy, Mystery, Sci-Fi, Shoujo",TV,13,108174
13530,1535,8,Death Note,"Mystery, Police, Psychological, Supernatural, Thriller",TV,37,1013917
45076,14811,-1,GJ-bu,"Comedy, School, Slice of Life",TV,12,83838
22847,25159,5,Inou-Battle wa Nichijou-kei no Naka de,"Comedy, Romance, School, Slice of Life, Supernatural",TV,12,144370
40403,5978,7,Kannagi: Moshimo Kannagi ga Attara...,"Comedy, School, Shounen, Supernatural",Special,1,22155
58732,14293,-1,Nerawareta Gakuen,"Romance, School, Sci-Fi",Movie,1,44787
27332,12685,6,Code Geass: Nunnally in Wonderland,"Comedy, Fantasy, Parody",OVA,1,37087
57362,226,-1,Elfen Lied,"Action, Drama, Horror, Psychological, Romance, Seinen, Supernatural",TV,13,623511
4329,29095,6,Grisaia no Rakuen,"Drama, Harem, Psychological, Romance",TV,10,111962
41526,13759,9,Sakurasou no Pet na Kanojo,"Comedy, Drama, Romance, School, Slice of Life",TV,24,380375
28771,2993,-1,Rosario to Vampire,"Comedy, Ecchi, Fantasy, Harem, Romance, School, Shounen, Vampire",TV,13,299278
59585,226,8,Elfen Lied,"Action, Drama, Horror, Psychological, Romance, Seinen, Supernatural",TV,13,623511
71226,28891,10,Haikyuu!! Second Season,"Comedy, Drama, School, Shounen, Sports",TV,25,179342
33310,8769,3,Ore no Imouto ga Konnani Kawaii Wake ga Nai,"Comedy, Seinen, Slice of Life",TV,12,321477
46767,21881,8,Sword Art Online II,"Action, Adventure, Fantasy, Game, Romance",TV,24,537892
33665,10521,-1,Working&#039;!!,"Comedy, Slice of Life",TV,13,117328
38168,12669,-1,Amagami SS+ Plus Specials,Romance,Special,6,17764
13524,21557,-1,Omoide no Marnie,"Drama, Mystery, Psychological",Movie,1,53590
67063,431,6,Howl no Ugoku Shiro,"Adventure, Drama, Fantasy, Romance",Movie,1,333186
24823,31711,-1,To LOVE-Ru Darkness 2nd Specials,"Comedy, Ecchi, Harem, Romance, School, Sci-Fi, Shounen",Special,2,22487
2361,3091,-1,xxxHOLiC Kei,"Comedy, Drama, Mystery, Psychological, Supernatural",TV,13,74941
32032,5030,8,Maria†Holic,"Comedy, Parody, School, Shoujo Ai",TV,12,104663
24584,4898,8,Kuroshitsuji,"Action, Comedy, Demons, Fantasy, Historical, Shounen, Supernatural",TV,24,424919
42869,24703,10,High School DxD BorN,"Action, Comedy, Demons, Ecchi, Harem, Romance, School",TV,12,192171
4542,3783,10,Kara no Kyoukai 3: Tsuukaku Zanryuu,"Action, Drama, Mystery, Supernatural, Thriller",Movie,1,108720
55591,10893,-1,Kyousou Giga,"Action, Fantasy, Supernatural",ONA,1,31096
19940,10647,9,Ao no Exorcist: Ura Ex,"Action, Fantasy, Shounen, Supernatural",Special,10,43615
21206,15437,10,Kore wa Zombie Desu ka? of the Dead OVA,"Action, Comedy, Ecchi, Harem, Magic, Supernatural",OVA,1,54828
46359,22297,9,Fate/stay night: Unlimited Blade Works,"Action, Fantasy, Magic, Shounen, Supernatural",TV,12,267484
43676,23421,9,Re:␣Hamatora,"Comedy, Mystery, Super Power",TV,12,73903
5980,189,-1,Love Hina,"Comedy, Ecchi, Harem, Romance, Shounen, Slice of Life",TV,24,156627
23098,2386,9,One Piece: Yume no Soccer Ou!,"Comedy, Fantasy, Shounen, Sports",Movie,1,23915
50765,512,-1,Majo no Takkyuubin,"Adventure, Comedy, Drama, Fantasy, Magic, Romance",Movie,1,152331
8227,169,-1,Shingetsutan Tsukihime,"Action, Horror, Mystery, Romance, Super Power, Supernatural, Vampire",TV,12,90713
6012,7769,6,Ookami-san to Shichinin no Nakama-tachi,"Comedy, Parody, Romance",TV,12,145982
14616,11285,-1,Black★Rock Shooter (TV),"Action, Drama, School, Slice of Life",TV,8,198991
60178,2924,8,ef: A Tale of Memories.,"Drama, Mystery, Romance",TV,12,151106
32290,353,9,Ojamajo Doremi Dokkaan!,"Comedy, Magic, Shoujo",TV,51,5971
57299,3655,-1,Nabari no Ou,"Action, Comedy, Drama, Fantasy, Shounen, Supernatural",TV,26,107384
70742,22101,9,Soredemo Sekai wa Utsukushii,"Adventure, Fantasy, Romance, Shoujo",TV,12,99462
50721,2167,7,Clannad,"Comedy, Drama, Romance, School, Slice of Life, Supernatural",TV,23,566690
28810,731,8,Interstella5555: The 5tory of The 5ecret 5tar 5ystem,"Adventure, Drama, Music, Sci-Fi",Music,1,31464
28340,7858,7,Sora no Otoshimono: Project Pink,"Comedy, Ecchi, Harem, Sci-Fi, Shounen, Supernatural",OVA,1,61903
57061,11617,7,High School DxD,"Comedy, Demons, Ecchi, Harem, Romance, School",TV,12,398660
54999,320,7,A Kite,"Action, Drama, Hentai, Police",OVA,2,27941
7042,10863,-1,Steins;Gate: Oukoubakko no Poriomania,"Sci-Fi, Thriller",Special,1,159548
22815,3616,7,Kamen no Maid Guy,"Action, Comedy, Ecchi, Super Power",TV,12,27761
49488,16592,8,Danganronpa: Kibou no Gakuen to Zetsubou no Koukousei The Animation,"Action, Horror, Mystery, Psychological",TV,13,298550
52070,11633,-1,Blood Lad,"Action, Comedy, Demons, Seinen, Supernatural, Vampire",TV,10,241513
23642,5667,-1,To LOVE-Ru OVA,"Comedy, Ecchi, Harem, School, Sci-Fi, Shounen",OVA,6,79923
72446,20853,8,Hitsugi no Chaika,"Action, Adventure, Comedy, Fantasy, Romance, Shounen",TV,12,164510
61784,11759,-1,Accel World,"Action, Game, Romance, School, Sci-Fi",TV,24,324284
55088,1430,8,Lupin III: Cagliostro no Shiro,"Adventure, Comedy, Shounen",Movie,1,32732
16717,6594,-1,Katanagatari,"Action, Adventure, Historical, Martial Arts, Romance",TV,12,207241
13158,5114,8,Fullmetal Alchemist: Brotherhood,"Action, Adventure, Drama, Fantasy, Magic, Military, Shounen",TV,64,793665
49869,3931,4,Initial D Battle Stage 2,"Action, Cars, Drama, Seinen, Sports",OVA,1,11015
16316,2167,8,Clannad,"Comedy, Drama, Romance, School, Slice of Life, Supernatural",TV,23,566690
20290,101,7,Air,"Drama, Romance, Slice of Life, Supernatural",TV,13,188861
19898,10933,-1,R-15 OVA,"Adventure, Comedy, Ecchi, Harem, Parody, Romance",OVA,1,12334
45040,3230,7,Druaga no Tou: The Aegis of Uruk,"Adventure, Comedy, Fantasy",TV,12,69683
26510,79,9,Shuffle!,"Comedy, Drama, Ecchi, Fantasy, Harem, Magic, Romance, School, Seinen",TV,24,158772
31279,4654,8,Toaru Majutsu no Index,"Action, Magic, Sci-Fi, Super Power",TV,24,313114
69996,2041,9,Ai to Yuuki no Pig Girl Tonde Buurin,"Adventure, Comedy, Fantasy, Magic, Parody, Romance, School, Shoujo",TV,51,6183
70729,8289,-1,Toumei Ningen R,Hentai,OVA,2,2300
34017,18671,-1,Chuunibyou demo Koi ga Shitai! Ren,"Comedy, Drama, Romance, School, Slice of Life",TV,12,208885
56339,20931,3,Oneechan ga Kita,"Comedy, Slice of Life",TV,12,45457
21698,43,8,Ghost in the Shell,"Action, Mecha, Police, Psychological, Sci-Fi, Seinen",Movie,1,223036
6381,157,6,Mahou Sensei Negima!,"Comedy, Ecchi, Fantasy, Harem, Magic, Romance, School, Shounen, Super Power, Supernatural",TV,26,76253
3812,16355,-1,Dansai Bunri no Crime Edge,"Action, Fantasy, Romance, Seinen",TV,13,60465
72810,7858,10,Sora no Otoshimono: Project Pink,"Comedy, Ecchi, Harem, Sci-Fi, Shounen, Supernatural",OVA,1,61903
53729,2952,10,Final Fantasy VII: Advent Children Complete,"Action, Fantasy, Super Power",OVA,1,77111
45235,11597,9,Nisemonogatari,"Comedy, Mystery, Supernatural",TV,11,260062
68967,11665,9,Natsume Yuujinchou Shi,"Drama, Fantasy, Shoujo, Slice of Life, Supernatural",TV,13,98431
39640,249,9,InuYasha,"Action, Adventure, Comedy, Demons, Fantasy, Magic, Romance, Shounen, Supernatural",TV,167,281632
17160,7041,7,Seto no Hanayome OVA Specials,"Comedy, Parody, School",Special,2,7011
46955,10620,10,Mirai Nikki (TV),"Action, Mystery, Psychological, Shounen, Supernatural, Thriller",TV,26,657190
38842,3092,-1,Junjou Romantica,"Comedy, Drama, Romance, Shounen Ai",TV,12,117910
47511,14345,10,Btooom!,"Action, Psychological, Sci-Fi, Seinen",TV,12,329561
55351,164,10,Mononoke Hime,"Action, Adventure, Fantasy",Movie,1,339556
5070,1072,-1,Sweat Punch,"Action, Fantasy, Historical, Mecha",OVA,5,26679
63774,7674,9,Bakuman.,"Comedy, Romance, Shounen",TV,25,246899
68019,5114,10,Fullmetal Alchemist: Brotherhood,"Action, Adventure, Drama, Fantasy, Magic, Military, Shounen",TV,64,793665
15145,30458,9,Tokyo Ghoul: &quot;Jack&quot;,"Action, Drama, Horror, School, Seinen, Supernatural",OVA,1,70635
61117,669,6,Kujibiki Unbalance,"Comedy, Romance, School",OVA,3,8291
69394,21995,6,Ao Haru Ride,"Comedy, Drama, Romance, School, Shoujo, Slice of Life",TV,12,227417
36217,8129,8,Kuragehime,"Comedy, Josei, Slice of Life",TV,11,108053
54841,801,6,Ghost in the Shell: Stand Alone Complex 2nd GIG,"Action, Mecha, Military, Mystery, Police, Sci-Fi, Seinen",TV,26,113993
29321,227,7,FLCL,"Action, Comedy, Dementia, Mecha, Parody, Sci-Fi",OVA,6,305165
15711,2001,9,Tengen Toppa Gurren Lagann,"Action, Adventure, Comedy, Mecha, Sci-Fi",TV,27,562962
3934,31499,-1,Huyao Xiao Hongniang,"Comedy, Romance",ONA,13,2696
57833,687,-1,Tokyo Mew Mew,"Adventure, Comedy, Fantasy, Magic, Romance, Sci-Fi, Shoujo, Supernatural",TV,52,67936
12953,121,8,Fullmetal Alchemist,"Action, Adventure, Comedy, Drama, Fantasy, Magic, Military, Shounen",TV,51,600384
58326,154,-1,Shaman King,"Action, Adventure, Comedy, Drama, Shounen, Supernatural",TV,64,169517
72410,27899,9,Tokyo Ghoul √A,"Action, Drama, Horror, Mystery, Psychological, Seinen, Supernatural",TV,12,408357
14226,14267,-1,Persona 4 the Animation: The Factor of Hope,"Adventure, Mystery, School, Super Power, Supernatural",Movie,1,10757
61254,3782,8,Kara no Kyoukai 2: Satsujin Kousatsu (Zen),"Action, Mystery, Romance, Supernatural, Thriller",Movie,1,114415
45897,9926,6,Sekaiichi Hatsukoi,"Comedy, Drama, Romance, Shounen Ai",TV,12,94820
57479,14511,7,Minami-ke Tadaima,"Comedy, School, Slice of Life",TV,13,31394
50148,1818,7,Claymore,"Action, Adventure, Demons, Fantasy, Shounen, Super Power, Supernatural",TV,26,316853
41192,11759,-1,Accel World,"Action, Game, Romance, School, Sci-Fi",TV,24,324284
58969,1490,6,Ginga Tetsudou Monogatari,"Action, Adventure, Drama, Sci-Fi, Space",TV,26,5947
53388,177,10,Tsubasa Chronicle,"Action, Adventure, Fantasy, Magic, Romance, Shounen, Supernatural",TV,26,134705
28218,934,8,Higurashi no Naku Koro ni,"Horror, Mystery, Psychological, Supernatural, Thriller",TV,26,359494
56774,6347,8,Baka to Test to Shoukanjuu,"Comedy, Romance, School, Super Power",TV,13,301282
39103,17259,6,Kuroko no Basket: Oshaberi Shiyokka,"Comedy, School, Shounen, Sports",Special,1,23937
40373,1829,10,Gedo Senki,"Adventure, Fantasy, Magic",Movie,1,59243
33979,24703,-1,High School DxD BorN,"Action, Comedy, Demons, Ecchi, Harem, Romance, School",TV,12,192171
24744,25099,-1,Ore ga Ojousama Gakkou ni &quot;Shomin Sample&quot; Toshite Gets♥Sareta Ken,"Comedy, Ecchi, Harem, Romance, School",TV,12,77774
70753,12365,8,Bakuman. 3rd Season,"Comedy, Drama, Romance, Shounen",TV,25,133620
41862,8888,7,Code Geass: Boukoku no Akito 1 - Yokuryuu wa Maiorita,"Action, Mecha, Military, Sci-Fi",Movie,1,91105
44468,3593,9,Utawarerumono OVA,"Action, Comedy, Fantasy",OVA,3,13738
27646,186,9,Initial D Second Stage,"Action, Cars, Drama, Seinen, Sports",TV,13,45825
8651,30240,-1,Prison School,"Comedy, Ecchi, Romance, School, Seinen",TV,12,227734
2083,263,10,Hajime no Ippo,"Comedy, Drama, Shounen, Sports",TV,75,157670
37045,11111,8,Another,"Horror, Mystery, School, Supernatural, Thriller",TV,12,534657
40974,3785,-1,Evangelion: 3.0 You Can (Not) Redo,"Action, Mecha, Sci-Fi",Movie,1,135318
16370,16035,-1,Karneval (TV),"Action, Fantasy, Mystery, Sci-Fi, Shoujo",TV,13,108174
39920,7054,8,Kaichou wa Maid-sama!,"Comedy, Romance, School, Shoujo",TV,26,391628
56439,17895,9,Golden Time,"Comedy, Romance, Seinen",TV,24,273191
45552,267,9,Gungrave,"Action, Drama, Sci-Fi, Seinen, Super Power",TV,26,95825
8632,777,7,Hellsing Ultimate,"Action, Horror, Military, Seinen, Supernatural, Vampire",OVA,10,297454
29716,1535,10,Death Note,"Mystery, Police, Psychological, Supernatural, Thriller",TV,37,1013917
57209,11111,8,Another,"Horror, Mystery, School, Supernatural, Thriller",TV,12,534657
49966,2772,6,Juushin Enbu: Hero Tales,"Action, Fantasy, Shounen",TV,26,16502
73347,121,8,Fullmetal Alchemist,"Action, Adventure, Comedy, Drama, Fantasy, Magic, Military, Shounen",TV,51,600384
20916,1237,-1,One Piece: Oounabara ni Hirake! Dekkai Dekkai Chichi no Yume!,"Action, Adventure, Comedy, Fantasy, Shounen, Super Power",Special,1,17175
21819,317,6,Final Fantasy VII: Advent Children,"Action, Fantasy, Super Power",Movie,1,138659
25757,1172,9,Slayers Try,"Adventure, Comedy, Demons, Fantasy, Magic, Shounen",TV,26,32742
6014,443,-1,Onegai☆Teacher: Himitsu na Futari,"Comedy, Ecchi, Romance, Sci-Fi",OVA,1,32134
6836,1862,7,Strike Witches OVA,"Action, Ecchi, Magic, Military, Sci-Fi",OVA,1,18236
30422,13161,7,Hagure Yuusha no Aesthetica,"Action, Ecchi, Fantasy, Super Power",TV,12,156044
55199,4053,8,Prince of Tennis: The National Tournament Finals,"Comedy, School, Shounen, Sports",OVA,7,21020
68998,22729,9,Aldnoah.Zero,"Action, Mecha, Sci-Fi",TV,12,244193
32293,25397,7,Absolute Duo,"Action, Ecchi, Harem, Romance, School, Supernatural",TV,12,168811
37306,8074,8,Highschool of the Dead,"Action, Ecchi, Horror, Supernatural",TV,12,535892
71449,30240,-1,Prison School,"Comedy, Ecchi, Romance, School, Seinen",TV,12,227734
59602,961,-1,Virtua Fighter,"Action, Adventure, Comedy, Martial Arts, Shounen",TV,35,3875
46229,154,5,Shaman King,"Action, Adventure, Comedy, Drama, Shounen, Supernatural",TV,64,169517
17872,21881,3,Sword Art Online II,"Action, Adventure, Fantasy, Game, Romance",TV,24,537892
33772,15197,8,Code Geass: Boukoku no Akito 2 - Hikisakareshi Yokuryuu,"Action, Mecha, Military",Movie,1,61020
4406,25157,7,Trinity Seven,"Action, Comedy, Ecchi, Fantasy, Harem, Magic, Romance, School, Shounen, Supernatural",TV,12,208796
44647,164,10,Mononoke Hime,"Action, Adventure, Fantasy",Movie,1,339556
1032,777,10,Hellsing Ultimate,"Action, Horror, Military, Seinen, Supernatural, Vampire",OVA,10,297454
16713,11757,8,Sword Art Online,"Action, Adventure, Fantasy, Game, Romance",TV,25,893100
59249,245,-1,Great Teacher Onizuka,"Comedy, Drama, School, Shounen, Slice of Life",TV,43,268487
26534,15689,10,Nekomonogatari: Kuro,"Comedy, Romance, Supernatural",TV,4,173264
23077,20159,8,Pokemon: The Origin,"Action, Adventure, Comedy, Fantasy, Kids",Special,4,85947
44536,268,8,Golden Boy,"Adventure, Comedy, Ecchi",OVA,6,113040
57951,7054,8,Kaichou wa Maid-sama!,"Comedy, Romance, School, Shoujo",TV,26,391628
32650,1840,7,Zero no Tsukaima: Futatsuki no Kishi,"Action, Adventure, Comedy, Ecchi, Fantasy, Harem, Magic, Romance, School",TV,12,235684
58063,6772,6,Break Blade 1: Kakusei no Toki,"Action, Fantasy, Mecha, Military, Shounen",Movie,1,58184
59339,1840,9,Zero no Tsukaima: Futatsuki no Kishi,"Action, Adventure, Comedy, Ecchi, Fantasy, Harem, Magic, Romance, School",TV,12,235684
68009,3467,7,Nogizaka Haruka no Himitsu,"Comedy, Romance",TV,12,80820
4078,27633,8,Gekkan Shoujo Nozaki-kun Specials,"Comedy, Romance, School",Special,6,52672
21,2904,9,Code Geass: Hangyaku no Lelouch R2,"Action, Drama, Mecha, Military, Sci-Fi, Super Power",TV,25,572888
20432,23199,-1,Durarara!!x2 Shou,"Action, Mystery, Supernatural",TV,12,189407
17095,8525,8,Kami nomi zo Shiru Sekai,"Comedy, Harem, Romance, Shounen, Supernatural",TV,12,284846
14846,1606,9,Kekkaishi,"Adventure, Comedy, Fantasy, Shounen",TV,52,61884
36553,2993,8,Rosario to Vampire,"Comedy, Ecchi, Fantasy, Harem, Romance, School, Shounen, Vampire",TV,13,299278
57775,196,6,Onegai☆Twins,"Comedy, Drama, Harem, School, Sci-Fi",TV,12,59164
47113,5040,-1,One Outs,"Psychological, Seinen, Sports",TV,25,83056
47202,1,8,Cowboy Bebop,"Action, Adventure, Comedy, Drama, Sci-Fi, Space",TV,26,486824
50503,1280,7,Mamono Hunter Youko,"Comedy, Fantasy, Horror, Magic, Supernatural",OVA,6,6385
22599,30276,-1,One Punch Man,"Action, Comedy, Parody, Sci-Fi, Seinen, Super Power, Supernatural",TV,12,552458
61678,3702,5,Detroit Metal City,"Comedy, Music",OVA,12,104893
8982,14353,7,Death Billiards,"Drama, Game, Mystery, Psychological, Thriller",Movie,1,95690
41382,18153,-1,Kyoukai no Kanata,"Fantasy, Slice of Life, Supernatural",TV,12,359011
66024,8917,8,Mouretsu Pirates,"Sci-Fi, Space",TV,26,48245
52173,209,10,R.O.D the TV,"Action, Adventure, Comedy, Drama, Sci-Fi, Super Power",TV,26,47053
51894,495,8,Bakuretsu Hunters,"Adventure, Comedy, Ecchi, Fantasy, Magic, Shounen, Supernatural",TV,26,10667
61983,20,10,Naruto,"Action, Comedy, Martial Arts, Shounen, Super Power",TV,220,683297
4759,22123,6,Inugami-san to Nekoyama-san,"Comedy, School, Shoujo Ai",TV,12,35872
38149,10012,-1,Carnival Phantasm,"Comedy, Parody, Supernatural",OVA,12,71976
17566,9963,8,Detective Conan Movie 15: Quarter of Silence,"Adventure, Comedy, Mystery, Police, Shounen",Movie,1,17165
36086,14289,9,Sukitte Ii na yo.,"Romance, School, Shoujo",TV,13,233410
8250,3958,6,Kannagi,"Comedy, School, Shounen, Supernatural",TV,13,94202
38148,3226,8,Major S4,"Comedy, Drama, Shounen, Sports",TV,26,28002
17752,10029,8,Coquelicot-zaka kara,"Historical, Romance, School, Shoujo",Movie,1,50689
54435,96,5,Mobile Fighter G Gundam,"Adventure, Comedy, Drama, Martial Arts, Mecha, Romance, Sci-Fi, Space, Sports",TV,49,36338
72210,25681,10,Kamisama Hajimemashita◎,"Comedy, Demons, Fantasy, Romance, Shoujo, Supernatural",TV,12,91796
21814,5764,-1,Zero no Tsukaima: Princesses no Rondo - Yuuwaku no Sunahama,"Comedy, Ecchi, Fantasy, Harem, Magic",Special,1,51816
59515,578,10,Hotaru no Haka,"Drama, Historical",Movie,1,174878
33723,13663,6,To LOVE-Ru Darkness,"Comedy, Ecchi, Harem, Romance, School, Sci-Fi, Shounen",TV,12,135929
70736,24075,-1,Persona 4 the Golden Animation,"Adventure, Mystery, School, Sci-Fi, Super Power, Supernatural",TV,12,39165
6089,24921,8,Aoki Hagane no Arpeggio: Ars Nova Cadenza,"Action, Sci-Fi, Seinen",Movie,1,12353
51826,3228,8,Zoku Sayonara Zetsubou Sensei,"Comedy, Parody, School",TV,13,74040
16270,16011,-1,Tokyo Ravens,"Comedy, School, Shounen, Super Power, Supernatural",TV,24,171384
33182,22199,10,Akame ga Kill!,"Action, Adventure, Fantasy",TV,24,492133
18423,22319,5,Tokyo Ghoul,"Action, Drama, Horror, Mystery, Psychological, Seinen, Supernatural",TV,12,618056
52870,1889,-1,Higurashi no Naku Koro ni Kai,"Mystery, Psychological, Supernatural, Thriller",TV,24,218101
59643,12403,7,Yuru Yuri♪♪,"Comedy, School, Shoujo Ai, Slice of Life",TV,12,83097
32761,1250,8,Erementar Gerad,"Adventure, Comedy, Fantasy, Magic, Romance, Super Power",TV,26,63193
38581,528,-1,Pokemon: Mewtwo no Gyakushuu,"Action, Adventure, Comedy, Drama, Fantasy, Kids",Movie,1,100089
21194,14513,-1,Magi: The Labyrinth of Magic,"Action, Adventure, Fantasy, Magic, Shounen",TV,25,317513
34789,341,9,Spiral: Suiri no Kizuna,"Drama, Mystery, Shounen",TV,25,36187
23512,23281,8,Psycho-Pass 2,"Action, Police, Psychological, Sci-Fi",TV,11,228435
32333,8465,-1,Ichiban Ushiro no Daimaou Specials,"Comedy, Ecchi, Fantasy, Magic, Shounen",Special,6,26025
69387,3457,7,Vampire Knight,"Drama, Mystery, Romance, Shoujo, Supernatural, Vampire",TV,13,286826
50313,487,8,Girls Bravo: Second Season,"Comedy, Ecchi, Fantasy, Harem, Romance, School",TV,13,57110
17572,20053,-1,Wizard Barristers: Benmashi Cecil,Magic,TV,12,38188
51478,3001,-1,Moyashimon,"Comedy, School, Supernatural",TV,11,44465
69113,50,7,Aa! Megami-sama! (TV),"Comedy, Magic, Romance, Seinen, Supernatural",TV,24,96694
67098,226,7,Elfen Lied,"Action, Drama, Horror, Psychological, Romance, Seinen, Supernatural",TV,13,623511
11998,18507,-1,Free!,"Comedy, School, Slice of Life, Sports",TV,12,265791
43052,9989,-1,Ano Hi Mita Hana no Namae wo Bokutachi wa Mada Shiranai.,"Drama, Slice of Life, Supernatural",TV,11,463835
4374,16498,8,Shingeki no Kyojin,"Action, Drama, Fantasy, Shounen, Super Power",TV,25,896229
29105,30346,10,Doukyuusei (Movie),"Romance, School, Shounen Ai, Slice of Life",Movie,1,28864
67326,532,10,Bishoujo Senshi Sailor Moon S,"Drama, Magic, Romance, Shoujo",TV,38,66911
8494,4320,-1,Lupin III: Green vs. Red,"Action, Comedy, Mystery, Shounen",OVA,1,3769
25080,10568,10,Kamisama no Memochou,Mystery,TV,12,130502
19659,6702,9,Fairy Tail,"Action, Adventure, Comedy, Fantasy, Magic, Shounen",TV,175,584590
2700,22319,9,Tokyo Ghoul,"Action, Drama, Horror, Mystery, Psychological, Seinen, Supernatural",TV,12,618056
16284,11835,-1,Qin Shiming Yue Zhi: Zhu Zi Bai Jia,"Action, Fantasy, Historical, Martial Arts",TV,34,369
42779,24991,5,No Game No Life Specials,"Ecchi, Fantasy, Game",Special,6,58997
36824,1604,7,Katekyo Hitman Reborn!,"Action, Comedy, Shounen, Super Power",TV,203,258103
36120,31043,10,Boku dake ga Inai Machi,"Mystery, Psychological, Seinen, Supernatural",TV,12,402381
22278,552,8,Digimon Adventure,"Action, Adventure, Comedy, Fantasy, Kids",TV,54,182208
2137,4565,10,Tengen Toppa Gurren Lagann Movie: Lagann-hen,"Action, Mecha, Sci-Fi, Space, Super Power",Movie,1,82253
26976,3627,7,D.C.II S.S.: Da Capo II Second Season,"Comedy, Drama, Fantasy, Harem, Romance",TV,13,20581
28385,166,6,Samurai 7,"Historical, Mecha, Samurai, Sci-Fi",TV,26,74991
57535,32,9,Neon Genesis Evangelion: The End of Evangelion,"Dementia, Drama, Mecha, Psychological, Sci-Fi",Movie,1,215630
48726,11013,9,Inu x Boku SS,"Comedy, Romance, Shounen, Supernatural",TV,12,216204
31134,11757,9,Sword Art Online,"Action, Adventure, Fantasy, Game, Romance",TV,25,893100
54653,6512,9,Nyan Koi!,"Comedy, Harem, Romance",TV,12,142264
11897,22859,7,Takanashi Rikka Kai: Chuunibyou demo Koi ga Shitai! Movie Lite,Comedy,Special,1,13238
16444,30206,9,Amagi Brilliant Park: Nonbirishiteiru Hima ga Nai!,Comedy,Special,1,30342
17121,5020,7,Zettai Shougeki: Platonic Heart,"Action, Ecchi, Martial Arts",OVA,5,10887
786,21241,6,Kyoukai no Kanata: Idol Saiban! Mayoi Nagara mo Kimi wo Sabaku Tami,Comedy,ONA,5,19389
51543,5356,8,Canaan,"Action, Seinen",TV,13,123217
42814,23281,7,Psycho-Pass 2,"Action, Police, Psychological, Sci-Fi",TV,11,228435
2738,5114,10,Fullmetal Alchemist: Brotherhood,"Action, Adventure, Drama, Fantasy, Magic, Military, Shounen",TV,64,793665
39907,2904,9,Code Geass: Hangyaku no Lelouch R2,"Action, Drama, Mecha, Military, Sci-Fi, Super Power",TV,25,572888
54837,6045,9,Kimi ni Todoke,"Romance, School, Shoujo, Slice of Life",TV,25,309339
72830,32108,8,Digimon Adventure tri. 2: Ketsui,"Action, Adventure, Comedy, Drama",Movie,1,30684
48172,10460,9,Kimi to Boku.,"Comedy, Drama, Romance, School, Shounen, Slice of Life",TV,13,86196
24893,7769,6,Ookami-san to Shichinin no Nakama-tachi,"Comedy, Parody, Romance",TV,12,145982
19367,11837,8,Zetman,"Action, Drama, Horror, Romance, Sci-Fi, Seinen, Supernatural",TV,13,65633
16568,411,7,Gun x Sword,"Action, Adventure, Drama, Mecha, Sci-Fi, Shounen",TV,26,45921
63472,8074,7,Highschool of the Dead,"Action, Ecchi, Horror, Supernatural",TV,12,535892
66742,1140,7,Giniro no Kami no Agito,"Adventure, Drama, Fantasy, Romance, Sci-Fi",Movie,1,45084
27320,4224,10,Toradora!,"Comedy, Romance, School, Slice of Life",TV,25,633817
56750,205,8,Samurai Champloo,"Action, Adventure, Comedy, Historical, Samurai, Shounen",TV,26,390076
35653,4472,9,Lucky☆Star: Original na Visual to Animation,"Comedy, Parody, School, Slice of Life",OVA,1,84833
70030,859,-1,Digimon Savers,"Adventure, Comedy, Drama, Fantasy, Shounen",TV,48,41021
19889,15911,7,Yuyushiki,"Comedy, School, Seinen, Slice of Life",TV,12,50351
38114,21507,7,Soul Eater NOT!,"Action, Comedy, Ecchi, Shounen, Supernatural",TV,12,92269
394,23289,-1,Gekkan Shoujo Nozaki-kun,"Comedy, Romance, School",TV,12,292622
12601,90,8,Mobile Suit Gundam Wing,"Action, Drama, Mecha, Military, Sci-Fi, Space",TV,49,86001
58046,5772,5,Akaneiro ni Somaru Saka: Hardcore,"Comedy, Ecchi, Harem, Romance",Special,1,26925
16284,893,7,Dragon Ball Movie 4: Saikyou e no Michi,"Action, Adventure, Comedy, Fantasy, Sci-Fi, Shounen, Super Power",Movie,1,26104
71433,934,-1,Higurashi no Naku Koro ni,"Horror, Mystery, Psychological, Supernatural, Thriller",TV,26,359494
48536,10897,-1,Boku wa Tomodachi ga Sukunai Episode 0,"Comedy, Romance, School, Seinen, Slice of Life",OVA,1,69233
33276,10521,-1,Working&#039;!!,"Comedy, Slice of Life",TV,13,117328
9543,322,10,Paradise Kiss,"Comedy, Drama, Josei, Romance, Slice of Life",TV,12,86380
26636,1645,8,Harlock Saga: Nibelung no Yubiwa,"Action, Adventure, Drama, Sci-Fi, Seinen, Space",OVA,6,3244
61368,15039,9,Ano Hi Mita Hana no Namae wo Bokutachi wa Mada Shiranai. Movie,"Drama, Slice of Life, Supernatural",Movie,1,95241
6164,14131,-1,Girls und Panzer,"Military, School",TV,12,104275
27314,457,7,Mushishi,"Adventure, Fantasy, Historical, Mystery, Seinen, Slice of Life, Supernatural",TV,26,300030
9852,28171,7,Shokugeki no Souma,"Ecchi, School, Shounen",TV,24,348951
43373,2896,-1,Houkago: Nureta Seifuku,Hentai,OVA,3,5847
22540,6291,7,Full Metal Panic! The Second Raid Episode 000,"Action, Adventure, Mecha, Military",Special,1,25423
50733,5895,7,Tistou Midori no Oyayubi,"Historical, Magic",Movie,1,332
14865,8074,-1,Highschool of the Dead,"Action, Ecchi, Horror, Supernatural",TV,12,535892
41454,9252,-1,Break Blade 3: Kyoujin no Ato,"Action, Fantasy, Mecha, Military, Shounen",Movie,1,42653
17894,205,7,Samurai Champloo,"Action, Adventure, Comedy, Historical, Samurai, Shounen",TV,26,390076
44521,2006,7,Yu☆Gi☆Oh! (1999),"Adventure, Comedy, Fantasy, Game, Shounen",Movie,1,26934
33135,11843,9,Danshi Koukousei no Nichijou,"Comedy, School, Shounen, Slice of Life",TV,12,258914
31164,5530,8,Pandora Hearts,"Adventure, Fantasy, Mystery, Shounen, Supernatural",TV,25,229567
37351,20745,5,Love Live! School Idol Project OVA,"Music, School, Slice of Life",OVA,1,21188
50637,62,6,D.C.: Da Capo,"Drama, Harem, Magic, Romance",TV,26,49909
67067,23043,-1,Re Boot,"Drama, Music, School, Slice of Life",Music,1,1544
43103,10719,-1,Boku wa Tomodachi ga Sukunai,"Comedy, Ecchi, Harem, Romance, School, Seinen, Slice of Life",TV,12,325664
49167,1143,8,.hack//Intermezzo,"Adventure, Fantasy, Game, Magic, Mystery, Sci-Fi",Special,1,16637
40687,13331,5,Jormungand: Perfect Order,"Action, Adventure, Seinen",TV,12,81951
53555,368,7,Bible Black,Hentai,OVA,6,31309
5571,10187,-1,HenSemi (TV),"Comedy, Ecchi, Seinen",TV,13,27878
58118,1587,9,Tenpou Ibun: Ayakashi Ayashi,"Demons, Historical, Supernatural",TV,25,10364
48485,156,8,X,"Action, Drama, Fantasy, Magic, Romance, Shoujo, Super Power",TV,24,51004
14376,13271,-1,Hunter x Hunter Movie: Phantom Rouge,"Action, Adventure, Shounen, Super Power",Movie,1,44589
55147,2505,-1,Ringetsu The Animation,Hentai,OVA,3,3512
61467,3230,8,Druaga no Tou: The Aegis of Uruk,"Adventure, Comedy, Fantasy",TV,12,69683
22797,174,4,Tenjou Tenge,"Action, Comedy, Ecchi, Martial Arts, School, Shounen, Super Power",TV,24,103449
51563,9047,-1,Toaru Kagaku no Railgun: Misaka-san wa Ima Chuumoku no Mato desukara,"Action, Sci-Fi, Super Power",OVA,1,37609
22842,11761,5,Medaka Box,"Action, Comedy, Ecchi, Martial Arts, School, Shounen, Super Power",TV,12,110042
44699,11209,-1,Maken-Ki! OVA,"Action, Ecchi, Harem, Martial Arts, School, Super Power",OVA,2,24386
53702,2124,9,Code Geass: Hangyaku no Lelouch Recaps,"Action, Mecha, Military, School, Super Power",Special,2,23194
62290,32182,8,Mob Psycho 100,"Action, Comedy, Slice of Life, Supernatural",TV,12,193716
28545,32189,4,Danganronpa 3: The End of Kibougamine Gakuen - Mirai-hen,"Action, Horror, Mystery, Psychological",TV,12,83343
65840,28713,7,Isuca: Gokuraku,"Comedy, Ecchi, Romance, Seinen, Supernatural",OVA,1,9464
43665,10620,8,Mirai Nikki (TV),"Action, Mystery, Psychological, Shounen, Supernatural, Thriller",TV,26,657190
65239,21659,8,Kill la Kill Special,"Action, Comedy, School, Super Power",Special,1,83795
56654,31637,-1,"Gate: Jieitai Kanochi nite, Kaku Tatakaeri 2nd Season","Action, Adventure, Fantasy, Military",TV,12,153501
61409,4938,6,Tsubasa: Shunraiki,"Action, Adventure, Drama, Fantasy, Magic, Mystery, Romance, Shounen, Supernatural",OVA,2,40420
17484,223,6,Dragon Ball,"Adventure, Comedy, Fantasy, Martial Arts, Shounen, Super Power",TV,153,316102
32241,30296,10,Rakudai Kishi no Cavalry,"Action, Ecchi, Fantasy, Romance, School",TV,12,188685
1620,27829,10,Heavy Object,"Action, Mecha, Military, Sci-Fi",TV,24,68382
32494,2581,6,Mobile Suit Gundam 00,"Action, Drama, Mecha, Military, Sci-Fi, Space",TV,25,120351
68285,19769,9,Mahou Sensou,"Action, Fantasy, Magic",TV,12,104192
19029,19315,6,Pupa,"Fantasy, Horror, Psychological",TV,12,83652
59891,326,8,Petshop of Horrors,"Horror, Josei, Mystery, Supernatural",TV,4,32696
27272,4177,6,Bounen no Xamdou,"Action, Military, Sci-Fi",ONA,26,79026
19063,13601,-1,Psycho-Pass,"Action, Police, Psychological, Sci-Fi",TV,22,509109
3569,28675,6,Kyoukai no Kanata Movie: I&#039;ll Be Here - Mirai-hen,"Fantasy, Slice of Life, Supernatural",Movie,1,59815
786,10790,8,Kore wa Zombie Desu ka? of the Dead,"Action, Comedy, Ecchi, Harem, Magic, Supernatural",TV,10,180032
41345,4447,-1,Detective Conan Movie 12: Full Score of Fear,"Adventure, Comedy, Mystery, Police, Shounen",Movie,1,19290
4240,11013,-1,Inu x Boku SS,"Comedy, Romance, Shounen, Supernatural",TV,12,216204
13158,2107,7,One Piece Movie 8: Episode of Alabasta - Sabaku no Oujo to Kaizoku-tachi,"Action, Adventure, Fantasy, Shounen",Movie,1,31909
22768,3604,7,Hidamari Sketch x 365,"Comedy, School, Slice of Life",TV,13,19180
65218,7338,-1,Darker than Black: Kuro no Keiyakusha Gaiden,"Action, Mystery, Sci-Fi, Super Power",Special,4,136135
2045,4155,9,One Piece Film: Strong World,"Action, Adventure, Comedy, Drama, Fantasy, Shounen",Movie,1,85020
21204,16157,6,Choujigen Game Neptune The Animation,"Action, Comedy, Fantasy, Parody, Sci-Fi, Supernatural",TV,12,71901
71257,21881,8,Sword Art Online II,"Action, Adventure, Fantasy, Game, Romance",TV,24,537892
72660,8609,10,Detective Conan OVA 10: Kid in Trap Island,"Adventure, Comedy, Mystery, Police, Shounen",OVA,1,7757
26409,5081,9,Bakemonogatari,"Mystery, Romance, Supernatural, Vampire",TV,15,482268
71327,6645,5,Chuu Bra!!,"Comedy, Ecchi, School",TV,12,32470
66770,2926,9,Myself; Yourself,"Drama, Romance, School",TV,13,115075
56273,10012,-1,Carnival Phantasm,"Comedy, Parody, Supernatural",OVA,12,71976
36320,12365,10,Bakuman. 3rd Season,"Comedy, Drama, Romance, Shounen",TV,25,133620
22039,1887,6,Lucky☆Star,"Comedy, Parody, School, Slice of Life",TV,24,305837
50703,5678,9,Kobato.,"Comedy, Drama, Fantasy",TV,24,88986
6822,2216,9,Shigurui,"Action, Drama, Historical, Martial Arts, Samurai, Seinen",TV,12,50091
68929,17729,9,Grisaia no Kajitsu,"Drama, Harem, Psychological, Romance, School",TV,13,178166
17330,67,-1,Basilisk: Kouga Ninpou Chou,"Action, Adventure, Fantasy, Historical, Romance, Samurai, Supernatural",TV,24,98144
67231,1709,8,Pokemon: Mewtwo! Ware wa Koko ni Ari,"Action, Adventure, Comedy, Drama, Fantasy, Kids",Special,1,38638
7600,22663,8,Seiken Tsukai no World Break,"Action, Fantasy, Harem, Romance, School, Supernatural",TV,12,97401
4798,5675,10,Basquash!,"Ecchi, Mecha, Shounen, Sports",TV,26,30323
7638,986,6,Dragon Ball Z Special 1: Tatta Hitori no Saishuu Kessen,"Adventure, Comedy, Fantasy, Sci-Fi, Shounen",Special,1,46276
256,5764,9,Zero no Tsukaima: Princesses no Rondo - Yuuwaku no Sunahama,"Comedy, Ecchi, Fantasy, Harem, Magic",Special,1,51816
51820,4472,8,Lucky☆Star: Original na Visual to Animation,"Comedy, Parody, School, Slice of Life",OVA,1,84833
2820,24211,8,Orenchi no Furo Jijou,"Comedy, Fantasy, Shoujo",TV,13,47157
20862,28171,9,Shokugeki no Souma,"Ecchi, School, Shounen",TV,24,348951
7939,177,9,Tsubasa Chronicle,"Action, Adventure, Fantasy, Magic, Romance, Shounen, Supernatural",TV,26,134705
35170,6166,-1,Asobi ni Iku yo!,"Comedy, Ecchi, Harem, Romance, Sci-Fi",TV,12,95005
63073,4181,10,Clannad: After Story,"Drama, Fantasy, Romance, Slice of Life, Supernatural",TV,24,456749
11299,3002,8,Gyakkyou Burai Kaiji: Ultimate Survivor,"Game, Psychological, Seinen, Thriller",TV,26,98996
30565,10460,8,Kimi to Boku.,"Comedy, Drama, Romance, School, Shounen, Slice of Life",TV,13,86196
38263,26349,10,Danna ga Nani wo Itteiru ka Wakaranai Ken,"Comedy, Seinen, Slice of Life",TV,13,122271
61389,1258,7,Saint Seiya: Kamigami no Atsuki Tatakai,"Adventure, Sci-Fi, Shounen",Movie,1,8894
61590,1120,-1,Pokemon: Mizu no Miyako no Mamorigami Latias to Latios,"Adventure, Comedy, Drama, Fantasy, Kids",Movie,1,42389
40362,120,8,Fruits Basket,"Comedy, Drama, Fantasy, Romance, Shoujo, Slice of Life",TV,26,242553
66863,16656,10,Zettai Junpaku♡Mahou Shoujo,"Action, Ecchi, Harem, Magic",OVA,1,5410
65255,18677,6,Yuusha ni Narenakatta Ore wa Shibushibu Shuushoku wo Ketsui Shimashita.,"Comedy, Ecchi, Fantasy, Romance",TV,12,115338
46272,8074,5,Highschool of the Dead,"Action, Ecchi, Horror, Supernatural",TV,12,535892
63081,13759,-1,Sakurasou no Pet na Kanojo,"Comedy, Drama, Romance, School, Slice of Life",TV,24,380375
40443,8074,6,Highschool of the Dead,"Action, Ecchi, Horror, Supernatural",TV,12,535892
65836,8142,10,Colorful (Movie),"Drama, Slice of Life, Supernatural",Movie,1,63263
49192,16498,9,Shingeki no Kyojin,"Action, Drama, Fantasy, Shounen, Super Power",TV,25,896229
61801,30230,8,Diamond no Ace: Second Season,"Comedy, School, Shounen, Sports",TV,51,38531
45577,32526,8,Love Live! Sunshine!!,"Music, School, Slice of Life",TV,13,45246
9656,4472,-1,Lucky☆Star: Original na Visual to Animation,"Comedy, Parody, School, Slice of Life",OVA,1,84833
15725,9656,8,Kimi ni Todoke 2nd Season,"Romance, School, Shoujo, Slice of Life",TV,12,171866
27910,9926,9,Sekaiichi Hatsukoi,"Comedy, Drama, Romance, Shounen Ai",TV,12,94820
47972,6675,8,Redline,"Action, Cars, Sci-Fi, Sports",Movie,1,109392
11410,71,8,Full Metal Panic!,"Action, Comedy, Mecha, Military, Sci-Fi",TV,24,256325
69121,25159,-1,Inou-Battle wa Nichijou-kei no Naka de,"Comedy, Romance, School, Slice of Life, Supernatural",TV,12,144370
12385,10465,-1,Manyuu Hikenchou,"Action, Comedy, Ecchi, Samurai, Seinen",TV,12,32171
68883,6347,8,Baka to Test to Shoukanjuu,"Comedy, Romance, School, Super Power",TV,13,301282
7816,14749,8,Ore no Kanojo to Osananajimi ga Shuraba Sugiru,"Comedy, Harem, Romance, School",TV,13,156116
22278,28619,6,Ranpo Kitan: Game of Laplace,Mystery,TV,11,66777
33119,24451,7,Kanojo ga Flag wo Oraretara OVA,"Comedy, Harem, Romance, School",OVA,1,10264
47830,834,8,Bleach: The Sealed Sword Frenzy,"Adventure, Comedy, Drama, Fantasy, Shounen, Supernatural",Special,1,73241
16276,2025,9,Darker than Black: Kuro no Keiyakusha,"Action, Mystery, Sci-Fi, Super Power",TV,25,440334
5328,3702,10,Detroit Metal City,"Comedy, Music",OVA,12,104893
11757,14835,9,The iDOLM@STER Shiny Festa,"Comedy, Drama, Music",OVA,3,9893
59073,13271,4,Hunter x Hunter Movie: Phantom Rouge,"Action, Adventure, Shounen, Super Power",Movie,1,44589
29096,813,10,Dragon Ball Z,"Action, Adventure, Comedy, Fantasy, Martial Arts, Shounen, Super Power",TV,291,375662
40391,3791,10,Air Gear Special,"Shounen, Sports",Special,1,33597
13084,3091,9,xxxHOLiC Kei,"Comedy, Drama, Mystery, Psychological, Supernatural",TV,13,74941
25334,30806,-1,Schwarzesmarken,"Action, Drama, Historical, Mecha, Military, Sci-Fi",TV,12,51632
16368,13349,7,Chouyaku Hyakuninisshu: Uta Koi.,"Historical, Josei, Romance",TV,13,15661
4161,14941,-1,AKB0048: Next Stage,"Music, Sci-Fi",TV,13,22302
7808,10076,7,Kämpfer für die Liebe,"Action, Comedy, Ecchi, Shoujo Ai, Super Power",Special,2,37047
10536,27821,7,Fate/stay night: Unlimited Blade Works - Prologue,"Action, Fantasy, Magic, Shounen, Supernatural",Special,1,106382
57564,46,6,Rurouni Kenshin: Meiji Kenkaku Romantan - Ishinshishi e no Chinkonka,"Drama, Historical, Samurai, Shounen",Movie,1,33191
71461,11111,10,Another,"Horror, Mystery, School, Supernatural, Thriller",TV,12,534657
38404,15699,8,Haiyore! Nyaruko-san W,"Comedy, Parody, Sci-Fi",TV,12,84442
28774,8424,5,MM!,"Comedy, Ecchi, Harem, School",TV,12,129672
27795,1943,10,Paprika,"Fantasy, Horror, Mystery, Psychological, Sci-Fi, Thriller",Movie,1,163308
27005,31404,-1,Netoge no Yome wa Onnanoko ja Nai to Omotta?,"Comedy, Ecchi, Game, Romance, School",TV,12,137102
32631,9756,7,Mahou Shoujo Madoka★Magica,"Drama, Magic, Psychological, Thriller",TV,12,462974
70549,29093,8,Grisaia no Meikyuu: Caprice no Mayu 0,Drama,Special,1,70039
47921,8939,4,Bohemian Rhapsody,"Music, Sci-Fi, Space",Music,1,3005
51806,1917,7,Mobile Suit Gundam MS IGLOO: The Hidden One Year War,"Mecha, Military, Sci-Fi, Space",OVA,3,8274
66998,7270,8,Mobile Suit Gundam 00 Special Edition,"Action, Drama, Mecha, Military, Sci-Fi",OVA,3,7087
23069,2904,10,Code Geass: Hangyaku no Lelouch R2,"Action, Drama, Mecha, Military, Sci-Fi, Super Power",TV,25,572888
58547,5081,8,Bakemonogatari,"Mystery, Romance, Supernatural, Vampire",TV,15,482268
71029,10357,7,Jinrui wa Suitai Shimashita,"Comedy, Fantasy, Seinen",TV,12,89373
66159,3470,9,Special A,"Comedy, Romance, School, Shoujo",TV,24,173603
39818,3457,-1,Vampire Knight,"Drama, Mystery, Romance, Shoujo, Supernatural, Vampire",TV,13,286826
12431,2729,3,X²: Double X,"Drama, Music, Shoujo",Music,1,2976
70953,4186,8,Chrome Shelled Regios,"Action, Adventure, Fantasy, School, Sci-Fi",TV,24,103615
59516,8675,6,Seitokai Yakuindomo,"Comedy, School, Shounen, Slice of Life",TV,13,217617
12658,13663,10,To LOVE-Ru Darkness,"Comedy, Ecchi, Harem, Romance, School, Sci-Fi, Shounen",TV,12,135929
51021,2832,8,Ani*Kuri15,"Adventure, Comedy, Drama, Fantasy, Game, Magic, Martial Arts, Mecha, School, Sci-Fi, Slice of Life, Super Power, Supernatural",Special,15,12926
10519,11553,8,Toradora!: Bentou no Gokui,"Comedy, Romance, School, Slice of Life",Special,1,71433
38593,5112,4,Akikan!,"Comedy, Ecchi, Fantasy, Romance",TV,12,74097
50733,1287,6,Odin: Koushi Hansen Starlight,"Action, Adventure, Drama, Sci-Fi",Movie,1,1408
8425,568,-1,Bubblegum Crisis Tokyo 2040,"Adventure, Mecha, Sci-Fi, Shounen",TV,26,20079
29020,10155,6,Dog Days,"Action, Adventure, Fantasy, Magic",TV,13,97809
71650,9793,4,Senjou no Valkyria 3: Tagatame no Juusou,"Action, Fantasy, Military",OVA,2,9847
18441,6702,9,Fairy Tail,"Action, Adventure, Comedy, Fantasy, Magic, Shounen",TV,175,584590
13781,6675,9,Redline,"Action, Cars, Sci-Fi, Sports",Movie,1,109392
22122,2001,8,Tengen Toppa Gurren Lagann,"Action, Adventure, Comedy, Mecha, Sci-Fi",TV,27,562962
69293,7456,8,Discipline Zero,Hentai,OVA,2,5082
24816,2167,10,Clannad,"Comedy, Drama, Romance, School, Slice of Life, Supernatural",TV,23,566690
3419,6675,8,Redline,"Action, Cars, Sci-Fi, Sports",Movie,1,109392
12702,874,5,Digimon Tamers,"Adventure, Comedy, Drama, Fantasy, Shounen",TV,51,94391
9832,1535,10,Death Note,"Mystery, Police, Psychological, Supernatural, Thriller",TV,37,1013917
20288,18507,10,Free!,"Comedy, School, Slice of Life, Sports",TV,12,265791
31726,2787,-1,Shakugan no Shana II (Second),"Action, Drama, Fantasy, Romance, School, Supernatural",TV,24,184525
62122,16498,9,Shingeki no Kyojin,"Action, Drama, Fantasy, Shounen, Super Power",TV,25,896229
65891,1535,9,Death Note,"Mystery, Police, Psychological, Supernatural, Thriller",TV,37,1013917
58019,18229,7,Gatchaman Crowds,"Adventure, Sci-Fi",TV,12,107513
58568,550,6,Yu☆Gi☆Oh!,"Action, Comedy, Fantasy, Game, Shounen",TV,27,89243
70489,20785,10,Mahouka Koukou no Rettousei,"Magic, Romance, School, Sci-Fi, Supernatural",TV,26,285317
37327,1535,7,Death Note,"Mystery, Police, Psychological, Supernatural, Thriller",TV,37,1013917
27165,12317,6,Upotte!!,"Action, Comedy, Military, Seinen",ONA,10,43759
45007,210,8,Ranma ½,"Comedy, Fantasy, Martial Arts, Slice of Life",TV,161,105212
48766,17613,-1,Poka Poka Mori no Rascal,Kids,TV,52,93
52903,6421,9,Fullmetal Alchemist: Brotherhood Specials,"Adventure, Drama, Fantasy, Magic, Military, Shounen",Special,4,67962
23486,594,5,Naruto: Takigakure no Shitou - Ore ga Eiyuu Dattebayo!,"Action, Adventure, Comedy, Shounen, Super Power",Special,1,52264
29190,740,8,Bishoujo Senshi Sailor Moon R,"Demons, Magic, Romance, Shoujo",TV,43,73305
40922,15199,7,Code Geass: Boukoku no Akito 3 - Kagayaku Mono Ten yori Otsu,"Action, Mecha, Military",Movie,1,45069
53591,7465,8,Eve no Jikan (Movie),"Sci-Fi, Slice of Life",Movie,1,66376
20253,20,7,Naruto,"Action, Comedy, Martial Arts, Shounen, Super Power",TV,220,683297
44496,256,6,Hoshi no Koe,"Drama, Mecha, Romance, Sci-Fi, Space",OVA,1,85492
61375,5958,8,Sora no Otoshimono,"Comedy, Ecchi, Harem, Romance, Sci-Fi, Shounen, Supernatural",TV,13,227681
51882,398,8,Seikai no Senki III,"Action, Military, Romance, Sci-Fi, Space",OVA,2,11044
57208,22265,-1,Free!: Eternal Summer,"Comedy, School, Slice of Life, Sports",TV,13,150596
5300,813,8,Dragon Ball Z,"Action, Adventure, Comedy, Fantasy, Martial Arts, Shounen, Super Power",TV,291,375662
61892,24439,-1,Kekkai Sensen,"Action, Fantasy, Shounen, Super Power, Supernatural, Vampire",TV,12,220573
35731,20899,9,JoJo no Kimyou na Bouken: Stardust Crusaders,"Action, Adventure, Drama, Shounen, Supernatural",TV,24,120089
45275,10521,-1,Working&#039;!!,"Comedy, Slice of Life",TV,13,117328
19544,4063,7,Sekirei,"Action, Comedy, Ecchi, Harem, Super Power",TV,12,182713
41189,7193,8,Aoi Bungaku Series,"Drama, Historical, Psychological, Seinen, Thriller",TV,12,93074
13128,11123,8,Sekaiichi Hatsukoi 2,"Comedy, Drama, Romance, Shounen Ai",TV,12,69253
619,6547,8,Angel Beats!,"Action, Comedy, Drama, School, Supernatural",TV,13,717796
3881,481,7,Yu☆Gi☆Oh! Duel Monsters,"Adventure, Game, Shounen",TV,224,132099
23595,459,7,One Piece Movie 1,"Action, Adventure, Comedy, Fantasy, Shounen, Super Power",Movie,1,46455
32538,22789,-1,Barakamon,"Comedy, Slice of Life",TV,12,225927
32484,18195,8,Little Busters!: Refrain,"Comedy, Drama, Romance, School, Slice of Life, Supernatural",TV,13,71820
63865,12859,10,One Piece Film: Z,"Action, Adventure, Comedy, Drama, Fantasy, Shounen",Movie,1,76051
28932,59,9,Chobits,"Comedy, Drama, Ecchi, Romance, Sci-Fi, Seinen",TV,26,266846
17479,4224,8,Toradora!,"Comedy, Romance, School, Slice of Life",TV,25,633817
9849,287,3,Grappler Baki (TV),"Shounen, Sports",TV,24,23220
40351,317,-1,Final Fantasy VII: Advent Children,"Action, Fantasy, Super Power",Movie,1,138659
4005,8074,6,Highschool of the Dead,"Action, Ecchi, Horror, Supernatural",TV,12,535892
66096,886,10,Amaenaide yo!! Katsu!!,"Comedy, Ecchi, Harem, Romance, Supernatural",TV,12,33573
36515,1526,8,Pokemon Advanced Generation: Mew to Hadou no Yuusha Lucario,"Action, Adventure, Drama, Fantasy, Kids",Movie,1,46887
68211,237,6,Eureka Seven,"Adventure, Drama, Mecha, Romance, Sci-Fi",TV,50,239570
10291,5114,10,Fullmetal Alchemist: Brotherhood,"Action, Adventure, Drama, Fantasy, Magic, Military, Shounen",TV,64,793665
24997,7148,10,Ladies versus Butlers!,"Comedy, Ecchi, Harem, Romance, School, Seinen",TV,12,94820
7605,853,8,Ouran Koukou Host Club,"Comedy, Harem, Romance, School, Shoujo",TV,26,422271
9581,22535,-1,Kiseijuu: Sei no Kakuritsu,"Action, Drama, Horror, Psychological, Sci-Fi, Seinen",TV,24,425457
8998,23283,10,Zankyou no Terror,"Psychological, Thriller",TV,11,342893
49189,33075,5,Musaigen no Phantom World Special,"Action, Comedy, Fantasy, Supernatural",Special,1,14168
792,9756,9,Mahou Shoujo Madoka★Magica,"Drama, Magic, Psychological, Thriller",TV,12,462974
27625,24415,9,Kuroko no Basket 3rd Season,"Comedy, School, Shounen, Sports",TV,25,184525
58439,3446,-1,Biohazard: Degeneration,"Action, Horror, Sci-Fi",Movie,1,20172
43203,16498,10,Shingeki no Kyojin,"Action, Drama, Fantasy, Shounen, Super Power",TV,25,896229
55072,1279,8,Taiyou no Ko Esteban,"Adventure, Historical, Sci-Fi",TV,39,5424
50825,732,-1,Vampire Hunter D,"Action, Horror, Sci-Fi, Supernatural, Vampire",Movie,1,42377
14823,226,10,Elfen Lied,"Action, Drama, Horror, Psychological, Romance, Seinen, Supernatural",TV,13,623511
70950,24833,10,Ansatsu Kyoushitsu (TV),"Action, Comedy, School, Shounen",TV,22,312654
43119,29786,-1,Shimoneta to Iu Gainen ga Sonzai Shinai Taikutsu na Sekai,"Comedy, Ecchi, School",TV,12,193822
35756,762,6,Bleach: Memories in the Rain,"Action, Adventure, Drama, Shounen, Supernatural",Special,1,78111
8456,23233,6,Shinmai Maou no Testament,"Action, Demons, Ecchi, Fantasy, Harem, Romance",TV,12,172321
6618,13535,6,Binbougami ga!,"Comedy, Parody, Shounen, Supernatural",TV,13,117091
42392,7724,7,Shiki,"Mystery, Supernatural, Thriller, Vampire",TV,22,251093
7005,71,6,Full Metal Panic!,"Action, Comedy, Mecha, Military, Sci-Fi",TV,24,256325
60187,18897,10,Nisekoi,"Comedy, Harem, Romance, School, Shounen",TV,20,347599
32944,9989,9,Ano Hi Mita Hana no Namae wo Bokutachi wa Mada Shiranai.,"Drama, Slice of Life, Supernatural",TV,11,463835
3178,32566,7,Noblesse: Pamyeol-ui Sijak,"Action, Adventure, Supernatural",OVA,1,12418
30865,8769,7,Ore no Imouto ga Konnani Kawaii Wake ga Nai,"Comedy, Seinen, Slice of Life",TV,12,321477
25868,27821,9,Fate/stay night: Unlimited Blade Works - Prologue,"Action, Fantasy, Magic, Shounen, Supernatural",Special,1,106382
27219,23251,8,Gugure! Kokkuri-san,"Comedy, Shounen, Supernatural",TV,12,87824
26598,8577,5,Aki-Sora: Yume no Naka,"Ecchi, Romance, Seinen, Yuri",OVA,2,37519
47686,2966,6,Ookami to Koushinryou,"Adventure, Fantasy, Historical, Romance",TV,13,334932
43134,11743,8,Toaru Majutsu no Index: Endymion no Kiseki,"Action, Magic, Sci-Fi, Super Power",Movie,1,54873
3980,5681,9,Summer Wars,"Comedy, Sci-Fi",Movie,1,223359
68091,477,7,Aria The Animation,"Fantasy, Sci-Fi, Shounen, Slice of Life",TV,13,76913
32203,13535,10,Binbougami ga!,"Comedy, Parody, Shounen, Supernatural",TV,13,117091
60304,173,8,Tactics,"Comedy, Drama, Fantasy, Mystery, Shounen, Super Power",TV,25,27358
49389,2108,8,Rockman.EXE Axess,"Action, Adventure, Comedy, Game, Mecha, Sci-Fi, Shounen",TV,51,9025
2420,10218,8,Berserk: Ougon Jidai-hen I - Haou no Tamago,"Action, Adventure, Demons, Fantasy, Military, Seinen, Supernatural",Movie,1,77103
16448,3588,8,Soul Eater,"Action, Adventure, Comedy, Fantasy, Shounen, Supernatural",TV,51,580184
59124,7739,-1,11eyes: Momoiro Genmutan,"Comedy, Ecchi, Super Power, Supernatural",Special,1,28144
9355,8536,7,Fortune Arterial: Akai Yakusoku,"Comedy, Romance, School, Supernatural, Vampire",TV,12,71285
24849,1162,8,Maze☆Bakunetsu Jikuu,"Adventure, Comedy, Fantasy, Mecha, Shounen",OVA,2,1835
1186,8516,9,Baka to Test to Shoukanjuu Ni!,"Comedy, Romance, School, Super Power",TV,13,183722
15547,2034,8,Lovely★Complex,"Comedy, Romance, Shoujo",TV,24,235003
49495,3297,9,Aria The Origination,"Fantasy, Sci-Fi, Shounen, Slice of Life",TV,13,56162
24548,1074,-1,Naruto Narutimate Hero 3: Tsuini Gekitotsu! Jounin vs. Genin!! Musabetsu Dairansen taikai Kaisai!!,"Adventure, Comedy, Game, Shounen",OVA,1,45188
54249,237,3,Eureka Seven,"Adventure, Drama, Mecha, Romance, Sci-Fi",TV,50,239570
38040,9253,10,Steins;Gate,"Sci-Fi, Thriller",TV,24,673572
43987,13659,5,Ore no Imouto ga Konnani Kawaii Wake ga Nai.,"Comedy, Seinen, Slice of Life",TV,13,194791
65146,169,6,Shingetsutan Tsukihime,"Action, Horror, Mystery, Romance, Super Power, Supernatural, Vampire",TV,12,90713
52213,2453,6,Dennou Sentai Voogie&#039;s★Angel,"Action, Drama, Mecha, Military, Sci-Fi",OVA,3,1132
49723,2593,-1,Kara no Kyoukai 1: Fukan Fuukei,"Action, Mystery, Supernatural, Thriller",Movie,1,178880
46121,226,10,Elfen Lied,"Action, Drama, Horror, Psychological, Romance, Seinen, Supernatural",TV,13,623511
56357,2135,8,"Sora no Iro, Mizu no Iro",Hentai,OVA,2,9633
55434,5205,9,Kara no Kyoukai 7: Satsujin Kousatsu (Kou),"Action, Mystery, Romance, Supernatural, Thriller",Movie,1,95658
55228,14749,7,Ore no Kanojo to Osananajimi ga Shuraba Sugiru,"Comedy, Harem, Romance, School",TV,13,156116
37377,22319,8,Tokyo Ghoul,"Action, Drama, Horror, Mystery, Psychological, Seinen, Supernatural",TV,12,618056
65501,8074,-1,Highschool of the Dead,"Action, Ecchi, Horror, Supernatural",TV,12,535892
48369,10087,9,Fate/Zero,"Action, Fantasy, Supernatural",TV,13,453630
70451,21881,8,Sword Art Online II,"Action, Adventure, Fantasy, Game, Romance",TV,24,537892
41266,30014,9,Momokuri,"Comedy, Romance, Slice of Life",ONA,26,26147
30835,569,8,Musekinin Kanchou Tylor,"Comedy, Military, Parody, Sci-Fi, Space",TV,26,19841
1711,23199,7,Durarara!!x2 Shou,"Action, Mystery, Supernatural",TV,12,189407
28517,12565,9,Fate/Prototype,"Action, Fantasy, Magic, Romance, Shounen, Supernatural",OVA,1,43469
72383,177,8,Tsubasa Chronicle,"Action, Adventure, Fantasy, Magic, Romance, Shounen, Supernatural",TV,26,134705
46191,1571,-1,Ghost Hunt,"Comedy, Horror, Mystery, Shoujo, Supernatural",TV,25,126426
6714,23847,7,Yahari Ore no Seishun Love Comedy wa Machigatteiru. Zoku,"Comedy, Drama, Romance, School",TV,13,222994
57871,339,10,Serial Experiments Lain,"Dementia, Drama, Mystery, Psychological, Sci-Fi, Supernatural",TV,13,215829
7297,1218,7,Tonagura!,"Comedy, Drama, Ecchi, Romance, School",TV,13,31856
67789,1535,9,Death Note,"Mystery, Police, Psychological, Supernatural, Thriller",TV,37,1013917
4125,10790,9,Kore wa Zombie Desu ka? of the Dead,"Action, Comedy, Ecchi, Harem, Magic, Supernatural",TV,10,180032
14238,9656,9,Kimi ni Todoke 2nd Season,"Romance, School, Shoujo, Slice of Life",TV,12,171866
43733,22729,9,Aldnoah.Zero,"Action, Mecha, Sci-Fi",TV,12,244193
32167,19703,9,Kyousou Giga (TV),"Action, Fantasy, Supernatural",TV,10,67732
47593,2904,10,Code Geass: Hangyaku no Lelouch R2,"Action, Drama, Mecha, Military, Sci-Fi, Super Power",TV,25,572888
12566,2001,9,Tengen Toppa Gurren Lagann,"Action, Adventure, Comedy, Mecha, Sci-Fi",TV,27,562962
30565,16385,7,Dog Days&#039;&#039;,"Action, Adventure, Fantasy, Magic",TV,12,34576
67129,813,8,Dragon Ball Z,"Action, Adventure, Comedy, Fantasy, Martial Arts, Shounen, Super Power",TV,291,375662
51760,3419,-1,Sumomomo Momomo: Chijou Saikyou no Yome Specials,"Comedy, Ecchi, Martial Arts, Romance",Special,2,7082
58505,3389,8,Bus Gamer,Action,TV,3,20550
41141,7088,9,Ichiban Ushiro no Daimaou,"Action, Comedy, Ecchi, Fantasy, Harem, Magic, School, Shounen",TV,12,203618
46527,13663,10,To LOVE-Ru Darkness,"Comedy, Ecchi, Harem, Romance, School, Sci-Fi, Shounen",TV,12,135929
57965,10165,7,Nichijou,"Comedy, School, Slice of Life",TV,26,254436
47062,8675,-1,Seitokai Yakuindomo,"Comedy, School, Shounen, Slice of Life",TV,13,217617
59964,5630,-1,Higashi no Eden,"Action, Comedy, Drama, Mystery, Romance, Sci-Fi, Thriller",TV,11,276593
22387,9756,8,Mahou Shoujo Madoka★Magica,"Drama, Magic, Psychological, Thriller",TV,12,462974
64727,4999,7,Asu no Yoichi!,"Comedy, Ecchi, Harem, Martial Arts, Romance, Shounen",TV,12,110748
54526,2993,8,Rosario to Vampire,"Comedy, Ecchi, Fantasy, Harem, Romance, School, Shounen, Vampire",TV,13,299278
71543,10470,-1,God Eater Prologue,"Action, Fantasy, Military, Sci-Fi",Special,1,19414
60291,9624,9,30-sai no Hoken Taiiku,"Ecchi, Parody, Romance, Seinen",TV,12,31253
33480,11319,5,Zero no Tsukaima F,"Adventure, Ecchi, Fantasy, Magic, Romance",TV,12,174026
36540,120,10,Fruits Basket,"Comedy, Drama, Fantasy, Romance, Shoujo, Slice of Life",TV,26,242553
69300,8676,7,Amagami SS,"Comedy, Romance, School, Slice of Life",TV,25,157223
63328,2398,7,Digimon Adventure 02: Diablomon no Gyakushuu,"Adventure, Comedy, Drama, Kids, Sci-Fi",Movie,1,31961
9032,2989,8,Classmate no Okaasan,"Hentai, School",OVA,2,2548
48972,16239,10,One Piece: Episode of Luffy - Hand Island no Bouken,"Action, Adventure, Comedy, Fantasy, Shounen, Super Power",Special,1,21489
68508,6707,10,Kuroshitsuji II,"Action, Comedy, Demons, Fantasy, Shounen, Supernatural",TV,12,234955
13070,48,-1,.hack//Sign,"Adventure, Fantasy, Game, Magic, Mystery, Sci-Fi",TV,26,110304
39836,93,7,Mobile Suit Gundam Seed,"Action, Drama, Mecha, Military, Romance, Sci-Fi, Space",TV,50,96973
12772,5277,-1,Sekirei: Pure Engagement,"Action, Comedy, Ecchi, Harem, Super Power",TV,13,113911
56558,9201,10,Air Gear: Kuro no Hane to Nemuri no Mori - Break on the Sky,"Action, Comedy, Ecchi, Shounen, Sports",OVA,3,40176
58967,8129,9,Kuragehime,"Comedy, Josei, Slice of Life",TV,11,108053
4064,27655,6,Aldnoah.Zero 2nd Season,"Action, Mecha, Sci-Fi, Space",TV,12,149364
27090,4835,-1,Bleach Movie 3: Fade to Black - Kimi no Na wo Yobu,"Action, Comedy, Shounen, Super Power, Supernatural",Movie,1,122373
45410,14807,10,Kara no Kyoukai: Mirai Fukuin,"Drama, Mystery, Seinen, Supernatural",Movie,1,41168
11423,10490,6,Blood-C,"Action, Horror, School, Supernatural, Vampire",TV,12,118553
7338,54,-1,Appleseed (Movie),"Action, Drama, Mecha, Military, Police, Sci-Fi, Shounen",Movie,1,49553
60929,390,7,Suzuka,"Drama, Romance, Sports",TV,26,64161
52438,5717,7,Kiniro no Corda: Secondo Passo,"Harem, Music, School, Shoujo",Special,2,24379
58080,3421,-1,Kodomo no Omocha,"Comedy, Drama, School, Shoujo",OVA,1,3118
10554,12035,8,Dwaejiui Wang,"Drama, Psychological, Seinen, Thriller",Movie,1,2697
71977,21085,6,Witch Craft Works,"Action, Fantasy, Magic, Seinen, Supernatural",TV,12,106381
73282,218,9,Kidou Senkan Nadesico,"Action, Comedy, Mecha, Military, Parody, Romance, Sci-Fi, Shounen, Space",TV,26,27976
57351,849,10,Suzumiya Haruhi no Yuuutsu,"Comedy, Mystery, Parody, School, Sci-Fi, Slice of Life",TV,14,428569
54139,154,-1,Shaman King,"Action, Adventure, Comedy, Drama, Shounen, Supernatural",TV,64,169517
17815,7724,9,Shiki,"Mystery, Supernatural, Thriller, Vampire",TV,22,251093
72548,3712,10,Zero no Tsukaima: Princesses no Rondo,"Action, Adventure, Comedy, Ecchi, Fantasy, Harem, Magic, Romance, School",TV,12,210891
17566,22123,6,Inugami-san to Nekoyama-san,"Comedy, School, Shoujo Ai",TV,12,35872
46445,10172,8,Freezing Specials,"Action, Comedy, Ecchi",Special,6,28125
2719,18397,9,Shingeki no Kyojin OVA,"Action, Drama, Fantasy, Shounen, Super Power",OVA,3,121063
66247,376,-1,Elfen Lied Special,"Drama, Ecchi, Horror, Psychological, Supernatural",Special,1,116129
71021,1889,8,Higurashi no Naku Koro ni Kai,"Mystery, Psychological, Supernatural, Thriller",TV,24,218101
63029,25429,9,Isuca,"Action, Comedy, Ecchi, Romance, School, Seinen, Supernatural",TV,10,63638
6939,21085,6,Witch Craft Works,"Action, Fantasy, Magic, Seinen, Supernatural",TV,12,106381
69061,20583,7,Haikyuu!!,"Comedy, Drama, School, Shounen, Sports",TV,25,284498
32567,11757,6,Sword Art Online,"Action, Adventure, Fantasy, Game, Romance",TV,25,893100
54539,22763,7,Kara no Kyoukai: Mirai Fukuin - Extra Chorus,"Drama, Mystery, Seinen, Supernatural",Special,1,14891
51786,54,8,Appleseed (Movie),"Action, Drama, Mecha, Military, Police, Sci-Fi, Shounen",Movie,1,49553
19056,853,10,Ouran Koukou Host Club,"Comedy, Harem, Romance, School, Shoujo",TV,26,422271
56665,22319,10,Tokyo Ghoul,"Action, Drama, Horror, Mystery, Psychological, Seinen, Supernatural",TV,12,618056
67616,2559,-1,Romeo no Aoi Sora,"Adventure, Drama, Historical, Slice of Life",TV,33,15074
21601,17389,-1,Kingdom 2nd Season,"Action, Historical, Military, Seinen",TV,39,31234
50673,3092,6,Junjou Romantica,"Comedy, Drama, Romance, Shounen Ai",TV,12,117910
21796,6574,10,Hanamaru Youchien,"Comedy, Seinen, Slice of Life",TV,12,40243
38170,1564,10,Pokemon Advanced Generation,"Action, Adventure, Comedy, Fantasy, Kids",TV,192,67386
34390,7805,-1,Baka to Test to Shoukanjuu: Mondai - Christmas ni Tsuite Kotae Nasai,"Comedy, Romance",ONA,1,28032
51210,68,8,Black Cat,"Adventure, Comedy, Sci-Fi, Shounen, Super Power",TV,23,150512
23870,14893,7,"Dakara Boku wa, H ga Dekinai. OVA","Comedy, Ecchi, Romance",OVA,1,32195
22125,985,9,Dragon Ball Z Special 2: Zetsubou e no Hankou!! Nokosareta Chousenshi - Gohan to Trunks,"Adventure, Drama, Fantasy, Shounen",Special,1,43673
20585,24231,8,Hitsugi no Chaika: Avenging Battle,"Action, Adventure, Comedy, Fantasy, Romance, Shounen",TV,10,91049
61559,24,8,School Rumble,"Comedy, Romance, School, Shounen",TV,26,178553
14846,15315,8,Mondaiji-tachi ga Isekai kara Kuru Sou Desu yo?,"Comedy, Fantasy, Supernatural",TV,10,218231
22338,30276,9,One Punch Man,"Action, Comedy, Parody, Sci-Fi, Seinen, Super Power, Supernatural",TV,12,552458
30065,3467,-1,Nogizaka Haruka no Himitsu,"Comedy, Romance",TV,12,80820
61257,9989,9,Ano Hi Mita Hana no Namae wo Bokutachi wa Mada Shiranai.,"Drama, Slice of Life, Supernatural",TV,11,463835
29127,4654,-1,Toaru Majutsu no Index,"Action, Magic, Sci-Fi, Super Power",TV,24,313114
55208,376,8,Elfen Lied Special,"Drama, Ecchi, Horror, Psychological, Supernatural",Special,1,116129
7808,1570,6,Happiness!,"Comedy, Harem, Magic, Romance, School",TV,12,24393
48265,6234,4,True Tears Specials,"Comedy, Parody, School",Special,7,7296
52662,19191,9,Ghost in the Shell: Arise - Border:2 Ghost Whispers,"Mecha, Police, Psychological, Sci-Fi",Movie,1,24880
59193,191,2,Love Hina Christmas Special: Silent Eve,"Comedy, Romance, Slice of Life",Special,1,45137
59462,3759,7,School Days: Valentine Days,"Comedy, Romance, School",OVA,1,32917
63054,225,4,Dragon Ball GT,"Action, Adventure, Comedy, Fantasy, Magic, Sci-Fi, Shounen, Super Power",TV,64,226625
65809,13983,-1,Thermae Romae: Kodai Romajin ga Uchuu e,"Comedy, Seinen, Space",Special,1,749
42175,11771,9,Kuroko no Basket,"Comedy, School, Shounen, Sports",TV,25,338315
24387,6956,9,Working!!,"Comedy, Slice of Life",TV,13,189367
29973,20847,5,Seitokai Yakuindomo*,"Comedy, School, Shounen, Slice of Life",TV,13,98544
19656,27829,8,Heavy Object,"Action, Mecha, Military, Sci-Fi",TV,24,68382
50804,31559,5,Prince of Stride: Alternative,Sports,TV,12,79630
43979,31478,8,Bungou Stray Dogs,"Action, Comedy, Mystery, Seinen, Supernatural",TV,12,187805
71610,10611,8,R-15,"Comedy, Ecchi, Harem, Romance, School",TV,12,53617
67523,460,8,One Piece Movie 2: Nejimaki-jima no Daibouken,"Action, Adventure, Comedy, Fantasy, Shounen, Super Power",Movie,1,37792
62050,22961,10,Date A Live: Encore OVA,"Romance, Slice of Life",OVA,1,48432
53852,31318,6,Comet Lucifer,"Action, Adventure, Fantasy, Mecha",TV,12,66659
42443,32245,-1,Kuromukuro,"Action, Mecha, Sci-Fi",TV,26,46323
32574,14829,6,Fate/kaleid liner Prisma☆Illya,"Action, Comedy, Fantasy, Magic",TV,10,100392
2846,249,8,InuYasha,"Action, Adventure, Comedy, Demons, Fantasy, Magic, Romance, Shounen, Supernatural",TV,167,281632
7661,1047,7,On Your Mark,"Drama, Music, Sci-Fi",Music,1,13661
57535,7465,9,Eve no Jikan (Movie),"Sci-Fi, Slice of Life",Movie,1,66376
36317,22135,-1,Ping Pong The Animation,"Psychological, Seinen, Sports",TV,11,97187
31027,21603,8,Mekakucity Actors,"Comedy, Romance, Sci-Fi, Super Power, Supernatural",TV,12,198876
39758,4087,9,Michiko to Hatchin,"Action, Adventure",TV,22,82625
30613,20973,7,Sekai Seifuku: Bouryaku no Zvezda,"Action, Comedy, Fantasy",TV,12,67877
11399,849,-1,Suzumiya Haruhi no Yuuutsu,"Comedy, Mystery, Parody, School, Sci-Fi, Slice of Life",TV,14,428569
55800,19429,8,Akuma no Riddle,"Action, School, Shoujo Ai",TV,12,127641
13034,11761,8,Medaka Box,"Action, Comedy, Ecchi, Martial Arts, School, Shounen, Super Power",TV,12,110042
48278,8917,-1,Mouretsu Pirates,"Sci-Fi, Space",TV,26,48245
44325,10030,9,Bakuman. 2nd Season,"Comedy, Drama, Romance, Shounen",TV,25,151561
47664,437,-1,Perfect Blue,"Dementia, Drama, Horror, Psychological",Movie,1,117565
35834,10647,6,Ao no Exorcist: Ura Ex,"Action, Fantasy, Shounen, Supernatural",Special,10,43615
61682,18677,7,Yuusha ni Narenakatta Ore wa Shibushibu Shuushoku wo Ketsui Shimashita.,"Comedy, Ecchi, Fantasy, Romance",TV,12,115338
3409,23283,7,Zankyou no Terror,"Psychological, Thriller",TV,11,342893
57759,1451,3,Shuranosuke Zanmaken: Shikamamon no Otoko,"Action, Historical, Supernatural, Thriller",Movie,1,2229
60916,16524,8,Suisei no Gargantia,"Action, Adventure, Mecha, Sci-Fi",TV,13,170754
9517,6707,8,Kuroshitsuji II,"Action, Comedy, Demons, Fantasy, Shounen, Supernatural",TV,12,234955
58390,495,6,Bakuretsu Hunters,"Adventure, Comedy, Ecchi, Fantasy, Magic, Shounen, Supernatural",TV,26,10667
50678,718,7,Yume de Aetara (TV),"Comedy, Drama, Romance, Seinen, Slice of Life",TV,16,3821
52550,9969,10,Gintama&#039;,"Action, Comedy, Historical, Parody, Samurai, Sci-Fi, Shounen",TV,51,151266
35265,30296,7,Rakudai Kishi no Cavalry,"Action, Ecchi, Fantasy, Romance, School",TV,12,188685
11511,72,8,Full Metal Panic? Fumoffu,"Action, Comedy, School",TV,12,171086
37542,23281,-1,Psycho-Pass 2,"Action, Police, Psychological, Sci-Fi",TV,11,228435
34468,889,7,Black Lagoon,"Action, Seinen",TV,12,332562
31914,5258,-1,Hajime no Ippo: New Challenger,"Comedy, Drama, Shounen, Sports",TV,26,88995
66498,168,10,s.CRY.ed,"Action, Adventure, Drama, Sci-Fi, Super Power",TV,26,52784
4064,29803,7,Overlord,"Action, Adventure, Fantasy, Game, Magic, Supernatural",TV,13,244268
61751,14513,-1,Magi: The Labyrinth of Magic,"Action, Adventure, Fantasy, Magic, Shounen",TV,25,317513
37442,853,8,Ouran Koukou Host Club,"Comedy, Harem, Romance, School, Shoujo",TV,26,422271
48857,16762,9,Mirai Nikki Redial,"Action, Psychological, Shounen, Supernatural",OVA,1,135604
32663,22433,5,Break Blade,"Action, Fantasy, Mecha, Military, Shounen",TV,12,46601
25656,5940,9,Seiken no Blacksmith,"Action, Adventure, Fantasy",TV,12,81738
52713,6547,-1,Angel Beats!,"Action, Comedy, Drama, School, Supernatural",TV,13,717796
7345,513,6,Tenkuu no Shiro Laputa,"Adventure, Fantasy, Romance, Sci-Fi",Movie,1,151061
5610,129,7,Gensoumaden Saiyuuki,"Adventure, Comedy, Drama, Shounen, Supernatural",TV,50,31179
10528,916,8,Tokkou,"Action, Comedy, Horror, Mystery, Police, Supernatural",TV,13,30836
63594,13759,10,Sakurasou no Pet na Kanojo,"Comedy, Drama, Romance, School, Slice of Life",TV,24,380375
15547,440,9,Shoujo Kakumei Utena,"Drama, Fantasy, Psychological, Shoujo",TV,39,77464
36530,8841,7,Kore wa Zombie Desu ka?,"Action, Comedy, Ecchi, Harem, Magic, Supernatural",TV,12,295782
32417,13659,6,Ore no Imouto ga Konnani Kawaii Wake ga Nai.,"Comedy, Seinen, Slice of Life",TV,13,194791
44714,3455,9,To LOVE-Ru,"Comedy, Ecchi, Harem, Romance, School, Sci-Fi",TV,26,237563
21458,18001,10,Freezing Vibration,"Action, Drama, Ecchi, Harem, Martial Arts, Military, Romance, Sci-Fi, Seinen",TV,12,79298
48675,19163,5,Date A Live II,"Comedy, Harem, Mecha, Romance, School, Sci-Fi",TV,10,186187
39268,405,-1,Blood: The Last Vampire,"Horror, Supernatural, Vampire",Movie,1,67778
69806,10079,-1,Hoshizora e Kakaru Hashi,"Comedy, Ecchi, Harem, Romance, School",TV,12,85178
26378,1606,7,Kekkaishi,"Adventure, Comedy, Fantasy, Shounen",TV,52,61884
66476,918,10,Gintama,"Action, Comedy, Historical, Parody, Samurai, Sci-Fi, Shounen",TV,201,336376
25660,6287,7,Akikan!: Kan Ippatsu!? Onsen Panic,"Comedy, Ecchi",OVA,1,17949
48776,232,-1,Cardcaptor Sakura,"Adventure, Comedy, Drama, Fantasy, Magic, Romance, School, Shoujo",TV,70,181249
53113,7590,8,Mayoi Neko Overrun!,"Comedy, Harem, Romance",TV,13,75517
36226,5690,9,Nodame Cantabile Finale,"Comedy, Josei, Music, Romance",TV,11,67697
31551,11499,3,Sankarea,"Comedy, Ecchi, Horror, Romance, Shounen, Supernatural",TV,12,222657
69993,223,7,Dragon Ball,"Adventure, Comedy, Fantasy, Martial Arts, Shounen, Super Power",TV,153,316102
47882,4719,6,Queen&#039;s Blade: Rurou no Senshi,"Action, Adventure, Ecchi, Fantasy",TV,12,51170
47811,5680,-1,K-On!,"Comedy, Music, School, Slice of Life",TV,13,386048
741,2363,8,Pokemon Housoukyoku,"Adventure, Comedy, Fantasy, Kids",TV,16,15461
40426,2167,7,Clannad,"Comedy, Drama, Romance, School, Slice of Life, Supernatural",TV,23,566690
10164,18277,8,Strike the Blood,"Action, Ecchi, Fantasy, Harem, School, Shounen, Supernatural, Vampire",TV,24,231387
50937,202,-1,Wolf&#039;s Rain,"Action, Adventure, Drama, Fantasy, Mystery, Sci-Fi",TV,26,171863
30631,1280,7,Mamono Hunter Youko,"Comedy, Fantasy, Horror, Magic, Supernatural",OVA,6,6385
20032,6045,8,Kimi ni Todoke,"Romance, School, Shoujo, Slice of Life",TV,25,309339
44588,486,8,Kino no Tabi: The Beautiful World,"Action, Adventure, Slice of Life",TV,13,102822
6696,6987,-1,Aki-Sora,"Ecchi, Romance, Seinen",OVA,1,54567
29375,5719,-1,Sex Pistols,"Comedy, Drama, Supernatural, Yaoi",OVA,2,15885
38440,11111,9,Another,"Horror, Mystery, School, Supernatural, Thriller",TV,12,534657
38445,12189,7,Hyouka,"Mystery, School, Slice of Life",TV,22,372246
53521,3229,9,Kimi ga Aruji de Shitsuji ga Ore de,"Comedy, Ecchi, Harem, Parody, Romance",TV,13,66236
55262,7054,8,Kaichou wa Maid-sama!,"Comedy, Romance, School, Shoujo",TV,26,391628
44891,9253,10,Steins;Gate,"Sci-Fi, Thriller",TV,24,673572
22842,20787,7,Black Bullet,"Action, Mystery, Sci-Fi, Seinen",TV,13,320267
7675,586,10,Ayakashi: Japanese Classic Horror,"Fantasy, Historical, Horror",TV,11,34938
67725,10030,10,Bakuman. 2nd Season,"Comedy, Drama, Romance, Shounen",TV,25,151561
44981,22429,10,Itadaki! Seieki♥,"Hentai, Supernatural",OVA,1,7685
43987,6213,6,Toaru Kagaku no Railgun,"Action, Sci-Fi, Super Power",TV,24,231079
51083,4879,-1,Mouryou no Hako,"Mystery, Seinen, Supernatural, Thriller",TV,13,36075
44929,15771,8,Saint☆Oniisan (Movie),"Comedy, Seinen, Slice of Life",Movie,1,30814
13484,31559,7,Prince of Stride: Alternative,Sports,TV,12,79630
48189,467,10,Ghost in the Shell: Stand Alone Complex,"Action, Mecha, Military, Police, Sci-Fi, Seinen",TV,26,194491
62838,5262,10,Shugo Chara!! Doki,"Comedy, Magic, School, Shoujo",TV,51,60384
7245,10800,8,Chihayafuru,"Drama, Game, Josei, Slice of Life, Sports",TV,25,158561
52667,532,6,Bishoujo Senshi Sailor Moon S,"Drama, Magic, Romance, Shoujo",TV,38,66911
49170,529,9,Saishuu Heiki Kanojo,"Drama, Romance, School, Sci-Fi",TV,13,58051
70239,15379,9,Kotoura-san,"Comedy, Drama, Romance, School",TV,12,123691
68715,4725,7,Ga-Rei: Zero,"Action, Super Power, Supernatural, Thriller",TV,12,145102
27958,14345,7,Btooom!,"Action, Psychological, Sci-Fi, Seinen",TV,12,329561
25543,2952,7,Final Fantasy VII: Advent Children Complete,"Action, Fantasy, Super Power",OVA,1,77111
25528,5583,-1,Sonic: Night of the WereHog,Action,ONA,1,3424
45989,1571,8,Ghost Hunt,"Comedy, Horror, Mystery, Shoujo, Supernatural",TV,25,126426
33859,1686,9,Bleach Movie 1: Memories of Nobody,"Action, Adventure, Super Power",Movie,1,151598
39528,21405,10,Bokura wa Minna Kawaisou,"Comedy, Romance, School, Slice of Life",TV,12,159793
39861,8425,8,Gosick,"Drama, Historical, Mystery, Romance",TV,24,232113
27364,17391,-1,Senyuu. Specials,"Action, Comedy, Fantasy, Shounen",Special,4,10194
39499,249,8,InuYasha,"Action, Adventure, Comedy, Demons, Fantasy, Magic, Romance, Shounen, Supernatural",TV,167,281632
33672,2001,-1,Tengen Toppa Gurren Lagann,"Action, Adventure, Comedy, Mecha, Sci-Fi",TV,27,562962
29451,6707,8,Kuroshitsuji II,"Action, Comedy, Demons, Fantasy, Shounen, Supernatural",TV,12,234955
15307,20507,6,Noragami,"Action, Adventure, Shounen, Supernatural",TV,12,515378
20046,9041,6,IS: Infinite Stratos,"Action, Comedy, Harem, Mecha, Sci-Fi",TV,12,254543
9611,22535,8,Kiseijuu: Sei no Kakuritsu,"Action, Drama, Horror, Psychological, Sci-Fi, Seinen",TV,24,425457
46072,3782,8,Kara no Kyoukai 2: Satsujin Kousatsu (Zen),"Action, Mystery, Romance, Supernatural, Thriller",Movie,1,114415
36264,8937,7,Toaru Majutsu no Index II,"Action, Magic, Sci-Fi, Super Power",TV,24,184520
10274,408,8,Final Fantasy VII: Last Order,"Action, Adventure, Drama, Fantasy, Sci-Fi",OVA,1,48041
19313,1535,-1,Death Note,"Mystery, Police, Psychological, Supernatural, Thriller",TV,37,1013917
64584,25681,8,Kamisama Hajimemashita◎,"Comedy, Demons, Fantasy, Romance, Shoujo, Supernatural",TV,12,91796
36317,3349,-1,Kiddy GiRL-AND,"Action, Comedy, Sci-Fi, Super Power",TV,24,13368
58290,22147,6,Amagi Brilliant Park,"Comedy, Magic",TV,13,217003
62561,4282,9,Kara no Kyoukai 5: Mujun Rasen,"Action, Drama, Mystery, Romance, Supernatural, Thriller",Movie,1,111074
38784,9982,9,Fairy Tail OVA,"Comedy, Ecchi, Fantasy, Magic, Shounen",OVA,5,83421
52371,965,9,Yoshinaga-san&#039;chi no Gargoyle,"Comedy, Fantasy, Slice of Life",TV,13,3204
30905,11123,-1,Sekaiichi Hatsukoi 2,"Comedy, Drama, Romance, Shounen Ai",TV,12,69253
56644,2476,-1,School Days,"Drama, Harem, Romance, School",TV,12,279183
10903,4262,6,Koihime†Musou,"Action, Adventure, Fantasy, Historical, Martial Arts",TV,12,32176
66690,815,-1,"Prince of Tennis: The Two Samurai, The First Game","Action, Shounen, Sports",Movie,1,14249
36251,10620,9,Mirai Nikki (TV),"Action, Mystery, Psychological, Shounen, Supernatural, Thriller",TV,26,657190
26705,10719,6,Boku wa Tomodachi ga Sukunai,"Comedy, Ecchi, Harem, Romance, School, Seinen, Slice of Life",TV,12,325664
34430,6811,9,InuYasha: Kanketsu-hen,"Action, Adventure, Comedy, Demons, Fantasy, Magic, Romance, Shounen, Supernatural",TV,26,99128
3150,31080,8,Anne Happy♪,"Comedy, School, Slice of Life",TV,12,32040
49536,4182,9,Darker than Black: Kuro no Keiyakusha Special,"Comedy, Parody, Sci-Fi",Special,1,87609
3152,3001,6,Moyashimon,"Comedy, School, Supernatural",TV,11,44465
10552,3782,8,Kara no Kyoukai 2: Satsujin Kousatsu (Zen),"Action, Mystery, Romance, Supernatural, Thriller",Movie,1,114415
813,19,9,Monster,"Drama, Horror, Mystery, Police, Psychological, Seinen, Thriller",TV,74,247562
8808,18229,8,Gatchaman Crowds,"Adventure, Sci-Fi",TV,12,107513
18226,10947,-1,Ghost in the Shell: Stand Alone Complex - The Laughing Man - Tachikoma no Hibi,"Comedy, Mecha, Sci-Fi",Special,1,3444
11179,12293,-1,Campione!: Matsurowanu Kamigami to Kamigoroshi no Maou,"Comedy, Ecchi, Fantasy, Harem, Magic, Romance",TV,13,151928
34129,4866,-1,Pico x CoCo x Chico,"Hentai, Yaoi",OVA,1,27411
16291,14813,9,Yahari Ore no Seishun Love Comedy wa Machigatteiru.,"Comedy, Drama, Romance, School",TV,13,353876
6200,2993,9,Rosario to Vampire,"Comedy, Ecchi, Fantasy, Harem, Romance, School, Shounen, Vampire",TV,13,299278
45625,1564,10,Pokemon Advanced Generation,"Action, Adventure, Comedy, Fantasy, Kids",TV,192,67386
43991,7724,8,Shiki,"Mystery, Supernatural, Thriller, Vampire",TV,22,251093
11319,586,9,Ayakashi: Japanese Classic Horror,"Fantasy, Historical, Horror",TV,11,34938
53820,20919,5,Diabolik Lovers Recap,"Shoujo, Vampire",Special,1,11802
13306,28999,7,Charlotte,"Drama, School, Super Power",TV,13,310137
47007,13659,1,Ore no Imouto ga Konnani Kawaii Wake ga Nai.,"Comedy, Seinen, Slice of Life",TV,13,194791
57190,24031,7,Denki-gai no Honya-san,"Comedy, Seinen, Slice of Life",TV,12,61228
58461,62,6,D.C.: Da Capo,"Drama, Harem, Magic, Romance",TV,26,49909
11546,1117,8,Pokemon: Maboroshi no Pokemon Lugia Bakutan,"Adventure, Comedy, Drama, Fantasy, Kids",Movie,1,78876
21574,263,9,Hajime no Ippo,"Comedy, Drama, Shounen, Sports",TV,75,157670
1066,9656,7,Kimi ni Todoke 2nd Season,"Romance, School, Shoujo, Slice of Life",TV,12,171866
38168,864,-1,Mobile Suit Gundam Seed MSV Astray,"Mecha, Military, Sci-Fi, Shounen, Space",OVA,2,7336
40532,985,9,Dragon Ball Z Special 2: Zetsubou e no Hankou!! Nokosareta Chousenshi - Gohan to Trunks,"Adventure, Drama, Fantasy, Shounen",Special,1,43673
1385,15037,7,Corpse Party: Tortured Souls - Bougyakusareta Tamashii no Jukyou,"Horror, Mystery",OVA,4,126699
25118,20,-1,Naruto,"Action, Comedy, Martial Arts, Shounen, Super Power",TV,220,683297
57774,268,10,Golden Boy,"Adventure, Comedy, Ecchi",OVA,6,113040
6474,10620,5,Mirai Nikki (TV),"Action, Mystery, Psychological, Shounen, Supernatural, Thriller",TV,26,657190
49071,1202,6,Ar Tonelico: Sekai no Owari de Utai Tsuzukeru Shoujo,"Action, Adventure, Fantasy, Magic, Sci-Fi",OVA,1,10531
26976,8630,8,Hidan no Aria,"Action, Comedy, Romance, School",TV,12,171888
35061,16662,7,Kaze Tachinu,"Drama, Historical, Romance",Movie,1,75359
53465,11341,8,Tantei Opera Milky Holmes Dai 2 Maku,"Comedy, Mystery, Super Power",TV,12,11941
60386,3588,8,Soul Eater,"Action, Adventure, Comedy, Fantasy, Shounen, Supernatural",TV,51,580184
36827,14663,-1,Queen&#039;s Blade Rebellion vs. Hagure Yuusha no Aesthetica,"Action, Ecchi, Fantasy",Special,1,8780
25160,3757,10,Sekai Meisaku Douwa: Aladdin to Mahou no Lamp,"Adventure, Fantasy",Movie,1,573
6390,585,8,Mimi wo Sumaseba,"Adventure, Drama, Fantasy, Romance, Slice of Life",Movie,1,94435
59035,2500,10,The Cockpit,"Historical, Military",OVA,3,5053
52419,10863,8,Steins;Gate: Oukoubakko no Poriomania,"Sci-Fi, Thriller",Special,1,159548
3921,12729,7,High School DxD OVA,"Comedy, Demons, Ecchi, Romance, School",OVA,2,91154
6139,1210,9,NHK ni Youkoso!,"Comedy, Drama, Psychological, Romance",TV,24,291228
23023,153,6,Juuni Kokuki,"Action, Adventure, Fantasy, Magic, Supernatural",TV,45,66646
47935,25183,8,Gangsta.,"Action, Drama, Seinen",TV,12,210752
36864,777,8,Hellsing Ultimate,"Action, Horror, Military, Seinen, Supernatural, Vampire",OVA,10,297454
68770,2001,10,Tengen Toppa Gurren Lagann,"Action, Adventure, Comedy, Mecha, Sci-Fi",TV,27,562962
28927,10162,9,Usagi Drop,"Josei, Slice of Life",TV,11,194855
63640,4181,8,Clannad: After Story,"Drama, Fantasy, Romance, Slice of Life, Supernatural",TV,24,456749
19893,2116,8,Captain Tsubasa,"Action, Shounen, Sports",TV,128,36623
42369,24833,7,Ansatsu Kyoushitsu (TV),"Action, Comedy, School, Shounen",TV,22,312654
55252,22507,7,Initial D Final Stage,"Cars, Seinen, Sports",TV,4,19702
37158,11757,8,Sword Art Online,"Action, Adventure, Fantasy, Game, Romance",TV,25,893100
53853,1066,6,Shakugan no Shana Specials,"Comedy, Parody",Special,4,27261
39474,5262,8,Shugo Chara!! Doki,"Comedy, Magic, School, Shoujo",TV,51,60384
13321,25689,-1,Hyakka Ryouran: Samurai After,"Ecchi, Harem",OVA,2,9014
3052,853,8,Ouran Koukou Host Club,"Comedy, Harem, Romance, School, Shoujo",TV,26,422271
54383,47,8,Akira,"Action, Adventure, Horror, Military, Sci-Fi, Supernatural",Movie,1,215897
56150,1640,7,Angel&#039;s Feather,"Drama, Fantasy, Romance, Sci-Fi, Shoujo, Shounen Ai, Supernatural",OVA,2,14248
28550,4196,5,Ikkitousen: Great Guardians,"Action, Ecchi, Martial Arts, School, Super Power",TV,12,37436
30923,1195,9,Zero no Tsukaima,"Action, Adventure, Comedy, Ecchi, Fantasy, Harem, Magic, Romance, School",TV,13,346828
66654,8074,9,Highschool of the Dead,"Action, Ecchi, Horror, Supernatural",TV,12,535892
5832,2148,6,Okane ga Nai,"Drama, Romance, Yaoi",OVA,4,27367
55206,24833,10,Ansatsu Kyoushitsu (TV),"Action, Comedy, School, Shounen",TV,22,312654
47689,1414,10,Lupin III: Tenshi no Tactics - Yume no Kakera wa Koroshi no Kaori,"Action, Adventure, Comedy, Shounen",Special,1,3183
4329,8408,7,Durarara!! Specials,"Action, Comedy, Supernatural",Special,2,103105
10671,6213,8,Toaru Kagaku no Railgun,"Action, Sci-Fi, Super Power",TV,24,231079
25123,1497,7,Aru Machi Kado no Monogatari,"Drama, Music, Romance",Movie,1,1724
60352,8516,7,Baka to Test to Shoukanjuu Ni!,"Comedy, Romance, School, Super Power",TV,13,183722
39286,693,-1,Burn Up Scramble,"Action, Comedy, Drama, Ecchi, Police, Sci-Fi, Shounen",TV,12,5899
17242,32093,7,Tanaka-kun wa Itsumo Kedaruge,"Comedy, School, Slice of Life",TV,12,101335
47227,8074,10,Highschool of the Dead,"Action, Ecchi, Horror, Supernatural",TV,12,535892
6333,5909,8,Seitokai no Ichizon,"Comedy, Harem, Parody, School",TV,12,110470
19656,15879,7,Chuunibyou demo Koi ga Shitai!: Depth of Field - Ai to Nikushimi Gekijou,"Action, Mecha",Special,7,34964
12915,900,7,Dragon Ball Z Movie 07: Kyokugen Battle!! Sandai Super Saiyajin,"Adventure, Comedy, Fantasy, Sci-Fi, Shounen",Movie,1,52690
52977,73,-1,Full Metal Panic! The Second Raid,"Action, Mecha, Military",TV,13,155340
36023,6880,9,Deadman Wonderland,"Action, Horror, Sci-Fi",TV,12,453454
14083,3457,7,Vampire Knight,"Drama, Mystery, Romance, Shoujo, Supernatural, Vampire",TV,13,286826
61258,4975,10,ChäoS;HEAd,"Harem, Mystery, Psychological, Sci-Fi, Supernatural",TV,12,174337
4136,1691,9,Kaze no Stigma,"Action, Fantasy, Magic, Romance, Shounen",TV,24,205338
60033,3165,8,Hidamari Sketch Specials,"Comedy, School, Slice of Life",Special,2,13334
55957,11111,9,Another,"Horror, Mystery, School, Supernatural, Thriller",TV,12,534657
46843,24439,8,Kekkai Sensen,"Action, Fantasy, Shounen, Super Power, Supernatural, Vampire",TV,12,220573
36084,21557,8,Omoide no Marnie,"Drama, Mystery, Psychological",Movie,1,53590
67689,1469,9,Monster Farm: Enbanseki no Himitsu,"Action, Adventure, Comedy, Fantasy",TV,48,22170
26655,14349,6,Little Witch Academia,"Adventure, Comedy, Fantasy, Magic, School",Movie,1,111703
45547,10087,9,Fate/Zero,"Action, Fantasy, Supernatural",TV,13,453630
63393,21327,-1,Isshuukan Friends.,"Comedy, School, Shounen, Slice of Life",TV,12,139601
31882,19489,6,Little Witch Academia: Mahoujikake no Parade,"Adventure, Comedy, Fantasy, Magic, School",Movie,1,53024
5421,587,8,Hanbun no Tsuki ga Noboru Sora,"Comedy, Drama, Romance",TV,6,65125
446,10076,5,Kämpfer für die Liebe,"Action, Comedy, Ecchi, Shoujo Ai, Super Power",Special,2,37047
18796,22789,10,Barakamon,"Comedy, Slice of Life",TV,12,225927
7515,8424,8,MM!,"Comedy, Ecchi, Harem, School",TV,12,129672
67981,22199,8,Akame ga Kill!,"Action, Adventure, Fantasy",TV,24,492133
11241,10087,8,Fate/Zero,"Action, Fantasy, Supernatural",TV,13,453630
72555,16067,10,Nagi no Asukara,"Drama, Fantasy, Romance",TV,26,224947
6064,459,6,One Piece Movie 1,"Action, Adventure, Comedy, Fantasy, Shounen, Super Power",Movie,1,46455
20145,853,-1,Ouran Koukou Host Club,"Comedy, Harem, Romance, School, Shoujo",TV,26,422271
18204,193,8,Maburaho,"Comedy, Drama, Ecchi, Harem, Magic, Romance, School",TV,24,61004
63973,15879,6,Chuunibyou demo Koi ga Shitai!: Depth of Field - Ai to Nikushimi Gekijou,"Action, Mecha",Special,7,34964
51327,9776,7,A-Channel,"Comedy, School, Seinen, Slice of Life",TV,12,58564
65640,3783,7,Kara no Kyoukai 3: Tsuukaku Zanryuu,"Action, Drama, Mystery, Supernatural, Thriller",Movie,1,108720
572,893,6,Dragon Ball Movie 4: Saikyou e no Michi,"Action, Adventure, Comedy, Fantasy, Sci-Fi, Shounen, Super Power",Movie,1,26104
54713,19221,9,"Ore no Nounai Sentakushi ga, Gakuen Love Comedy wo Zenryoku de Jama Shiteiru","Comedy, Romance, School",TV,10,179569
56942,4155,8,One Piece Film: Strong World,"Action, Adventure, Comedy, Drama, Fantasy, Shounen",Movie,1,85020
27319,10196,8,Baby Princess 3D Paradise 0 [Love],"Ecchi, Harem, Seinen",OVA,1,17570
31114,387,6,Haibane Renmei,"Drama, Fantasy, Mystery, Psychological, Slice of Life",TV,13,120731
21287,29067,-1,Danna ga Nani wo Itteiru ka Wakaranai Ken 2 Sure-me,"Comedy, Seinen, Slice of Life",TV,13,73285
42445,263,-1,Hajime no Ippo,"Comedy, Drama, Shounen, Sports",TV,75,157670
16284,9465,8,Break Blade 4: Sanka no Chi,"Action, Fantasy, Mecha, Military, Shounen",Movie,1,41598
38494,50,-1,Aa! Megami-sama! (TV),"Comedy, Magic, Romance, Seinen, Supernatural",TV,24,96694
15091,2490,-1,One Piece: Mezase! Kaizoku Yakyuu Ou,"Comedy, Fantasy, Shounen, Sports",Movie,1,20054
25188,20507,8,Noragami,"Action, Adventure, Shounen, Supernatural",TV,12,515378
15662,4182,-1,Darker than Black: Kuro no Keiyakusha Special,"Comedy, Parody, Sci-Fi",Special,1,87609
20659,10490,8,Blood-C,"Action, Horror, School, Supernatural, Vampire",TV,12,118553
28892,25159,8,Inou-Battle wa Nichijou-kei no Naka de,"Comedy, Romance, School, Slice of Life, Supernatural",TV,12,144370
30737,9723,8,Hakuouki Hekketsuroku Episode 0,"Action, Drama, Harem, Historical, Josei, Samurai, Supernatural, Vampire",Special,1,8025
23247,23213,5,Kantoku Fuyuki Todoki,"Comedy, Josei, Slice of Life",TV,13,4037
58378,477,5,Aria The Animation,"Fantasy, Sci-Fi, Shounen, Slice of Life",TV,13,76913
2346,12291,8,Acchi Kocchi (TV),"Comedy, Romance, School, Seinen, Slice of Life",TV,12,127973
19931,10110,5,Mayo Chiki!,"Comedy, Ecchi, Harem, Romance, School",TV,13,192219
44289,317,-1,Final Fantasy VII: Advent Children,"Action, Fantasy, Super Power",Movie,1,138659
32461,17909,9,Uchouten Kazoku,"Comedy, Drama, Fantasy, Slice of Life",TV,13,64897
37351,3121,9,Kodomo no Jikan OVA,"Comedy, Ecchi, School",OVA,3,20376
4136,7088,8,Ichiban Ushiro no Daimaou,"Action, Comedy, Ecchi, Fantasy, Harem, Magic, School, Shounen",TV,12,203618
60074,71,7,Full Metal Panic!,"Action, Comedy, Mecha, Military, Sci-Fi",TV,24,256325
15405,7054,9,Kaichou wa Maid-sama!,"Comedy, Romance, School, Shoujo",TV,26,391628
950,578,8,Hotaru no Haka,"Drama, Historical",Movie,1,174878
4490,6746,10,Durarara!!,"Action, Mystery, Supernatural",TV,24,556431
2634,28701,-1,Fate/stay night: Unlimited Blade Works 2nd Season,"Action, Fantasy, Magic, Shounen, Supernatural",TV,13,205987
41246,450,8,InuYasha: Kagami no Naka no Mugenjo,"Adventure, Demons, Drama, Fantasy, Historical, Romance, Shounen, Supernatural",Movie,1,54854
9034,18679,8,Kill la Kill,"Action, Comedy, School, Super Power",TV,24,508118
32185,6213,8,Toaru Kagaku no Railgun,"Action, Sci-Fi, Super Power",TV,24,231079
31108,3731,5,Itazura na Kiss,"Comedy, Romance, Shoujo",TV,25,136279
53419,26443,7,Triage X,"Action, Adventure, Ecchi, Shounen",TV,10,59632
69123,109,9,Bakuretsu Tenshi,"Adventure, Comedy, Mecha, Sci-Fi",TV,24,48551
16706,199,9,Sen to Chihiro no Kamikakushi,"Adventure, Drama, Supernatural",Movie,1,466254
70618,19163,8,Date A Live II,"Comedy, Harem, Mecha, Romance, School, Sci-Fi",TV,10,186187
35509,201,3,Video Girl Ai,"Comedy, Drama, Ecchi, Romance",OVA,6,13970
45246,19285,6,Shingeki no Kyojin: Ano Hi Kara,"Action, Drama, Fantasy, Shounen, Super Power",Special,1,49593
30053,2926,-1,Myself; Yourself,"Drama, Romance, School",TV,13,115075
42811,853,8,Ouran Koukou Host Club,"Comedy, Harem, Romance, School, Shoujo",TV,26,422271
1055,1362,-1,Street Fighter II: The Movie,"Action, Martial Arts, Shounen",Movie,1,15421
57669,856,10,Utawarerumono,"Action, Drama, Fantasy, Sci-Fi",TV,26,91034
44270,7059,7,Black★Rock Shooter (OVA),"Action, Drama, School, Slice of Life",OVA,1,130665
54121,603,4,Futari wa Precure,"Action, Comedy, Fantasy, Magic, Shoujo",TV,49,17671
23235,1575,9,Code Geass: Hangyaku no Lelouch,"Action, Mecha, Military, School, Sci-Fi, Super Power",TV,25,715151
21972,2969,7,Appleseed Saga Ex Machina,"Action, Mecha, Military, Sci-Fi",Movie,1,28365
41516,488,7,Ichigo Mashimaro,"Comedy, Slice of Life",TV,12,46333
19293,15863,7,Ginga Kikoutai Majestic Prince,"Action, Mecha, School, Sci-Fi, Seinen, Space",TV,24,35196
12521,20509,8,Fate/kaleid liner Prisma☆Illya 2wei!,"Action, Comedy, Fantasy, Magic",TV,10,56859
20290,1519,10,Black Lagoon: The Second Barrage,"Action, Seinen",TV,12,203233
13914,8630,8,Hidan no Aria,"Action, Comedy, Romance, School",TV,12,171888
60711,7661,8,Giant Killing,"Drama, Seinen, Sports",TV,26,36947
30715,1546,8,Negima!?,"Adventure, Comedy, Ecchi, Fantasy, Harem, Magic, Romance, School, Supernatural",TV,26,44009
66377,9062,6,Angel Beats! Specials,"Action, Comedy, School, Supernatural",Special,2,139013
7345,19123,9,One Piece: Episode of Merry - Mou Hitori no Nakama no Monogatari,"Action, Adventure, Comedy, Drama, Fantasy, Shounen, Super Power",Special,1,17247
56974,552,-1,Digimon Adventure,"Action, Adventure, Comedy, Fantasy, Kids",TV,54,182208
22843,512,-1,Majo no Takkyuubin,"Adventure, Comedy, Drama, Fantasy, Magic, Romance",Movie,1,152331
49993,8197,-1,So Ra No Wo To Specials,"Military, Music, Sci-Fi, Slice of Life",Special,2,16491
58068,1698,7,Nodame Cantabile,"Comedy, Drama, Josei, Music, Romance, Slice of Life",TV,23,157025
36537,5114,10,Fullmetal Alchemist: Brotherhood,"Action, Adventure, Drama, Fantasy, Magic, Military, Shounen",TV,64,793665
7285,3667,6,Strike Witches,"Action, Ecchi, Magic, Military, Sci-Fi",TV,12,96159
8094,11111,6,Another,"Horror, Mystery, School, Supernatural, Thriller",TV,12,534657
29991,18039,-1,Rescue Me!,"Ecchi, Harem, Romance",OVA,1,14381
53166,8675,9,Seitokai Yakuindomo,"Comedy, School, Shounen, Slice of Life",TV,13,217617
3657,191,10,Love Hina Christmas Special: Silent Eve,"Comedy, Romance, Slice of Life",Special,1,45137
16213,469,8,Karin,"Comedy, Romance, School, Shounen, Vampire",TV,24,106142
69547,18245,-1,White Album 2,"Drama, Music, Romance, Slice of Life",TV,13,91075
21649,17831,8,Inu to Hasami wa Tsukaiyou,"Comedy, Supernatural",TV,12,69526
11186,974,6,Dead Leaves,"Adventure, Comedy, Psychological, Sci-Fi",Movie,1,40717
11915,29854,10,Ushio to Tora (TV),"Action, Adventure, Comedy, Demons, Shounen, Supernatural",TV,26,90931
44080,19163,9,Date A Live II,"Comedy, Harem, Mecha, Romance, School, Sci-Fi",TV,10,186187
69285,20541,10,Mikakunin de Shinkoukei,"Comedy, Romance, School, Slice of Life",TV,12,133385
53754,6325,-1,Naruto: Shippuuden Movie 3 - Hi no Ishi wo Tsugu Mono,"Action, Comedy, Martial Arts, Shounen, Super Power",Movie,1,83515
25618,2923,-1,Shugo Chara!,"Comedy, Magic, School, Shoujo",TV,51,121108
67151,199,8,Sen to Chihiro no Kamikakushi,"Adventure, Drama, Supernatural",Movie,1,466254
26338,17879,10,Tamako Market Specials,Comedy,Special,6,12141
47825,4814,-1,Junjou Romantica 2,"Comedy, Drama, Romance, Shounen Ai",TV,12,87617
34702,31741,-1,Magi: Sinbad no Bouken (TV),"Action, Adventure, Fantasy, Magic, Shounen",TV,13,73480
67836,4074,5,Kouya no Yobigoe: Hoero Buck,"Adventure, Drama",Special,1,650
46072,10620,9,Mirai Nikki (TV),"Action, Mystery, Psychological, Shounen, Supernatural, Thriller",TV,26,657190
11722,7338,-1,Darker than Black: Kuro no Keiyakusha Gaiden,"Action, Mystery, Sci-Fi, Super Power",Special,4,136135
26932,16011,4,Tokyo Ravens,"Comedy, School, Shounen, Super Power, Supernatural",TV,24,171384
53946,9656,9,Kimi ni Todoke 2nd Season,"Romance, School, Shoujo, Slice of Life",TV,12,171866
59890,63,7,DearS,"Comedy, Ecchi, Harem, Romance, Sci-Fi",TV,12,91037
40273,5030,8,Maria†Holic,"Comedy, Parody, School, Shoujo Ai",TV,12,104663
17027,4752,5,Vampire Knight Guilty,"Drama, Mystery, Romance, Shoujo, Supernatural, Vampire",TV,13,198492
50412,452,7,InuYasha: Toki wo Koeru Omoi,"Adventure, Comedy, Demons, Drama, Fantasy, Historical, Romance, Shounen, Super Power",Movie,1,51354
53006,813,-1,Dragon Ball Z,"Action, Adventure, Comedy, Fantasy, Martial Arts, Shounen, Super Power",TV,291,375662
52994,2787,8,Shakugan no Shana II (Second),"Action, Drama, Fantasy, Romance, School, Supernatural",TV,24,184525
66095,48,-1,.hack//Sign,"Adventure, Fantasy, Game, Magic, Mystery, Sci-Fi",TV,26,110304
27323,3174,7,Sola Specials,"Comedy, Romance, Slice of Life, Supernatural",Special,2,12223
5210,8676,10,Amagami SS,"Comedy, Romance, School, Slice of Life",TV,25,157223
10742,174,2,Tenjou Tenge,"Action, Comedy, Ecchi, Martial Arts, School, Shounen, Super Power",TV,24,103449
725,14407,7,Persona 3 the Movie 1: Spring of Birth,"Action, Fantasy, Seinen, Supernatural",Movie,1,45568
13075,431,8,Howl no Ugoku Shiro,"Adventure, Drama, Fantasy, Romance",Movie,1,333186
52624,62,7,D.C.: Da Capo,"Drama, Harem, Magic, Romance",TV,26,49909
29602,32,10,Neon Genesis Evangelion: The End of Evangelion,"Dementia, Drama, Mecha, Psychological, Sci-Fi",Movie,1,215630
48365,3228,-1,Zoku Sayonara Zetsubou Sensei,"Comedy, Parody, School",TV,13,74040
57620,603,10,Futari wa Precure,"Action, Comedy, Fantasy, Magic, Shoujo",TV,49,17671
34783,6213,8,Toaru Kagaku no Railgun,"Action, Sci-Fi, Super Power",TV,24,231079
68762,3401,-1,Aru Tabibito no Nikki Specials,"Adventure, Fantasy",Special,3,5473
51693,23037,5,Bakumatsu Rock,"Action, Comedy, Historical, Music, Shoujo",TV,12,18680
68349,2371,6,Hotaruko,Hentai,OVA,3,2647
6735,2924,9,ef: A Tale of Memories.,"Drama, Mystery, Romance",TV,12,151106
47840,207,8,Lodoss-tou Senki,"Action, Adventure, Fantasy, Magic, Shounen, Supernatural",OVA,13,28462
34514,32379,5,Berserk (2016),"Action, Adventure, Demons, Drama, Fantasy, Horror, Military, Romance, Seinen, Supernatural",TV,12,90817
70265,1535,10,Death Note,"Mystery, Police, Psychological, Supernatural, Thriller",TV,37,1013917
31027,23447,8,"Ano Natsu de Matteru: Bokutachi wa Koukou Saigo no Natsu wo Sugoshinagara, Ano Natsu de Matteiru.","Comedy, Drama, Romance, Sci-Fi, Slice of Life",Special,1,19772
8219,121,10,Fullmetal Alchemist,"Action, Adventure, Comedy, Drama, Fantasy, Magic, Military, Shounen",TV,51,600384
52491,2971,9,Kyou kara Maou! R,"Adventure, Comedy, Fantasy",OVA,5,14845
66503,996,9,Bishoujo Senshi Sailor Moon: Sailor Stars,"Adventure, Comedy, Drama, Fantasy, Magic, Romance, Shoujo",TV,34,52586
59136,1874,4,Love♥Love? Specials,"Comedy, Ecchi, Harem, Romance",Special,4,3935
10309,411,7,Gun x Sword,"Action, Adventure, Drama, Mecha, Sci-Fi, Shounen",TV,26,45921
17354,14467,7,K,"Action, Super Power, Supernatural",TV,13,297051
34370,11751,7,"Senki Zesshou Symphogear: Meteoroid-Falling, Burning, and Disappear, Then...","Action, Music, Sci-Fi",TV,13,47588
43606,10588,-1,Persona 4 the Animation,"Adventure, Mystery, School, Sci-Fi, Super Power, Supernatural",TV,25,134942
9155,28171,10,Shokugeki no Souma,"Ecchi, School, Shounen",TV,24,348951
18797,6773,8,Shakugan no Shana III (Final),"Action, Drama, Fantasy, Romance, Supernatural",TV,24,133010
66603,6500,8,Seikon no Qwaser,"Action, Ecchi, Seinen, Super Power, Supernatural",TV,24,145592
53314,572,7,Kaze no Tani no Nausicaä,"Adventure, Fantasy",Movie,1,143273
24652,7627,8,Mitsudomoe,"Comedy, School, Slice of Life",TV,13,56483
66571,5682,7,Phantom: Requiem for the Phantom,"Action, Drama, Seinen, Thriller",TV,26,159105
17779,11981,10,Mahou Shoujo Madoka★Magica Movie 3: Hangyaku no Monogatari,"Drama, Magic, Psychological, Thriller",Movie,1,135735
40280,2926,5,Myself; Yourself,"Drama, Romance, School",TV,13,115075
36677,31580,7,Ajin,"Action, Horror, Mystery, Seinen, Supernatural",TV,13,160972
30091,1575,-1,Code Geass: Hangyaku no Lelouch,"Action, Mecha, Military, School, Sci-Fi, Super Power",TV,25,715151
6680,3782,7,Kara no Kyoukai 2: Satsujin Kousatsu (Zen),"Action, Mystery, Romance, Supernatural, Thriller",Movie,1,114415
45495,257,5,Ikkitousen,"Ecchi, Martial Arts, School, Super Power",TV,13,88969
42160,13469,-1,Hyouka: Motsubeki Mono wa,Slice of Life,OVA,1,68823
42669,29786,9,Shimoneta to Iu Gainen ga Sonzai Shinai Taikutsu na Sekai,"Comedy, Ecchi, School",TV,12,193822
3040,20423,6,Kamisama no Inai Nichiyoubi: Kioku,"Fantasy, Mystery",Special,1,18722
39580,19815,9,No Game No Life,"Adventure, Comedy, Ecchi, Fantasy, Game, Supernatural",TV,12,602291
68886,30,-1,Neon Genesis Evangelion,"Action, Dementia, Drama, Mecha, Psychological, Sci-Fi",TV,26,461946
6597,8297,5,Planzet,"Action, Mecha, Sci-Fi",Movie,1,2923
35630,4181,-1,Clannad: After Story,"Drama, Fantasy, Romance, Slice of Life, Supernatural",TV,24,456749
22303,11771,9,Kuroko no Basket,"Comedy, School, Shounen, Sports",TV,25,338315
15768,9367,-1,Freezing,"Action, Drama, Ecchi, Harem, Martial Arts, Romance, Sci-Fi, Seinen",TV,12,159273
4639,31798,7,Kiznaiver,"Drama, Sci-Fi",TV,12,197912
22737,464,9,One Piece Movie 6: Omatsuri Danshaku to Himitsu no Shima,"Adventure, Comedy, Fantasy, Shounen",Movie,1,37792
44456,3230,8,Druaga no Tou: The Aegis of Uruk,"Adventure, Comedy, Fantasy",TV,12,69683
6518,530,8,Bishoujo Senshi Sailor Moon,"Demons, Magic, Romance, Shoujo",TV,46,146521
68201,10620,10,Mirai Nikki (TV),"Action, Mystery, Psychological, Shounen, Supernatural, Thriller",TV,26,657190
58732,155,6,X/1999,"Action, Drama, Fantasy, Horror, Magic, Sci-Fi, Supernatural",Movie,1,23038
56157,790,8,Ergo Proxy,"Mystery, Psychological, Sci-Fi",TV,23,265005
72520,6747,8,Dance in the Vampire Bund,"Action, Supernatural, Vampire",TV,12,121005
68762,22535,7,Kiseijuu: Sei no Kakuritsu,"Action, Drama, Horror, Psychological, Sci-Fi, Seinen",TV,24,425457
35962,1250,8,Erementar Gerad,"Adventure, Comedy, Fantasy, Magic, Romance, Super Power",TV,26,63193
58410,394,8,Ai Yori Aoshi: Enishi,"Comedy, Drama, Harem, Romance, Slice of Life",TV,12,37944
20128,21085,6,Witch Craft Works,"Action, Fantasy, Magic, Seinen, Supernatural",TV,12,106381
26489,196,7,Onegai☆Twins,"Comedy, Drama, Harem, School, Sci-Fi",TV,12,59164
58438,330,6,Midori no Hibi,"Comedy, Drama, Ecchi, Romance, Shounen",TV,13,87938
12056,9587,6,Oniichan no Koto nanka Zenzen Suki ja Nai n da kara ne!!,"Comedy, Ecchi, Harem, Romance",TV,12,51637
22959,164,9,Mononoke Hime,"Action, Adventure, Fantasy",Movie,1,339556
321,31715,10,Working!!!: Lord of the Takanashi,"Comedy, Romance, Slice of Life",Special,1,31856
8846,6811,-1,InuYasha: Kanketsu-hen,"Action, Adventure, Comedy, Demons, Fantasy, Magic, Romance, Shounen, Supernatural",TV,26,99128
3864,14075,-1,Zetsuen no Tempest,"Action, Drama, Fantasy, Magic, Mystery, Psychological, Shounen",TV,24,259900
71000,9756,8,Mahou Shoujo Madoka★Magica,"Drama, Magic, Psychological, Thriller",TV,12,462974
27865,15863,-1,Ginga Kikoutai Majestic Prince,"Action, Mecha, School, Sci-Fi, Seinen, Space",TV,24,35196
57796,2475,-1,6 Angels,"Action, Sci-Fi",ONA,6,1890
10588,964,6,Hit wo Nerae!,"Comedy, Ecchi",TV,8,3772
69600,1535,9,Death Note,"Mystery, Police, Psychological, Supernatural, Thriller",TV,37,1013917
38307,6500,7,Seikon no Qwaser,"Action, Ecchi, Seinen, Super Power, Supernatural",TV,24,145592
48492,589,-1,Ginga Nagareboshi Gin,"Action, Adventure, Drama, Shounen",TV,21,10575
64101,15689,9,Nekomonogatari: Kuro,"Comedy, Romance, Supernatural",TV,4,173264
58755,1007,8,Ranma ½ OVA,"Comedy, Martial Arts, Romance, Shounen",OVA,6,16804
64897,1689,9,Byousoku 5 Centimeter,"Drama, Romance, Slice of Life",Movie,3,324035
25688,1887,7,Lucky☆Star,"Comedy, Parody, School, Slice of Life",TV,24,305837
39405,376,8,Elfen Lied Special,"Drama, Ecchi, Horror, Psychological, Supernatural",Special,1,116129
3278,32153,7,Mahou Shoujo Madoka★Magica: Concept Movie,"Drama, Magic, Psychological, Thriller",Movie,1,5452
40875,2449,9,Ghost in the Shell: Stand Alone Complex - The Laughing Man,"Action, Mecha, Mystery, Police, Psychological, Sci-Fi, Seinen",Special,1,21435
42432,25161,-1,One Piece 3D2Y: Ace no shi wo Koete! Luffy Nakama Tono Chikai,"Adventure, Comedy, Fantasy, Shounen",Special,1,30516
23914,3087,8,Cencoroll,"Action, Sci-Fi",Movie,1,56370
43276,15565,7,Maken-Ki! Two,"Action, Ecchi, Harem, Martial Arts, School, Super Power",TV,10,49842
50063,30127,-1,Danchigai,"Comedy, Slice of Life",TV,12,37913
37793,29067,8,Danna ga Nani wo Itteiru ka Wakaranai Ken 2 Sure-me,"Comedy, Seinen, Slice of Life",TV,13,73285
21219,94,7,Mobile Suit Gundam Seed Destiny,"Action, Drama, Mecha, Military, Romance, Sci-Fi, Space",TV,50,65896
66021,5978,-1,Kannagi: Moshimo Kannagi ga Attara...,"Comedy, School, Shounen, Supernatural",Special,1,22155
70193,154,10,Shaman King,"Action, Adventure, Comedy, Drama, Shounen, Supernatural",TV,64,169517
41565,15775,6,Saint☆Oniisan,"Comedy, Seinen, Slice of Life",OVA,2,33668
9432,8937,8,Toaru Majutsu no Index II,"Action, Magic, Sci-Fi, Super Power",TV,24,184520
66374,6392,7,Issho ni Training: Training with Hinako,"Ecchi, Sports",OVA,1,11989
23181,889,8,Black Lagoon,"Action, Seinen",TV,12,332562
18686,22693,7,Lady Jewelpet,"Fantasy, Magic, Romance, Shoujo",TV,52,3085
5672,8841,5,Kore wa Zombie Desu ka?,"Action, Comedy, Ecchi, Harem, Magic, Supernatural",TV,12,295782
26247,20853,8,Hitsugi no Chaika,"Action, Adventure, Comedy, Fantasy, Romance, Shounen",TV,12,164510
63249,457,9,Mushishi,"Adventure, Fantasy, Historical, Mystery, Seinen, Slice of Life, Supernatural",TV,26,300030
36537,32668,8,Noblesse: Awakening,"Action, School, Supernatural, Vampire",ONA,1,28864
25757,5940,7,Seiken no Blacksmith,"Action, Adventure, Fantasy",TV,12,81738
39703,16498,8,Shingeki no Kyojin,"Action, Drama, Fantasy, Shounen, Super Power",TV,25,896229
25099,9513,7,Beelzebub,"Action, Comedy, Demons, School, Shounen, Supernatural",TV,60,217752
44245,384,-1,Gantz,"Action, Drama, Horror, Psychological, Sci-Fi, Supernatural",TV,13,165335
10886,109,7,Bakuretsu Tenshi,"Adventure, Comedy, Mecha, Sci-Fi",TV,24,48551
40299,5680,8,K-On!,"Comedy, Music, School, Slice of Life",TV,13,386048
29857,133,6,Green Green,"Comedy, Ecchi, Romance, School, Slice of Life",TV,12,80562
71238,12113,8,Berserk: Ougon Jidai-hen II - Doldrey Kouryaku,"Action, Adventure, Demons, Drama, Fantasy, Horror, Military, Seinen, Supernatural",Movie,1,66721
7579,673,8,Mai-HiME Specials,Comedy,Special,27,9210
21380,16498,-1,Shingeki no Kyojin,"Action, Drama, Fantasy, Shounen, Super Power",TV,25,896229
2525,29854,10,Ushio to Tora (TV),"Action, Adventure, Comedy, Demons, Shounen, Supernatural",TV,26,90931
6720,8516,6,Baka to Test to Shoukanjuu Ni!,"Comedy, Romance, School, Super Power",TV,13,183722
40626,761,6,Naruto: Akaki Yotsuba no Clover wo Sagase,"Adventure, Comedy, Shounen",Special,1,47587
59122,2025,7,Darker than Black: Kuro no Keiyakusha,"Action, Mystery, Sci-Fi, Super Power",TV,25,440334
21683,834,5,Bleach: The Sealed Sword Frenzy,"Adventure, Comedy, Drama, Fantasy, Shounen, Supernatural",Special,1,73241
53341,2680,-1,One Piece: Straw Hat Theater,"Adventure, Fantasy, Shounen",Special,5,17153
60566,2025,10,Darker than Black: Kuro no Keiyakusha,"Action, Mystery, Sci-Fi, Super Power",TV,25,440334
14447,15583,9,Date A Live,"Comedy, Harem, Mecha, Romance, School, Sci-Fi",TV,12,301358
57529,903,7,Dragon Ball Z Movie 10: Kiken na Futari! Super Senshi wa Nemurenai,"Action, Adventure, Comedy, Demons, Fantasy, Martial Arts, Shounen, Super Power",Movie,1,54947
38561,6956,-1,Working!!,"Comedy, Slice of Life",TV,13,189367
12947,9513,9,Beelzebub,"Action, Comedy, Demons, School, Shounen, Supernatural",TV,60,217752
11124,7627,7,Mitsudomoe,"Comedy, School, Slice of Life",TV,13,56483
33151,67,8,Basilisk: Kouga Ninpou Chou,"Action, Adventure, Fantasy, Historical, Romance, Samurai, Supernatural",TV,24,98144
53630,1906,7,Harukanaru Toki no Naka de: Maihitoyo,"Drama, Fantasy, Historical, Magic, Romance, Shoujo, Supernatural",Movie,1,4019
17354,20507,8,Noragami,"Action, Adventure, Shounen, Supernatural",TV,12,515378
72798,25013,9,Akatsuki no Yona,"Action, Adventure, Comedy, Fantasy, Romance, Shoujo",TV,24,216674
17888,18277,9,Strike the Blood,"Action, Ecchi, Fantasy, Harem, School, Shounen, Supernatural, Vampire",TV,24,231387
28208,79,-1,Shuffle!,"Comedy, Drama, Ecchi, Fantasy, Harem, Magic, Romance, School, Seinen",TV,24,158772
56,10793,7,Guilty Crown,"Action, Drama, Sci-Fi, Super Power",TV,22,460959
45201,32601,7,12-sai.: Chicchana Mune no Tokimeki,"Romance, School, Shoujo",TV,12,12768
38779,8074,10,Highschool of the Dead,"Action, Ecchi, Horror, Supernatural",TV,12,535892
35421,5114,9,Fullmetal Alchemist: Brotherhood,"Action, Adventure, Drama, Fantasy, Magic, Military, Shounen",TV,64,793665
10728,969,6,Tsubasa Chronicle 2nd Season,"Action, Adventure, Drama, Fantasy, Mystery, Romance, Shounen, Supernatural",TV,26,79166
282,28623,9,Koutetsujou no Kabaneri,"Action, Drama, Fantasy, Horror",TV,12,253027
68696,4181,10,Clannad: After Story,"Drama, Fantasy, Romance, Slice of Life, Supernatural",TV,24,456749
17231,15109,10,Cuticle Tantei Inaba,"Action, Comedy, Mystery, Shounen, Supernatural",TV,12,50019
21267,11013,10,Inu x Boku SS,"Comedy, Romance, Shounen, Supernatural",TV,12,216204
47139,2236,10,Toki wo Kakeru Shoujo,"Adventure, Drama, Romance, Sci-Fi",Movie,1,289206
58603,15771,7,Saint☆Oniisan (Movie),"Comedy, Seinen, Slice of Life",Movie,1,30814
21224,2494,-1,Goshuushou-sama Ninomiya-kun,"Comedy, Ecchi, Fantasy, Harem",TV,12,63370
69281,7674,10,Bakuman.,"Comedy, Romance, Shounen",TV,25,246899
6118,2026,7,Hayate no Gotoku!,"Action, Comedy, Harem, Parody, Romance",TV,52,130085
34238,5630,6,Higashi no Eden,"Action, Comedy, Drama, Mystery, Romance, Sci-Fi, Thriller",TV,11,276593
44879,22145,-1,Kuroshitsuji: Book of Circus,"Comedy, Demons, Fantasy, Historical, Shounen, Supernatural",TV,10,122895
11007,11179,10,Papa no Iukoto wo Kikinasai!,"Comedy, Romance, Slice of Life",TV,12,97674
67100,11887,9,Kokoro Connect,"Comedy, Drama, Romance, School, Slice of Life, Supernatural",TV,13,283847
23055,1195,9,Zero no Tsukaima,"Action, Adventure, Comedy, Ecchi, Fantasy, Harem, Magic, Romance, School",TV,13,346828
49540,5849,6,Zettai Karen Children Recap,"Action, Comedy, Shounen, Supernatural",Special,1,1603
31239,8407,10,Sora no Otoshimono: Forte,"Comedy, Ecchi, Harem, Romance, Sci-Fi, Shounen, Supernatural",TV,12,146697
28804,6773,5,Shakugan no Shana III (Final),"Action, Drama, Fantasy, Romance, Supernatural",TV,24,133010
55440,1430,10,Lupin III: Cagliostro no Shiro,"Adventure, Comedy, Shounen",Movie,1,32732
6274,7791,7,K-On!!,"Comedy, Music, School, Slice of Life",TV,26,246276
22347,32,9,Neon Genesis Evangelion: The End of Evangelion,"Dementia, Drama, Mecha, Psychological, Sci-Fi",Movie,1,215630
3374,18115,10,Magi: The Kingdom of Magic,"Action, Adventure, Fantasy, Magic, Shounen",TV,25,245026
41720,15051,-1,Love Live! School Idol Project,"Music, School, Slice of Life",TV,13,155281
45310,5155,6,Genji Monogatari Sennenki,"Drama, Historical, Romance",TV,11,8554
52231,199,7,Sen to Chihiro no Kamikakushi,"Adventure, Drama, Supernatural",Movie,1,466254
1322,191,-1,Love Hina Christmas Special: Silent Eve,"Comedy, Romance, Slice of Life",Special,1,45137
43802,20853,-1,Hitsugi no Chaika,"Action, Adventure, Comedy, Fantasy, Romance, Shounen",TV,12,164510
44568,22147,-1,Amagi Brilliant Park,"Comedy, Magic",TV,13,217003
20965,10162,8,Usagi Drop,"Josei, Slice of Life",TV,11,194855
7831,16782,10,Kotonoha no Niwa,"Drama, Psychological, Romance, Slice of Life",Movie,1,189741
48817,13599,-1,Robotics;Notes,"Drama, Mystery, School, Sci-Fi",TV,22,107304
6042,1361,-1,Final Fantasy: The Spirits Within,Sci-Fi,Movie,1,53822
32716,30544,6,Gakusen Toshi Asterisk,"Action, Comedy, Ecchi, Fantasy, Harem, Romance, School, Sci-Fi, Supernatural",TV,12,168657
13179,572,8,Kaze no Tani no Nausicaä,"Adventure, Fantasy",Movie,1,143273
44134,9515,5,Highschool of the Dead: Drifters of the Dead,"Comedy, Ecchi, Supernatural",OVA,1,140501
51487,3455,7,To LOVE-Ru,"Comedy, Ecchi, Harem, Romance, School, Sci-Fi",TV,26,237563
10283,30205,-1,Aoharu x Kikanjuu,"Action, Comedy, Shounen, Sports",TV,12,97674
6079,7817,6,B Gata H Kei,"Comedy, Ecchi, Romance, School, Seinen",TV,12,192719
71481,9936,-1,Maken-Ki!,"Action, Ecchi, Harem, Martial Arts, School, Super Power",TV,12,104182
59476,904,8,Dragon Ball Z Movie 11: Super Senshi Gekiha!! Katsu no wa Ore da,"Action, Adventure, Comedy, Fantasy, Martial Arts, Shounen, Super Power",Movie,1,49949
69078,17265,10,Log Horizon,"Action, Adventure, Fantasy, Game, Magic, Shounen",TV,25,387100
39684,5680,-1,K-On!,"Comedy, Music, School, Slice of Life",TV,13,386048
51499,16512,7,Devil Survivor 2 The Animation,"Action, Demons, Supernatural",TV,13,101266
71545,849,9,Suzumiya Haruhi no Yuuutsu,"Comedy, Mystery, Parody, School, Sci-Fi, Slice of Life",TV,14,428569
16318,20,8,Naruto,"Action, Comedy, Martial Arts, Shounen, Super Power",TV,220,683297
15842,11759,7,Accel World,"Action, Game, Romance, School, Sci-Fi",TV,24,324284
65511,18153,9,Kyoukai no Kanata,"Fantasy, Slice of Life, Supernatural",TV,12,359011
66435,19191,8,Ghost in the Shell: Arise - Border:2 Ghost Whispers,"Mecha, Police, Psychological, Sci-Fi",Movie,1,24880
23750,5300,9,Zoku Natsume Yuujinchou,"Drama, Fantasy, Shoujo, Slice of Life, Supernatural",TV,13,114173
14949,4654,-1,Toaru Majutsu no Index,"Action, Magic, Sci-Fi, Super Power",TV,24,313114
12114,29317,6,Saenai Heroine no Sodatekata: Ai to Seishun no Service Kai,"Comedy, Ecchi, Harem, Romance",Special,1,41444
56600,467,8,Ghost in the Shell: Stand Alone Complex,"Action, Mecha, Military, Police, Sci-Fi, Seinen",TV,26,194491
20543,5216,8,D.C.if: Da Capo if,"Drama, Harem, Magic, Romance",OVA,2,11482
73366,1577,7,Taiho Shichau zo,"Action, Comedy, Police, Seinen",OVA,4,8557
31947,31764,7,Nejimaki Seirei Senki: Tenkyou no Alderamin,"Action, Adventure, Fantasy, Military",TV,13,86475
68923,6045,8,Kimi ni Todoke,"Romance, School, Shoujo, Slice of Life",TV,25,309339
63742,32828,7,Amaama to Inazuma,"Comedy, Seinen, Slice of Life",TV,12,95339
54051,11741,10,Fate/Zero 2nd Season,"Action, Fantasy, Supernatural, Thriller",TV,12,340973
59590,24469,7,Buddy Complex: Kanketsu-hen - Ano Sora ni Kaeru Mirai de,"Action, Mecha, Sci-Fi",Special,2,14158
25423,2508,-1,Genshiken 2,"Comedy, Parody, Slice of Life",TV,12,55825
59736,11013,7,Inu x Boku SS,"Comedy, Romance, Shounen, Supernatural",TV,12,216204
10714,104,7,Ayashi no Ceres,"Adventure, Comedy, Drama, Horror, Psychological, Romance, Shoujo, Supernatural",TV,24,38336
67172,129,-1,Gensoumaden Saiyuuki,"Adventure, Comedy, Drama, Shounen, Supernatural",TV,50,31179
54194,5152,10,Dragon Ball: Ossu! Kaettekita Son Gokuu to Nakama-tachi!!,"Action, Adventure, Comedy, Fantasy",Special,1,25251
14560,16498,10,Shingeki no Kyojin,"Action, Drama, Fantasy, Shounen, Super Power",TV,25,896229
62147,19489,9,Little Witch Academia: Mahoujikake no Parade,"Adventure, Comedy, Fantasy, Magic, School",Movie,1,53024
4943,9289,-1,Hanasaku Iroha,"Comedy, Drama, Seinen, Slice of Life",TV,26,150393
36809,28701,-1,Fate/stay night: Unlimited Blade Works 2nd Season,"Action, Fantasy, Magic, Shounen, Supernatural",TV,13,205987
21330,23121,7,Jinsei,"Comedy, School, Slice of Life",TV,13,40413
63084,22319,6,Tokyo Ghoul,"Action, Drama, Horror, Mystery, Psychological, Seinen, Supernatural",TV,12,618056
50368,71,7,Full Metal Panic!,"Action, Comedy, Mecha, Military, Sci-Fi",TV,24,256325
62239,17080,8,Soukyuu no Fafner: Dead Aggressor - Exodus,"Action, Drama, Mecha, Military, Sci-Fi",TV,13,11882
30496,23311,8,Garo: Honoo no Kokuin,"Action, Demons, Fantasy, Magic, Supernatural",TV,24,64214
59245,4039,7,Golgo 13 (TV),"Action, Adventure, Drama, Seinen, Thriller",TV,50,18687
3395,10647,-1,Ao no Exorcist: Ura Ex,"Action, Fantasy, Shounen, Supernatural",Special,10,43615
9032,11977,10,Mahou Shoujo Madoka★Magica Movie 1: Hajimari no Monogatari,"Drama, Magic, Psychological, Thriller",Movie,1,88164
69278,1535,10,Death Note,"Mystery, Police, Psychological, Supernatural, Thriller",TV,37,1013917
15757,32729,7,Orange,"Drama, Romance, School, Sci-Fi, Shoujo",TV,13,165358
52807,4705,9,Tengen Toppa Gurren Lagann: Parallel Works,Music,Music,8,22213
27766,16498,-1,Shingeki no Kyojin,"Action, Drama, Fantasy, Shounen, Super Power",TV,25,896229
19986,199,10,Sen to Chihiro no Kamikakushi,"Adventure, Drama, Supernatural",Movie,1,466254
38060,10620,8,Mirai Nikki (TV),"Action, Mystery, Psychological, Shounen, Supernatural, Thriller",TV,26,657190
45947,11771,10,Kuroko no Basket,"Comedy, School, Shounen, Sports",TV,25,338315
46564,621,7,Night Walker: Mayonaka no Tantei,"Action, Comedy, Horror, Mystery, Vampire",TV,12,11143
57286,28223,7,Death Parade,"Drama, Game, Mystery, Psychological, Thriller",TV,12,383914
1958,10067,-1,Angel Beats!: Another Epilogue,"Drama, School, Supernatural",Special,1,134180
23247,20,7,Naruto,"Action, Comedy, Martial Arts, Shounen, Super Power",TV,220,683297
32899,20919,6,Diabolik Lovers Recap,"Shoujo, Vampire",Special,1,11802
19247,22839,-1,Cross Road,"School, Slice of Life",Special,1,23038
950,30276,10,One Punch Man,"Action, Comedy, Parody, Sci-Fi, Seinen, Super Power, Supernatural",TV,12,552458
58335,3354,8,Zombie-Loan Specials,"Action, Shounen, Supernatural",Special,2,22182
59643,14045,6,Mangirl!,"Comedy, Slice of Life",TV,13,19015
29742,1239,7,Bishoujo Senshi Sailor Moon SuperS,"Drama, Magic, Romance, Shoujo",TV,39,55056
28515,10490,9,Blood-C,"Action, Horror, School, Supernatural, Vampire",TV,12,118553
55417,524,8,Onegai☆Twins: Natsu wa Owaranai,"Comedy, Drama, Romance",OVA,1,22614
51058,21329,10,Mushishi Special: Hihamukage,"Adventure, Fantasy, Historical, Mystery, Seinen, Slice of Life, Supernatural",Special,1,49036
18898,144,-1,Kanon,"Drama, Romance, Slice of Life, Supernatural",TV,13,41960
31903,9721,6,Aisai Nikki,Hentai,OVA,1,4978
46801,16762,10,Mirai Nikki Redial,"Action, Psychological, Shounen, Supernatural",OVA,1,135604
23247,2167,10,Clannad,"Comedy, Drama, Romance, School, Slice of Life, Supernatural",TV,23,566690
403,1535,8,Death Note,"Mystery, Police, Psychological, Supernatural, Thriller",TV,37,1013917
68621,226,-1,Elfen Lied,"Action, Drama, Horror, Psychological, Romance, Seinen, Supernatural",TV,13,623511
47098,20745,7,Love Live! School Idol Project OVA,"Music, School, Slice of Life",OVA,1,21188
12964,1399,6,Macross 7 Encore,"Action, Comedy, Drama, Mecha, Music, Sci-Fi, Shounen",OVA,3,5616
31571,2926,10,Myself; Yourself,"Drama, Romance, School",TV,13,115075
12423,24641,8,Baku Ane: Otouto Shibocchau zo! The Animation,Hentai,OVA,1,7672
50867,7465,5,Eve no Jikan (Movie),"Sci-Fi, Slice of Life",Movie,1,66376
44451,3457,9,Vampire Knight,"Drama, Mystery, Romance, Shoujo, Supernatural, Vampire",TV,13,286826
10125,14467,10,K,"Action, Super Power, Supernatural",TV,13,297051
34711,270,6,Hellsing,"Action, Horror, Seinen, Supernatural, Vampire",TV,13,308995
6915,4224,-1,Toradora!,"Comedy, Romance, School, Slice of Life",TV,25,633817
55969,28069,-1,Shigatsu wa Kimi no Uso: Moments,"Music, Shounen",OVA,1,41368
61254,8101,5,HenSemi,"Comedy, Ecchi, Seinen",OVA,2,19029
44434,17643,7,Little Busters!: Sekai no Saitou wa Ore ga Mamoru!,"Comedy, School, Slice of Life",OVA,1,17204
40614,2130,-1,Kaibutsu Oujo,"Action, Comedy, Horror, Shounen, Supernatural, Vampire",TV,25,44825
57823,462,7,One Piece Movie 4: Dead End no Bouken,"Action, Adventure, Comedy, Fantasy, Shounen, Super Power",Movie,1,39946
22434,31561,6,Gangsta. Recap,"Action, Drama, Seinen",Special,1,10234
1004,24415,10,Kuroko no Basket 3rd Season,"Comedy, School, Shounen, Sports",TV,25,184525
53653,793,8,xxxHOLiC Movie: Manatsu no Yoru no Yume,"Comedy, Drama, Mystery, Psychological, Supernatural",Movie,1,41547
47717,435,7,Magic Knight Rayearth,"Adventure, Comedy, Drama, Fantasy, Magic, Mecha, Romance, Shoujo",TV,20,34141
6417,25159,10,Inou-Battle wa Nichijou-kei no Naka de,"Comedy, Romance, School, Slice of Life, Supernatural",TV,12,144370
5148,15583,8,Date A Live,"Comedy, Harem, Mecha, Romance, School, Sci-Fi",TV,12,301358
3705,7739,5,11eyes: Momoiro Genmutan,"Comedy, Ecchi, Super Power, Supernatural",Special,1,28144
31066,7054,4,Kaichou wa Maid-sama!,"Comedy, Romance, School, Shoujo",TV,26,391628
33741,6303,7,Perman,"Adventure, Comedy",TV,54,499
18309,32281,10,Kimi no Na wa.,"Drama, Romance, School, Supernatural",Movie,1,200630
12979,4814,-1,Junjou Romantica 2,"Comedy, Drama, Romance, Shounen Ai",TV,12,87617
72997,18001,7,Freezing Vibration,"Action, Drama, Ecchi, Harem, Martial Arts, Military, Romance, Sci-Fi, Seinen",TV,12,79298
61873,552,8,Digimon Adventure,"Action, Adventure, Comedy, Fantasy, Kids",TV,54,182208
17190,7724,7,Shiki,"Mystery, Supernatural, Thriller, Vampire",TV,22,251093
57492,317,7,Final Fantasy VII: Advent Children,"Action, Fantasy, Super Power",Movie,1,138659
4112,26023,-1,Haiyore! Nyaruko-san F,"Comedy, Parody, Romance, Sci-Fi",OVA,1,19620
24526,5681,8,Summer Wars,"Comedy, Sci-Fi",Movie,1,223359
33014,32370,10,D.Gray-man Hallow,"Action, Demons, Shounen, Super Power",TV,13,72499
50901,96,7,Mobile Fighter G Gundam,"Adventure, Comedy, Drama, Martial Arts, Mecha, Romance, Sci-Fi, Space, Sports",TV,49,36338
69718,4744,-1,Akaneiro ni Somaru Saka,"Comedy, Harem, Romance, School",TV,12,91453
41402,8769,8,Ore no Imouto ga Konnani Kawaii Wake ga Nai,"Comedy, Seinen, Slice of Life",TV,12,321477
65382,24451,-1,Kanojo ga Flag wo Oraretara OVA,"Comedy, Harem, Romance, School",OVA,1,10264
41182,1535,10,Death Note,"Mystery, Police, Psychological, Supernatural, Thriller",TV,37,1013917
32650,13271,6,Hunter x Hunter Movie: Phantom Rouge,"Action, Adventure, Shounen, Super Power",Movie,1,44589
32782,7593,-1,Kiss x Sis (TV),"Comedy, Ecchi, Harem, Romance, School, Seinen",TV,12,215361
60395,14811,-1,GJ-bu,"Comedy, School, Slice of Life",TV,12,83838
39384,1560,-1,Choujin Gakuen Gowcaizer: The Voltage Fighters,"Action, Ecchi, Martial Arts, Sci-Fi, Shounen",OVA,3,1627
67866,401,7,Rurouni Kenshin: Meiji Kenkaku Romantan - Seisou-hen,"Drama, Historical, Romance, Samurai, Shounen",OVA,2,49454
18696,13667,1,Naruto: Shippuuden Movie 6 - Road to Ninja,"Action, Adventure, Martial Arts, Shounen, Super Power",Movie,1,87369
10921,461,-1,One Piece Movie 3: Chinjuu-jima no Chopper Oukoku,"Action, Adventure, Comedy, Fantasy, Shounen, Super Power",Movie,1,36558
39492,22687,7,Terra Formars,"Action, Drama, Horror, Sci-Fi, Seinen, Space",TV,13,95964
22968,8769,-1,Ore no Imouto ga Konnani Kawaii Wake ga Nai,"Comedy, Seinen, Slice of Life",TV,12,321477
15805,20853,8,Hitsugi no Chaika,"Action, Adventure, Comedy, Fantasy, Romance, Shounen",TV,12,164510
22109,656,7,Air in Summer,"Comedy, Drama, Historical, Romance, Supernatural",Special,2,29514
5315,47,8,Akira,"Action, Adventure, Horror, Military, Sci-Fi, Supernatural",Movie,1,215897
67287,243,10,Gravitation,"Comedy, Music, Romance, Shoujo, Shounen Ai",TV,13,67916
19665,5216,6,D.C.if: Da Capo if,"Drama, Harem, Magic, Romance",OVA,2,11482
70024,15583,5,Date A Live,"Comedy, Harem, Mecha, Romance, School, Sci-Fi",TV,12,301358
51693,6882,5,Hatsukoi Limited: Gentei Shoujo,"Comedy, Ecchi, School, Shounen",Special,6,11716
64722,1535,10,Death Note,"Mystery, Police, Psychological, Supernatural, Thriller",TV,37,1013917
18492,30901,9,Utawarerumono: Itsuwari no Kamen,"Action, Drama, Fantasy",TV,25,55851
30833,28999,8,Charlotte,"Drama, School, Super Power",TV,13,310137
33683,30911,9,Tales of Zestiria the X,"Action, Adventure, Fantasy",TV,12,107325
54430,3092,9,Junjou Romantica,"Comedy, Drama, Romance, Shounen Ai",TV,12,117910
33648,20931,7,Oneechan ga Kita,"Comedy, Slice of Life",TV,12,45457
8217,2883,9,Iyashite Agerun Saiyuuki,"Hentai, Parody",OVA,1,3165
65993,60,-1,Chrno Crusade,"Action, Demons, Historical, Romance, Supernatural",TV,24,140865
31280,5060,7,Hetalia Axis Powers,"Comedy, Historical, Parody",ONA,52,144898
7777,26243,8,Owari no Seraph,"Action, Drama, Shounen, Supernatural, Vampire",TV,12,315630
70831,15771,-1,Saint☆Oniisan (Movie),"Comedy, Seinen, Slice of Life",Movie,1,30814
66755,531,8,Bishoujo Senshi Sailor Moon R: The Movie,"Drama, Magic, Romance, Shoujo",Movie,1,33682
30104,26023,1,Haiyore! Nyaruko-san F,"Comedy, Parody, Romance, Sci-Fi",OVA,1,19620
6952,15651,8,Phi Brain: Kami no Puzzle - Shukuteki! Rätsel-hen,"Action, Game, Mystery, Shounen",TV,25,20424
15573,24439,9,Kekkai Sensen,"Action, Fantasy, Shounen, Super Power, Supernatural, Vampire",TV,12,220573
11029,13331,9,Jormungand: Perfect Order,"Action, Adventure, Seinen",TV,12,81951
8653,23249,9,Uchuu Senkan Yamato 2199: Hoshimeguru Hakobune,"Action, Drama, Military, Sci-Fi, Space",Movie,1,5431
35643,431,10,Howl no Ugoku Shiro,"Adventure, Drama, Fantasy, Romance",Movie,1,333186
63476,11531,6,UN-GO: Inga-ron,"Mystery, Supernatural",Movie,1,23340
62652,14813,10,Yahari Ore no Seishun Love Comedy wa Machigatteiru.,"Comedy, Drama, Romance, School",TV,13,353876
9370,9890,-1,Major: Message,"Comedy, Drama, Sports",OVA,1,12282
61504,9379,-1,Denpa Onna to Seishun Otoko,"Comedy, Sci-Fi, Seinen, Slice of Life",TV,12,149497
22461,31756,-1,Owari no Seraph: The Beginning of the End,"Action, Drama, Shounen, Supernatural, Vampire",Special,1,14248
58612,889,9,Black Lagoon,"Action, Seinen",TV,12,332562
23743,1190,10,Prince of Tennis: A Day on Survival Mountain,"Adventure, Comedy, Shounen, Sports",OVA,1,11817
19458,11617,9,High School DxD,"Comedy, Demons, Ecchi, Harem, Romance, School",TV,12,398660
49977,1818,7,Claymore,"Action, Adventure, Demons, Fantasy, Shounen, Super Power, Supernatural",TV,26,316853
65377,395,6,Gantz 2nd Stage,"Action, Drama, Horror, Psychological, Sci-Fi, Supernatural",TV,13,87240
47744,10079,8,Hoshizora e Kakaru Hashi,"Comedy, Ecchi, Harem, Romance, School",TV,12,85178
70201,16385,8,Dog Days&#039;&#039;,"Action, Adventure, Fantasy, Magic",TV,12,34576
32689,3503,8,Kanokon,"Comedy, Ecchi, Harem, Romance, School, Shounen, Slice of Life, Supernatural",TV,12,122288
57131,79,4,Shuffle!,"Comedy, Drama, Ecchi, Fantasy, Harem, Magic, Romance, School, Seinen",TV,24,158772
55187,1222,7,Bokura ga Ita,"Drama, Romance, Shoujo, Slice of Life",TV,26,125051
15542,8424,8,MM!,"Comedy, Ecchi, Harem, School",TV,12,129672
69943,22319,-1,Tokyo Ghoul,"Action, Drama, Horror, Mystery, Psychological, Seinen, Supernatural",TV,12,618056
11102,212,-1,Project A-Ko,"Action, Adventure, Comedy, Mecha, Sci-Fi, Super Power",Movie,1,7846
60181,23281,-1,Psycho-Pass 2,"Action, Police, Psychological, Sci-Fi",TV,11,228435
70126,1692,-1,_Summer,"Drama, Harem, Romance",OVA,2,7051
7622,646,7,Haunted Junction,"Comedy, Shounen, Supernatural",TV,12,2504
19337,6007,-1,Ookami to Koushinryou II: Ookami to Kohakuiro no Yuuutsu,"Fantasy, Historical, Romance",OVA,1,81137
65102,4397,6,Osaru no Sankichi: Totsugeki-tai,Military,Movie,1,489
17434,14345,8,Btooom!,"Action, Psychological, Sci-Fi, Seinen",TV,12,329561
73152,12445,7,Tasogare Otome x Amnesia,"Horror, Mystery, Romance, School, Shounen, Supernatural",TV,12,172367
9087,849,-1,Suzumiya Haruhi no Yuuutsu,"Comedy, Mystery, Parody, School, Sci-Fi, Slice of Life",TV,14,428569
31394,164,9,Mononoke Hime,"Action, Adventure, Fantasy",Movie,1,339556
41862,17875,5,Papa no Iukoto wo Kikinasai! OVA,"Comedy, Romance, Slice of Life",OVA,2,19904
69401,13759,-1,Sakurasou no Pet na Kanojo,"Comedy, Drama, Romance, School, Slice of Life",TV,24,380375
70061,3457,-1,Vampire Knight,"Drama, Mystery, Romance, Shoujo, Supernatural, Vampire",TV,13,286826
4256,3457,-1,Vampire Knight,"Drama, Mystery, Romance, Shoujo, Supernatural, Vampire",TV,13,286826
49557,6747,8,Dance in the Vampire Bund,"Action, Supernatural, Vampire",TV,12,121005
7651,1142,8,Hachimitsu to Clover II,"Drama, Josei, Romance",TV,12,61493
59144,8460,7,Mirai Nikki,"Action, Shounen, Supernatural",OVA,1,114217
72963,21845,-1,Ushinawareta Mirai wo Motomete,"Drama, Romance, School, Sci-Fi",TV,12,47565
71537,10521,8,Working&#039;!!,"Comedy, Slice of Life",TV,13,117328
47135,13585,8,Natsuyuki Rendezvous,"Drama, Josei, Romance, Supernatural",TV,11,40958
993,11843,10,Danshi Koukousei no Nichijou,"Comedy, School, Shounen, Slice of Life",TV,12,258914
15438,1604,-1,Katekyo Hitman Reborn!,"Action, Comedy, Shounen, Super Power",TV,203,258103
17752,7472,9,Gintama Movie: Shinyaku Benizakura-hen,"Action, Comedy, Historical, Parody, Samurai, Sci-Fi, Shounen",Movie,1,51185
2273,5205,10,Kara no Kyoukai 7: Satsujin Kousatsu (Kou),"Action, Mystery, Romance, Supernatural, Thriller",Movie,1,95658
62389,11617,7,High School DxD,"Comedy, Demons, Ecchi, Harem, Romance, School",TV,12,398660
53856,270,9,Hellsing,"Action, Horror, Seinen, Supernatural, Vampire",TV,13,308995
57442,23233,-1,Shinmai Maou no Testament,"Action, Demons, Ecchi, Fantasy, Harem, Romance",TV,12,172321
4631,27,-1,Trinity Blood,"Action, Supernatural, Vampire",TV,24,113791
37956,226,6,Elfen Lied,"Action, Drama, Horror, Psychological, Romance, Seinen, Supernatural",TV,13,623511
73008,2404,7,Zombie-Loan,"Action, Horror, Shounen, Supernatural",TV,11,93637
57490,758,7,RahXephon: Pluralitas Concentio,"Action, Drama, Mecha, Psychological, Romance, Sci-Fi",Movie,1,10524
15094,2166,7,Doujin Work,"Comedy, Slice of Life",TV,12,20504
3933,10794,5,IS: Infinite Stratos Encore - Koi ni Kogareru Rokujuusou,"Action, Comedy, Harem, Mecha, Sci-Fi",OVA,1,56577
55183,6547,10,Angel Beats!,"Action, Comedy, Drama, School, Supernatural",TV,13,717796
61233,1689,-1,Byousoku 5 Centimeter,"Drama, Romance, Slice of Life",Movie,3,324035
6897,1498,8,Black Blood Brothers,"Action, Comedy, Fantasy, Shounen, Supernatural, Vampire",TV,12,68626
47725,8098,10,Soukyuu no Fafner: Dead Aggressor - Heaven and Earth,"Action, Drama, Mecha, Military, Sci-Fi",Movie,1,8266
67478,32,-1,Neon Genesis Evangelion: The End of Evangelion,"Dementia, Drama, Mecha, Psychological, Sci-Fi",Movie,1,215630
61665,387,9,Haibane Renmei,"Drama, Fantasy, Mystery, Psychological, Slice of Life",TV,13,120731
49218,1852,9,Hidamari Sketch,"Comedy, School, Slice of Life",TV,12,42998
61368,19159,6,Genshiken Nidaime OVA,"Comedy, Parody, Slice of Life",OVA,1,8892
21644,11759,-1,Accel World,"Action, Game, Romance, School, Sci-Fi",TV,24,324284
10227,554,-1,Koutetsu Tenshi Kurumi,"Adventure, Comedy, Drama, Historical, Mecha, Military, Romance, Shounen",TV,24,15653
8990,31715,6,Working!!!: Lord of the Takanashi,"Comedy, Romance, Slice of Life",Special,1,31856
54283,6368,8,Legend of Regios,Magic,Special,3,6194
46696,5458,6,Yu☆Gi☆Oh! Duel Monsters: Battle City Special,"Adventure, Fantasy, Game, Shounen",Special,1,9429
54356,1686,6,Bleach Movie 1: Memories of Nobody,"Action, Adventure, Super Power",Movie,1,151598
21711,1606,10,Kekkaishi,"Adventure, Comedy, Fantasy, Shounen",TV,52,61884
23348,857,8,Air Gear,"Action, Comedy, Ecchi, Shounen, Sports",TV,25,194611
37227,1535,-1,Death Note,"Mystery, Police, Psychological, Supernatural, Thriller",TV,37,1013917
66451,7311,10,Suzumiya Haruhi no Shoushitsu,"Comedy, Mystery, Romance, School, Sci-Fi, Supernatural",Movie,1,240297
17033,13659,9,Ore no Imouto ga Konnani Kawaii Wake ga Nai.,"Comedy, Seinen, Slice of Life",TV,13,194791
52977,6291,-1,Full Metal Panic! The Second Raid Episode 000,"Action, Adventure, Mecha, Military",Special,1,25423
25974,1722,6,Nagasarete Airantou,"Comedy, Ecchi, Fantasy, Harem, Romance",TV,26,52817
28746,3349,2,Kiddy GiRL-AND,"Action, Comedy, Sci-Fi, Super Power",TV,24,13368
65783,31,5,Neon Genesis Evangelion: Death &amp; Rebirth,"Drama, Mecha, Psychological, Sci-Fi",Movie,1,102093
14438,18897,8,Nisekoi,"Comedy, Harem, Romance, School, Shounen",TV,20,347599
8094,821,8,Initial D Battle Stage,"Action, Cars, Drama, Seinen, Sports",OVA,1,13633
59665,2472,9,Naruto: Shippuuden Movie 1,"Action, Adventure, Comedy, Fantasy, Shounen",Movie,1,108170
65159,934,8,Higurashi no Naku Koro ni,"Horror, Mystery, Psychological, Supernatural, Thriller",TV,26,359494
41549,532,9,Bishoujo Senshi Sailor Moon S,"Drama, Magic, Romance, Shoujo",TV,38,66911
57615,537,1,Tekken,"Action, Adventure, Martial Arts, Sci-Fi",OVA,2,9687
3872,13601,10,Psycho-Pass,"Action, Police, Psychological, Sci-Fi",TV,22,509109
10796,31859,8,Hai to Gensou no Grimgar,"Action, Adventure, Drama, Fantasy",TV,12,213342
15034,4981,-1,Casshern Sins,"Action, Adventure, Drama, Psychological, Sci-Fi",TV,24,80307
23036,10702,10,Tekken: Blood Vengeance,"Action, Fantasy, Martial Arts, Sci-Fi, Supernatural",Movie,1,12816
19093,8795,9,Panty &amp; Stocking with Garterbelt,"Action, Comedy, Ecchi, Parody, Supernatural",TV,13,157642
13955,5680,9,K-On!,"Comedy, Music, School, Slice of Life",TV,13,386048
73123,4382,8,Suzumiya Haruhi no Yuuutsu (2009),"Comedy, Mystery, Parody, Romance, School, Sci-Fi, Slice of Life",TV,14,243448
44872,5277,7,Sekirei: Pure Engagement,"Action, Comedy, Ecchi, Harem, Super Power",TV,13,113911
44170,8713,9,Akai Ito,"Drama, Romance, Slice of Life",Special,1,1648
57502,9289,9,Hanasaku Iroha,"Comedy, Drama, Seinen, Slice of Life",TV,26,150393
41754,53,-1,Ai Yori Aoshi,"Comedy, Drama, Harem, Romance, Slice of Life",TV,24,66597
57016,6747,9,Dance in the Vampire Bund,"Action, Supernatural, Vampire",TV,12,121005
57315,160,-1,"Ima, Soko ni Iru Boku","Adventure, Drama, Fantasy, Military, Sci-Fi",TV,13,56839
35435,597,-1,Neko no Ongaeshi,"Adventure, Drama, Fantasy",Movie,1,92499
4579,21843,6,Shingeki no Bahamut: Genesis,"Action, Adventure, Demons, Fantasy, Magic, Supernatural",TV,12,143701
18798,1889,8,Higurashi no Naku Koro ni Kai,"Mystery, Psychological, Supernatural, Thriller",TV,24,218101
12164,28623,7,Koutetsujou no Kabaneri,"Action, Drama, Fantasy, Horror",TV,12,253027
14565,15927,-1,Carnival Phantasm: HibiChika Special,"Comedy, Supernatural",Special,1,14893
67866,9919,6,Ao no Exorcist,"Action, Demons, Fantasy, Shounen, Supernatural",TV,25,583823
49704,760,5,Tenjou Tenge: The Past Chapter,"Adventure, Drama, Martial Arts, Romance, Shounen, Supernatural",Movie,1,15718
26423,19163,10,Date A Live II,"Comedy, Harem, Mecha, Romance, School, Sci-Fi",TV,10,186187
25410,6573,-1,Darker than Black: Ryuusei no Gemini,"Action, Mystery, Sci-Fi, Super Power",TV,12,222243
2925,9919,10,Ao no Exorcist,"Action, Demons, Fantasy, Shounen, Supernatural",TV,25,583823
67743,2926,7,Myself; Yourself,"Drama, Romance, School",TV,13,115075
56709,513,7,Tenkuu no Shiro Laputa,"Adventure, Fantasy, Romance, Sci-Fi",Movie,1,151061
13248,11111,9,Another,"Horror, Mystery, School, Supernatural, Thriller",TV,12,534657
34364,6129,6,Umi Monogatari: Anata ga Ite Kureta Koto,"Drama, Fantasy, Magic, Romance, Supernatural",TV,12,14696
68906,3594,6,Tears to Tiara,"Action, Adventure, Fantasy, Magic",TV,26,50455
38096,11757,6,Sword Art Online,"Action, Adventure, Fantasy, Game, Romance",TV,25,893100
30981,21507,3,Soul Eater NOT!,"Action, Comedy, Ecchi, Shounen, Supernatural",TV,12,92269
23509,7662,7,Shinrei Tantei Yakumo,"Horror, Mystery, Shoujo, Supernatural",TV,13,78952
23467,13655,8,Little Busters!,"Comedy, Drama, School, Slice of Life, Supernatural",TV,26,138655
7853,3506,7,Connected,"Dementia, Music, Sci-Fi",Music,1,2697
35138,5060,7,Hetalia Axis Powers,"Comedy, Historical, Parody",ONA,52,144898
6387,144,7,Kanon,"Drama, Romance, Slice of Life, Supernatural",TV,13,41960
29814,4282,-1,Kara no Kyoukai 5: Mujun Rasen,"Action, Drama, Mystery, Romance, Supernatural, Thriller",Movie,1,111074
40859,2195,6,Heisa Byouin,Hentai,OVA,2,1387
48829,270,4,Hellsing,"Action, Horror, Seinen, Supernatural, Vampire",TV,13,308995
19929,17549,-1,Non Non Biyori,"Comedy, School, Seinen, Slice of Life",TV,12,133475
15217,395,9,Gantz 2nd Stage,"Action, Drama, Horror, Psychological, Sci-Fi, Supernatural",TV,13,87240
17064,22535,9,Kiseijuu: Sei no Kakuritsu,"Action, Drama, Horror, Psychological, Sci-Fi, Seinen",TV,24,425457
30258,23283,9,Zankyou no Terror,"Psychological, Thriller",TV,11,342893
32290,2471,7,Doraemon (1979),"Adventure, Comedy, Fantasy, Kids, Sci-Fi, Shounen",TV,1787,14233
23456,30,10,Neon Genesis Evangelion,"Action, Dementia, Drama, Mecha, Psychological, Sci-Fi",TV,26,461946
2113,25687,6,Digimon Adventure tri. 1: Saikai,"Action, Adventure, Comedy, Drama",Movie,1,58274
64570,25397,4,Absolute Duo,"Action, Ecchi, Harem, Romance, School, Supernatural",TV,12,168811
8107,121,8,Fullmetal Alchemist,"Action, Adventure, Comedy, Drama, Fantasy, Magic, Military, Shounen",TV,51,600384
19492,12461,-1,Hiiro no Kakera,"Fantasy, Romance, Shoujo, Supernatural",TV,13,55031
21458,10920,9,Seikon no Qwaser II Picture Drama,"Ecchi, Yuri",Special,4,6874
48876,28497,9,Rokka no Yuusha,"Action, Adventure, Fantasy, Magic, Mystery",TV,12,218747
56388,14833,9,Maoyuu Maou Yuusha,"Adventure, Demons, Fantasy, Historical, Romance",TV,12,164445
21387,28999,10,Charlotte,"Drama, School, Super Power",TV,13,310137
49018,527,10,Pokemon,"Action, Adventure, Comedy, Fantasy, Kids",TV,276,229157
8845,20021,6,Sword Art Online: Extra Edition,"Action, Adventure, Fantasy, Game, Romance",Special,1,121722
35056,5772,-1,Akaneiro ni Somaru Saka: Hardcore,"Comedy, Ecchi, Harem, Romance",Special,1,26925
11837,5114,7,Fullmetal Alchemist: Brotherhood,"Action, Adventure, Drama, Fantasy, Magic, Military, Shounen",TV,64,793665
71973,617,10,Juubee Ninpuuchou,"Adventure, Fantasy, Historical, Horror, Romance, Shounen, Supernatural",Movie,1,55697
17063,59,8,Chobits,"Comedy, Drama, Ecchi, Romance, Sci-Fi, Seinen",TV,26,266846
21106,20931,8,Oneechan ga Kita,"Comedy, Slice of Life",TV,12,45457
37286,17259,6,Kuroko no Basket: Oshaberi Shiyokka,"Comedy, School, Shounen, Sports",Special,1,23937
6643,32668,6,Noblesse: Awakening,"Action, School, Supernatural, Vampire",ONA,1,28864
27626,861,-1,xxxHOLiC,"Comedy, Drama, Mystery, Psychological, Supernatural",TV,24,150872
63725,31964,9,Boku no Hero Academia,"Action, Comedy, School, Shounen, Super Power",TV,13,282002
65333,22877,8,Seirei Tsukai no Blade Dance,"Action, Comedy, Ecchi, Fantasy, Harem, Romance, School, Supernatural",TV,12,124448
31895,6633,-1,Queen&#039;s Blade: Gyokuza wo Tsugu Mono,"Action, Adventure, Ecchi, Fantasy",TV,12,31256
52726,2235,-1,Mizu no Kotoba,"Drama, Psychological, Sci-Fi",Special,1,15958
40344,14289,10,Sukitte Ii na yo.,"Romance, School, Shoujo",TV,13,233410
71474,10087,-1,Fate/Zero,"Action, Fantasy, Supernatural",TV,13,453630
6067,6399,8,Higashi no Eden: Falling Down,Music,Music,1,9881
68473,14829,9,Fate/kaleid liner Prisma☆Illya,"Action, Comedy, Fantasy, Magic",TV,10,100392
15342,9919,10,Ao no Exorcist,"Action, Demons, Fantasy, Shounen, Supernatural",TV,25,583823
32359,11981,10,Mahou Shoujo Madoka★Magica Movie 3: Hangyaku no Monogatari,"Drama, Magic, Psychological, Thriller",Movie,1,135735
15782,16918,7,Gin no Saji,"Comedy, School, Shounen, Slice of Life",TV,11,116261
51848,14583,-1,Rinne no Lagrange Specials,Comedy,Special,6,3291
31195,2025,10,Darker than Black: Kuro no Keiyakusha,"Action, Mystery, Sci-Fi, Super Power",TV,25,440334
26175,17,7,Hungry Heart: Wild Striker,"Comedy, Shounen, Slice of Life, Sports",TV,52,13469
53528,3467,6,Nogizaka Haruka no Himitsu,"Comedy, Romance",TV,12,80820
38980,3446,8,Biohazard: Degeneration,"Action, Horror, Sci-Fi",Movie,1,20172
32486,355,10,Shakugan no Shana,"Action, Drama, Fantasy, Romance, School, Supernatural",TV,24,297058
30672,10737,6,A-Channel: +A-Channel,"Comedy, School, Seinen, Slice of Life",Special,11,12631
40125,4214,-1,Rosario to Vampire Capu2,"Comedy, Ecchi, Fantasy, Harem, Romance, School, Vampire",TV,13,203958
44090,9989,8,Ano Hi Mita Hana no Namae wo Bokutachi wa Mada Shiranai.,"Drama, Slice of Life, Supernatural",TV,11,463835
19855,30187,8,Sakurako-san no Ashimoto ni wa Shitai ga Umatteiru,Mystery,TV,12,99665
56595,9919,9,Ao no Exorcist,"Action, Demons, Fantasy, Shounen, Supernatural",TV,25,583823
47385,1808,8,Kamichama Karin,"Comedy, Fantasy, Magic, Romance, School, Shoujo",TV,26,30747
17331,20,6,Naruto,"Action, Comedy, Martial Arts, Shounen, Super Power",TV,220,683297
6771,833,7,Choujuushin Gravion,"Action, Comedy, Mecha, Sci-Fi, Shounen",TV,13,8364
57487,16498,9,Shingeki no Kyojin,"Action, Drama, Fantasy, Shounen, Super Power",TV,25,896229
52499,4874,5,Pokemon: Pikachu no Fuyuyasumi,"Adventure, Comedy, Fantasy, Kids",OVA,2,8135
38472,8894,-1,Yume-iro Pâtissière: Mune Kyun Tropical Island!,"Kids, School, Shoujo",Special,1,5984
26288,1303,-1,The Animatrix,"Action, Drama, Sci-Fi",OVA,9,42831
32733,12967,6,Arcana Famiglia,"Action, Harem, Romance, Shoujo",TV,12,106391
45828,357,7,Bokusatsu Tenshi Dokuro-chan,"Comedy, Ecchi, Magic",OVA,4,117080
66200,1048,6,The SoulTaker: Tamashii-gari,"Demons, Horror, Supernatural",TV,13,15796
25557,957,8,Saiunkoku Monogatari,"Adventure, Comedy, Drama, Fantasy, Historical, Romance",TV,39,50951
7581,4382,3,Suzumiya Haruhi no Yuuutsu (2009),"Comedy, Mystery, Parody, Romance, School, Sci-Fi, Slice of Life",TV,14,243448
27730,14407,8,Persona 3 the Movie 1: Spring of Birth,"Action, Fantasy, Seinen, Supernatural",Movie,1,45568
71235,16592,-1,Danganronpa: Kibou no Gakuen to Zetsubou no Koukousei The Animation,"Action, Horror, Mystery, Psychological",TV,13,298550
56710,10620,9,Mirai Nikki (TV),"Action, Mystery, Psychological, Shounen, Supernatural, Thriller",TV,26,657190
69833,32998,8,91 Days,"Action, Drama, Historical",TV,12,140604
49511,5262,-1,Shugo Chara!! Doki,"Comedy, Magic, School, Shoujo",TV,51,60384
5538,20,9,Naruto,"Action, Comedy, Martial Arts, Shounen, Super Power",TV,220,683297
39523,18523,-1,Senyuu. 2,"Action, Comedy, Fantasy, Parody, Shounen",TV,13,30726
5630,2205,8,Bakuretsu Tenshi: Infinity,"Action, Comedy, Mecha, Sci-Fi, Shounen",OVA,1,11734
66936,20787,9,Black Bullet,"Action, Mystery, Sci-Fi, Seinen",TV,13,320267
27869,1015,8,Full Metal Panic! The Second Raid: Wari to Hima na Sentaichou no Ichinichi,Comedy,Special,1,51688
71529,1216,5,Boku wa Konomama Kaeranai,"Drama, Romance, Shounen Ai",OVA,1,6148
49557,189,6,Love Hina,"Comedy, Ecchi, Harem, Romance, Shounen, Slice of Life",TV,24,156627
35032,16742,8,Watashi ga Motenai no wa Dou Kangaetemo Omaera ga Warui!,"Comedy, School, Shounen, Slice of Life",TV,12,257925
65747,6045,-1,Kimi ni Todoke,"Romance, School, Shoujo, Slice of Life",TV,25,309339
63796,6702,9,Fairy Tail,"Action, Adventure, Comedy, Fantasy, Magic, Shounen",TV,175,584590
38479,10464,9,Seitokai no Ichizon Lv.2,"Comedy, Harem, Parody, School",ONA,10,41169
73128,356,-1,Fate/stay night,"Action, Fantasy, Magic, Romance, Supernatural",TV,24,374880
49665,77,8,Mahou Shoujo Lyrical Nanoha A&#039;s,"Action, Comedy, Drama, Magic, Super Power",TV,13,41685
11672,4280,8,Kara no Kyoukai 4: Garan no Dou,"Action, Mystery, Supernatural, Thriller",Movie,1,103600
26261,5081,-1,Bakemonogatari,"Mystery, Romance, Supernatural, Vampire",TV,15,482268
7785,1568,5,Sumomomo Momomo: Chijou Saikyou no Yome,"Comedy, Martial Arts, Romance",TV,22,31385
28680,2889,9,Bleach Movie 2: The DiamondDust Rebellion - Mou Hitotsu no Hyourinmaru,"Action, Adventure, Shounen, Supernatural",Movie,1,134739
50289,1088,8,Macross,"Action, Mecha, Military, Music, Romance, Sci-Fi, Space",TV,36,44157
51032,20,7,Naruto,"Action, Comedy, Martial Arts, Shounen, Super Power",TV,220,683297
10350,8840,7,Senkou no Night Raid: Yogen,"Action, Historical, Military, Super Power",Special,1,2752
49953,1088,7,Macross,"Action, Mecha, Military, Music, Romance, Sci-Fi, Space",TV,36,44157
39185,777,8,Hellsing Ultimate,"Action, Horror, Military, Seinen, Supernatural, Vampire",OVA,10,297454
47995,4654,8,Toaru Majutsu no Index,"Action, Magic, Sci-Fi, Super Power",TV,24,313114
35840,7769,7,Ookami-san to Shichinin no Nakama-tachi,"Comedy, Parody, Romance",TV,12,145982
3200,22319,9,Tokyo Ghoul,"Action, Drama, Horror, Mystery, Psychological, Seinen, Supernatural",TV,12,618056
67429,2472,10,Naruto: Shippuuden Movie 1,"Action, Adventure, Comedy, Fantasy, Shounen",Movie,1,108170
23905,877,8,Nana,"Comedy, Drama, Music, Romance, Shoujo, Slice of Life",TV,47,197256
28550,2167,9,Clannad,"Comedy, Drama, Romance, School, Slice of Life, Supernatural",TV,23,566690
65737,731,8,Interstella5555: The 5tory of The 5ecret 5tar 5ystem,"Adventure, Drama, Music, Sci-Fi",Music,1,31464
18078,11757,2,Sword Art Online,"Action, Adventure, Fantasy, Game, Romance",TV,25,893100
28954,8425,9,Gosick,"Drama, Historical, Mystery, Romance",TV,24,232113
36463,900,-1,Dragon Ball Z Movie 07: Kyokugen Battle!! Sandai Super Saiyajin,"Adventure, Comedy, Fantasy, Sci-Fi, Shounen",Movie,1,52690
38868,22789,7,Barakamon,"Comedy, Slice of Life",TV,12,225927
45562,21843,8,Shingeki no Bahamut: Genesis,"Action, Adventure, Demons, Fantasy, Magic, Supernatural",TV,12,143701
12747,208,9,R.O.D OVA,"Action, Adventure, Historical, Magic, Mystery, Sci-Fi",OVA,3,41701
28770,996,9,Bishoujo Senshi Sailor Moon: Sailor Stars,"Adventure, Comedy, Drama, Fantasy, Magic, Romance, Shoujo",TV,34,52586
23286,372,10,Cardcaptor Sakura Movie 2: Fuuin Sareta Card,"Comedy, Drama, Fantasy, Magic, Romance, Shoujo",Movie,1,60637
1722,1575,9,Code Geass: Hangyaku no Lelouch,"Action, Mecha, Military, School, Sci-Fi, Super Power",TV,25,715151
35486,11739,9,Kimi to Boku. 2,"Comedy, Drama, Romance, School, Shounen, Slice of Life",TV,13,44564
29285,916,7,Tokkou,"Action, Comedy, Horror, Mystery, Police, Supernatural",TV,13,30836
26903,225,6,Dragon Ball GT,"Action, Adventure, Comedy, Fantasy, Magic, Sci-Fi, Shounen, Super Power",TV,64,226625
60632,2248,10,Naruto: Dai Katsugeki!! Yuki Hime Shinobu Houjou Dattebayo! Special: Konoha Annual Sports Festival,"Action, Comedy, Fantasy, Martial Arts, Shounen, Sports",Special,1,47988
25903,3674,7,Sayonara Zetsubou Sensei Jo: Zetsubou Shoujo Senshuu,"Comedy, Parody, School",Special,1,12097
27432,72,8,Full Metal Panic? Fumoffu,"Action, Comedy, School",TV,12,171086
25326,4224,6,Toradora!,"Comedy, Romance, School, Slice of Life",TV,25,633817
40643,11757,6,Sword Art Online,"Action, Adventure, Fantasy, Game, Romance",TV,25,893100
54586,563,7,DNA²,"Comedy, Romance, Sci-Fi",TV,12,23140
71360,2216,8,Shigurui,"Action, Drama, Historical, Martial Arts, Samurai, Seinen",TV,12,50091
12602,19191,-1,Ghost in the Shell: Arise - Border:2 Ghost Whispers,"Mecha, Police, Psychological, Sci-Fi",Movie,1,24880
71370,9136,-1,Kuroshitsuji II Specials,"Comedy, Fantasy, Parody, Shounen, Supernatural",Special,6,60899
41785,11021,7,Muv-Luv Alternative: Total Eclipse,"Action, Mecha, Military, Sci-Fi",TV,24,55531
43747,8481,-1,&quot;Bungaku Shoujo&quot; Memoire,"Drama, Romance, School",OVA,3,18013
48605,7059,7,Black★Rock Shooter (OVA),"Action, Drama, School, Slice of Life",OVA,1,130665
51887,6064,7,Higurashi no Naku Koro ni Kai Specials,"Comedy, Parody",Special,24,28216
31849,22507,10,Initial D Final Stage,"Cars, Seinen, Sports",TV,4,19702
29410,121,-1,Fullmetal Alchemist,"Action, Adventure, Comedy, Drama, Fantasy, Magic, Military, Shounen",TV,51,600384
21571,1880,6,Midnight Eye: Gokuu II,"Action, Adventure, Mystery, Sci-Fi, Seinen, Super Power",OVA,1,1688
21307,479,5,The Law of Ueki,"Adventure, Comedy, Drama, Shounen, Supernatural",TV,51,60027
41818,154,9,Shaman King,"Action, Adventure, Comedy, Drama, Shounen, Supernatural",TV,64,169517
59673,1818,6,Claymore,"Action, Adventure, Demons, Fantasy, Shounen, Super Power, Supernatural",TV,26,316853
10324,2107,4,One Piece Movie 8: Episode of Alabasta - Sabaku no Oujo to Kaizoku-tachi,"Action, Adventure, Fantasy, Shounen",Movie,1,31909
4362,11577,10,Steins;Gate Movie: Fuka Ryouiki no Déjà vu,"Sci-Fi, Thriller",Movie,1,192424
54252,1335,-1,Ghost in the Shell: Stand Alone Complex - Tachikoma na Hibi,"Comedy, Mecha, Sci-Fi",Special,26,18178
38676,2993,8,Rosario to Vampire,"Comedy, Ecchi, Fantasy, Harem, Romance, School, Shounen, Vampire",TV,13,299278
69342,31964,10,Boku no Hero Academia,"Action, Comedy, School, Shounen, Super Power",TV,13,282002
66021,16706,-1,Kami nomi zo Shiru Sekai: Megami-hen,"Comedy, Harem, Romance, Shounen, Supernatural",TV,12,142612
7489,1361,6,Final Fantasy: The Spirits Within,Sci-Fi,Movie,1,53822
51075,1002,8,Top wo Nerae 2! Diebuster,"Action, Comedy, Mecha, Sci-Fi, Space",OVA,6,38691
55640,32551,8,Digimon Adventure tri. 3: Kokuhaku,"Action, Adventure, Comedy, Drama",Movie,1,20989
69937,19815,9,No Game No Life,"Adventure, Comedy, Ecchi, Fantasy, Game, Supernatural",TV,12,602291
44913,8408,8,Durarara!! Specials,"Action, Comedy, Supernatural",Special,2,103105
21379,2923,-1,Shugo Chara!,"Comedy, Magic, School, Shoujo",TV,51,121108
34520,3506,7,Connected,"Dementia, Music, Sci-Fi",Music,1,2697
51565,569,9,Musekinin Kanchou Tylor,"Comedy, Military, Parody, Sci-Fi, Space",TV,26,19841
56082,543,8,Vampire Hunter D (2000),"Action, Drama, Fantasy, Horror, Romance, Sci-Fi, Vampire",Movie,1,68229
34483,10638,7,Denpa Onna to Seishun Otoko Special,"Comedy, Sci-Fi, Seinen",Special,1,34723
19243,10918,10,Kowarekake no Orgel (Movie),"Drama, Music, Sci-Fi, Slice of Life",Movie,1,9404
3949,8407,8,Sora no Otoshimono: Forte,"Comedy, Ecchi, Harem, Romance, Sci-Fi, Shounen, Supernatural",TV,12,146697
11069,1089,10,Macross: Do You Remember Love?,"Action, Mecha, Military, Music, Romance, Sci-Fi, Space",Movie,1,19240
22815,10294,8,Towa no Quon 1: Utakata no Kaben,"Action, Super Power, Supernatural",Movie,1,33550
58359,15225,7,Hentai Ouji to Warawanai Neko.,"Comedy, Harem, Romance, School, Seinen, Supernatural",TV,12,201735
43659,15109,8,Cuticle Tantei Inaba,"Action, Comedy, Mystery, Shounen, Supernatural",TV,12,50019
59299,1581,8,Gift: Eternal Rainbow,"Comedy, Drama, Harem, Magic, Romance, School",TV,12,21979
40472,513,-1,Tenkuu no Shiro Laputa,"Adventure, Fantasy, Romance, Sci-Fi",Movie,1,151061
11492,1140,8,Giniro no Kami no Agito,"Adventure, Drama, Fantasy, Romance, Sci-Fi",Movie,1,45084
70004,19653,10,Neppuu Kairiku Bushi Road,"Action, Fantasy, Mecha, Sci-Fi",Special,1,19967
2378,24751,7,Akuma no Riddle: Shousha wa Dare? Nukiuchi Test,"Action, Comedy, Ecchi, Shoujo Ai",Special,1,19147
53982,27991,7,K: Return of Kings,"Action, Super Power, Supernatural",TV,13,114904
62856,31848,7,Ojisan to Marshmallow,"Comedy, Slice of Life",TV,12,31005
60780,1313,8,Digimon Adventure 02,"Action, Adventure, Comedy, Drama, Fantasy, Kids",TV,50,120268
39215,12467,8,Nazo no Kanojo X,"Ecchi, Romance, School, Seinen",TV,13,99788
60721,9675,7,Kami nomi zo Shiru Sekai: Flag 0,"Comedy, Shounen, Supernatural",OVA,1,35753
60491,7,9,Witch Hunter Robin,"Action, Drama, Magic, Mystery, Police, Supernatural",TV,26,64905
30258,12753,5,Phi Brain: Kami no Puzzle - Orpheus Order-hen,"Action, Game, Mystery, Shounen",TV,25,29878
1761,4835,8,Bleach Movie 3: Fade to Black - Kimi no Na wo Yobu,"Action, Comedy, Shounen, Super Power, Supernatural",Movie,1,122373
37588,4081,10,Natsume Yuujinchou,"Drama, Fantasy, Shoujo, Slice of Life, Supernatural",TV,13,210736
49114,1722,9,Nagasarete Airantou,"Comedy, Ecchi, Fantasy, Harem, Romance",TV,26,52817
12727,9712,-1,Maria†Holic Alive,"Comedy, Parody, School, Shoujo Ai",TV,12,40502
7622,7724,9,Shiki,"Mystery, Supernatural, Thriller, Vampire",TV,22,251093
35571,11633,7,Blood Lad,"Action, Comedy, Demons, Seinen, Supernatural, Vampire",TV,10,241513
22649,15751,7,Senyuu.,"Action, Comedy, Fantasy, Parody, Shounen",TV,13,56815
62510,2787,7,Shakugan no Shana II (Second),"Action, Drama, Fantasy, Romance, School, Supernatural",TV,24,184525
46196,741,-1,Sensitive Pornograph,"Comedy, Drama, Hentai, Romance, Yaoi",OVA,1,27518
48447,64,9,Rozen Maiden,"Action, Comedy, Drama, Magic, Seinen",TV,12,128688
1245,5680,9,K-On!,"Comedy, Music, School, Slice of Life",TV,13,386048
6014,2104,-1,Seto no Hanayome,"Comedy, Parody, Romance, School",TV,26,165008
64803,226,9,Elfen Lied,"Action, Drama, Horror, Psychological, Romance, Seinen, Supernatural",TV,13,623511
47983,32553,7,Nisekoi: OVA,"Comedy, Harem, Romance, School, Shounen",OVA,2,17022
22471,5220,-1,Shangri-La,"Action, Drama, Sci-Fi",TV,24,38495
24148,8525,-1,Kami nomi zo Shiru Sekai,"Comedy, Harem, Romance, Shounen, Supernatural",TV,12,284846
20137,14467,7,K,"Action, Super Power, Supernatural",TV,13,297051
32621,26449,8,Akame ga Kill! Recap,"Action, Adventure, Fantasy",Special,1,11965
33944,19669,7,Kuroko no Basket: Baka ja Katenai no yo!,"Comedy, School, Shounen, Sports",OVA,1,26785
10261,167,8,Scrapped Princess,"Adventure, Comedy, Drama, Fantasy, Mecha, Sci-Fi, Shounen",TV,24,54575
6035,71,9,Full Metal Panic!,"Action, Comedy, Mecha, Military, Sci-Fi",TV,24,256325
53959,217,7,Shin Angel,"Comedy, Drama, Hentai, Romance",OVA,5,1420
19502,1530,10,Kanon (2006),"Drama, Romance, Slice of Life, Supernatural",TV,24,163171
34146,15809,9,Hataraku Maou-sama!,"Comedy, Demons, Fantasy, Romance, Shounen",TV,13,409037
17185,21329,10,Mushishi Special: Hihamukage,"Adventure, Fantasy, Historical, Mystery, Seinen, Slice of Life, Supernatural",Special,1,49036
14933,10611,9,R-15,"Comedy, Ecchi, Harem, Romance, School",TV,12,53617
33119,8917,7,Mouretsu Pirates,"Sci-Fi, Space",TV,26,48245
59645,28297,-1,Ore Monogatari!!,"Comedy, Romance, Shoujo",TV,24,200833
6586,6213,8,Toaru Kagaku no Railgun,"Action, Sci-Fi, Super Power",TV,24,231079
58050,7674,9,Bakuman.,"Comedy, Romance, Shounen",TV,25,246899
58522,849,7,Suzumiya Haruhi no Yuuutsu,"Comedy, Mystery, Parody, School, Sci-Fi, Slice of Life",TV,14,428569
24282,1965,8,Sola,"Drama, Romance, Slice of Life, Supernatural",TV,13,71172
57749,2402,10,Ashita no Joe,"Drama, Sports",TV,79,15442
32339,10681,7,Blood-C: The Last Dark,"Action, Horror, Supernatural, Vampire",Movie,1,37925
4379,15451,10,High School DxD New,"Action, Comedy, Demons, Ecchi, Harem, Romance, School",TV,12,266657
51344,2993,8,Rosario to Vampire,"Comedy, Ecchi, Fantasy, Harem, Romance, School, Shounen, Vampire",TV,13,299278
6710,981,8,Ichigo 100% OVA,"Comedy, Ecchi, Harem, Romance, School, Shounen",OVA,4,19508
18996,20,9,Naruto,"Action, Comedy, Martial Arts, Shounen, Super Power",TV,220,683297
22459,1208,8,Tatsu no Ko Tarou,"Adventure, Demons, Fantasy, Historical",Movie,1,1850
5783,6023,10,Nogizaka Haruka no Himitsu: Purezza,"Comedy, Ecchi, Romance",TV,12,45161
1290,431,-1,Howl no Ugoku Shiro,"Adventure, Drama, Fantasy, Romance",Movie,1,333186
55584,933,7,Dai Mahou Touge,"Comedy, Magic, Supernatural",OVA,4,19555
47253,30375,9,Starmyu,"Music, School, Slice of Life",TV,12,21032
24101,11123,7,Sekaiichi Hatsukoi 2,"Comedy, Drama, Romance, Shounen Ai",TV,12,69253
54248,174,-1,Tenjou Tenge,"Action, Comedy, Ecchi, Martial Arts, School, Shounen, Super Power",TV,24,103449
47895,9936,9,Maken-Ki!,"Action, Ecchi, Harem, Martial Arts, School, Super Power",TV,12,104182
7751,237,9,Eureka Seven,"Adventure, Drama, Mecha, Romance, Sci-Fi",TV,50,239570
35921,18679,10,Kill la Kill,"Action, Comedy, School, Super Power",TV,24,508118
3948,322,7,Paradise Kiss,"Comedy, Drama, Josei, Romance, Slice of Life",TV,12,86380
45270,28285,-1,Trinity Seven OVA,"Action, Comedy, Ecchi, Fantasy, Harem, Magic, Romance, School, Supernatural",OVA,1,38197
48260,482,10,Yu☆Gi☆Oh!: Duel Monsters GX,"Action, Comedy, Fantasy, Game, Shounen",TV,180,74331
71698,12149,-1,AKB0048,"Music, Sci-Fi",TV,13,37763
17157,5690,-1,Nodame Cantabile Finale,"Comedy, Josei, Music, Romance",TV,11,67697
70537,16894,10,Kuroko no Basket 2nd Season,"Comedy, School, Shounen, Sports",TV,25,243325
49512,1894,4,Yu☆Gi☆Oh!: Hikari no Pyramid,"Adventure, Comedy, Fantasy, Game",Movie,1,37398
7367,49,6,Aa! Megami-sama!,"Comedy, Magic, Romance, Seinen, Supernatural",OVA,5,34590
35199,20913,6,6♥Princess,"Magic, Music",Music,1,1807
25353,8247,7,Bleach Movie 4: Jigoku-hen,"Action, Comedy, Shounen, Super Power, Supernatural",Movie,1,94074
29831,21995,8,Ao Haru Ride,"Comedy, Drama, Romance, School, Shoujo, Slice of Life",TV,12,227417
56150,2034,9,Lovely★Complex,"Comedy, Romance, Shoujo",TV,24,235003
71944,5265,7,Mega Man,"Action, Adventure, Comedy",TV,27,3263
7751,9925,-1,Amagami SS: Tachibana Miya-hen - Imouto,School,Special,1,31019
26547,9888,-1,Shinryaku! Ika Musume Specials,Comedy,Special,2,14497
41966,3326,6,Inaka Isha,"Dementia, Drama, Historical, Psychological",Movie,1,10030
3793,1818,-1,Claymore,"Action, Adventure, Demons, Fantasy, Shounen, Super Power, Supernatural",TV,26,316853
66166,18229,6,Gatchaman Crowds,"Adventure, Sci-Fi",TV,12,107513
58330,6201,6,Princess Lover!,"Comedy, Ecchi, Harem, School",TV,12,104098
54290,16417,6,Tamako Market,"Comedy, Slice of Life",TV,12,128529
57706,32,10,Neon Genesis Evangelion: The End of Evangelion,"Dementia, Drama, Mecha, Psychological, Sci-Fi",Movie,1,215630
43625,15117,8,Kami nomi zo Shiru Sekai: Tenri-hen,"Comedy, Harem, Romance, Shounen, Supernatural",OVA,2,68623
8173,6594,9,Katanagatari,"Action, Adventure, Historical, Martial Arts, Romance",TV,12,207241
22950,22877,6,Seirei Tsukai no Blade Dance,"Action, Comedy, Ecchi, Fantasy, Harem, Romance, School, Supernatural",TV,12,124448
18226,21439,-1,Uta no☆Prince-sama♪ Maji Love Revolutions,"Comedy, Harem, Music, Romance, School, Shoujo",TV,13,27997
54699,10087,-1,Fate/Zero,"Action, Fantasy, Supernatural",TV,13,453630
32449,8676,9,Amagami SS,"Comedy, Romance, School, Slice of Life",TV,25,157223
28450,16918,9,Gin no Saji,"Comedy, School, Shounen, Slice of Life",TV,11,116261
48664,19775,10,Sidonia no Kishi,"Action, Mecha, Sci-Fi, Seinen, Space",TV,12,118341
17601,29786,9,Shimoneta to Iu Gainen ga Sonzai Shinai Taikutsu na Sekai,"Comedy, Ecchi, School",TV,12,193822
23196,269,9,Bleach,"Action, Comedy, Shounen, Super Power, Supernatural",TV,366,624055
23538,3230,7,Druaga no Tou: The Aegis of Uruk,"Adventure, Comedy, Fantasy",TV,12,69683
13307,1074,-1,Naruto Narutimate Hero 3: Tsuini Gekitotsu! Jounin vs. Genin!! Musabetsu Dairansen taikai Kaisai!!,"Adventure, Comedy, Game, Shounen",OVA,1,45188
32702,10671,8,Morita-san wa Mukuchi.,"Comedy, School, Slice of Life",TV,13,15046
69691,31964,10,Boku no Hero Academia,"Action, Comedy, School, Shounen, Super Power",TV,13,282002
28630,30503,-1,Noragami Aragoto,"Action, Adventure, Shounen, Supernatural",TV,13,299434
57638,12413,8,Jormungand,"Action, Adventure, Seinen",TV,12,137610
39021,1546,7,Negima!?,"Adventure, Comedy, Ecchi, Fantasy, Harem, Magic, Romance, School, Supernatural",TV,26,44009
45296,14283,5,Vividred Operation,"Action, Ecchi, Sci-Fi",TV,12,45869
55582,98,10,Mai-HiME,"Action, Comedy, Drama, Fantasy, Magic, Mecha, Romance, School, Shoujo Ai",TV,26,76492
49078,16001,-1,Kokoro Connect: Michi Random,"Comedy, Drama, Romance, School, Slice of Life, Supernatural",Special,4,106989
35747,18897,-1,Nisekoi,"Comedy, Harem, Romance, School, Shounen",TV,20,347599
52101,2961,7,Digimon Adventure Movie,"Action, Fantasy, Kids, Sci-Fi",Movie,1,60753
5847,5734,-1,Tayutama: Kiss on My Deity,"Harem, Romance, Supernatural",TV,12,43288
7716,195,8,Onegai☆Teacher,"Comedy, Drama, Romance, School, Sci-Fi",TV,12,99558
24346,11123,7,Sekaiichi Hatsukoi 2,"Comedy, Drama, Romance, Shounen Ai",TV,12,69253
35488,10079,8,Hoshizora e Kakaru Hashi,"Comedy, Ecchi, Harem, Romance, School",TV,12,85178
20593,3731,-1,Itazura na Kiss,"Comedy, Romance, Shoujo",TV,25,136279
27094,1530,6,Kanon (2006),"Drama, Romance, Slice of Life, Supernatural",TV,24,163171
40018,275,6,Love♥Love?,"Comedy, Ecchi, Harem, Romance",TV,9,15114
68496,1698,10,Nodame Cantabile,"Comedy, Drama, Josei, Music, Romance, Slice of Life",TV,23,157025
7274,830,9,Sexfriend,Hentai,OVA,2,9174
10852,11061,10,Hunter x Hunter (2011),"Action, Adventure, Shounen, Super Power",TV,148,425855
28433,7858,8,Sora no Otoshimono: Project Pink,"Comedy, Ecchi, Harem, Sci-Fi, Shounen, Supernatural",OVA,1,61903
45899,134,6,Gunslinger Girl,"Action, Drama, Military, Psychological, Sci-Fi",TV,13,106865
9992,23199,-1,Durarara!!x2 Shou,"Action, Mystery, Supernatural",TV,12,189407
2257,16498,-1,Shingeki no Kyojin,"Action, Drama, Fantasy, Shounen, Super Power",TV,25,896229
62177,1041,9,Zetsuai 1989,"Drama, Music, Romance, Sports, Yaoi",OVA,1,7117
39396,29803,-1,Overlord,"Action, Adventure, Fantasy, Game, Magic, Supernatural",TV,13,244268
49896,1240,7,Bishoujo Senshi Sailor Moon SuperS: Sailor 9 Senshi Shuuketsu! Black Dream Hole no Kiseki,"Drama, Magic, Shoujo",Movie,1,24968
55953,22199,9,Akame ga Kill!,"Action, Adventure, Fantasy",TV,24,492133
47849,586,5,Ayakashi: Japanese Classic Horror,"Fantasy, Historical, Horror",TV,11,34938
51657,9724,7,Break Blade 5: Shisen no Hate,"Action, Mecha, Military, Shounen",Movie,1,40053
65424,20787,9,Black Bullet,"Action, Mystery, Sci-Fi, Seinen",TV,13,320267
1623,6746,8,Durarara!!,"Action, Mystery, Supernatural",TV,24,556431
62915,1195,10,Zero no Tsukaima,"Action, Adventure, Comedy, Ecchi, Fantasy, Harem, Magic, Romance, School",TV,13,346828
58210,79,6,Shuffle!,"Comedy, Drama, Ecchi, Fantasy, Harem, Magic, Romance, School, Seinen",TV,24,158772
4140,150,9,Blood+,"Action, Drama, Horror, Military, Mystery, Supernatural, Vampire",TV,50,208321
19439,412,6,Kore ga Watashi no Goshujinsama,"Comedy, Ecchi, Slice of Life",TV,12,57646
2660,18897,9,Nisekoi,"Comedy, Harem, Romance, School, Shounen",TV,20,347599
37648,15195,9,Hetalia: The Beautiful World,"Comedy, Historical, Parody",ONA,20,34960
26511,15783,6,Lupin III: Touhou Kenbunroku - Another Page,"Action, Adventure, Comedy, Mystery, Shounen",Special,1,1773
36569,18001,9,Freezing Vibration,"Action, Drama, Ecchi, Harem, Martial Arts, Military, Romance, Sci-Fi, Seinen",TV,12,79298
25354,23753,5,Kishin Houkou Demonbane (TV) Specials,"Magic, Mecha, Sci-Fi, Supernatural",Special,2,571
67214,381,5,Fushigi Yuugi OVA 2,"Adventure, Drama, Fantasy, Historical, Martial Arts, Romance, Shoujo",OVA,6,13508
29081,6702,10,Fairy Tail,"Action, Adventure, Comedy, Fantasy, Magic, Shounen",TV,175,584590
16495,3002,7,Gyakkyou Burai Kaiji: Ultimate Survivor,"Game, Psychological, Seinen, Thriller",TV,26,98996
73406,584,8,Noein: Mou Hitori no Kimi e,"Adventure, Drama, Sci-Fi, Slice of Life",TV,24,56244
51904,1575,9,Code Geass: Hangyaku no Lelouch,"Action, Mecha, Military, School, Sci-Fi, Super Power",TV,25,715151
56418,11553,-1,Toradora!: Bentou no Gokui,"Comedy, Romance, School, Slice of Life",Special,1,71433
17962,793,8,xxxHOLiC Movie: Manatsu no Yoru no Yume,"Comedy, Drama, Mystery, Psychological, Supernatural",Movie,1,41547
21507,10073,8,Seikon no Qwaser II,"Action, Ecchi, Seinen, Super Power, Supernatural",TV,12,64168
66385,6707,-1,Kuroshitsuji II,"Action, Comedy, Demons, Fantasy, Shounen, Supernatural",TV,12,234955
6836,28755,8,Boruto: Naruto the Movie,"Action, Comedy, Martial Arts, Shounen, Super Power",Movie,1,74690
31186,20939,-1,"Ore no Nounai Sentakushi ga, Gakuen Love Comedy wo Zenryoku de Jama Shiteiru OVA","Comedy, Romance, School",OVA,1,35583
56503,880,6,Aa! Megami-sama!: Sorezore no Tsubasa,"Comedy, Magic, Romance, Seinen, Supernatural",TV,22,42026
13278,2472,7,Naruto: Shippuuden Movie 1,"Action, Adventure, Comedy, Fantasy, Shounen",Movie,1,108170
48536,9587,-1,Oniichan no Koto nanka Zenzen Suki ja Nai n da kara ne!!,"Comedy, Ecchi, Harem, Romance",TV,12,51637
67082,8408,7,Durarara!! Specials,"Action, Comedy, Supernatural",Special,2,103105
13409,11757,6,Sword Art Online,"Action, Adventure, Fantasy, Game, Romance",TV,25,893100
29453,6954,7,Kara no Kyoukai: Shuushou,Mystery,Special,1,45718
60301,2787,10,Shakugan no Shana II (Second),"Action, Drama, Fantasy, Romance, School, Supernatural",TV,24,184525
15522,10793,9,Guilty Crown,"Action, Drama, Sci-Fi, Super Power",TV,22,460959
22906,149,-1,Loveless,"Action, Drama, Fantasy, Mystery, Romance, Shoujo, Shounen Ai, Supernatural",TV,12,85554
63925,11061,9,Hunter x Hunter (2011),"Action, Adventure, Shounen, Super Power",TV,148,425855
7623,4898,10,Kuroshitsuji,"Action, Comedy, Demons, Fantasy, Historical, Shounen, Supernatural",TV,24,424919
65108,18295,2,Kakumeiki Valvrave 2nd Season,"Action, Mecha, Space",TV,12,57434
27096,269,3,Bleach,"Action, Comedy, Shounen, Super Power, Supernatural",TV,366,624055
26641,7817,8,B Gata H Kei,"Comedy, Ecchi, Romance, School, Seinen",TV,12,192719
51237,30,6,Neon Genesis Evangelion,"Action, Dementia, Drama, Mecha, Psychological, Sci-Fi",TV,26,461946
59536,1132,8,Digimon Frontier,"Action, Adventure, Comedy, Drama, Fantasy, Shounen",TV,50,74929
40828,512,10,Majo no Takkyuubin,"Adventure, Comedy, Drama, Fantasy, Magic, Romance",Movie,1,152331
49231,656,9,Air in Summer,"Comedy, Drama, Historical, Romance, Supernatural",Special,2,29514
46040,3783,9,Kara no Kyoukai 3: Tsuukaku Zanryuu,"Action, Drama, Mystery, Supernatural, Thriller",Movie,1,108720
16061,13599,8,Robotics;Notes,"Drama, Mystery, School, Sci-Fi",TV,22,107304
59801,1589,8,Bartender,"Drama, Seinen, Slice of Life",TV,11,44394
8107,790,9,Ergo Proxy,"Mystery, Psychological, Sci-Fi",TV,23,265005
59482,2025,7,Darker than Black: Kuro no Keiyakusha,"Action, Mystery, Sci-Fi, Super Power",TV,25,440334
45408,71,9,Full Metal Panic!,"Action, Comedy, Mecha, Military, Sci-Fi",TV,24,256325
22938,8424,7,MM!,"Comedy, Ecchi, Harem, School",TV,12,129672
65677,15451,10,High School DxD New,"Action, Comedy, Demons, Ecchi, Harem, Romance, School",TV,12,266657
49100,133,-1,Green Green,"Comedy, Ecchi, Romance, School, Slice of Life",TV,12,80562
43834,7805,-1,Baka to Test to Shoukanjuu: Mondai - Christmas ni Tsuite Kotae Nasai,"Comedy, Romance",ONA,1,28032
59628,356,5,Fate/stay night,"Action, Fantasy, Magic, Romance, Supernatural",TV,24,374880
31811,10110,8,Mayo Chiki!,"Comedy, Ecchi, Harem, Romance, School",TV,13,192219
65402,269,-1,Bleach,"Action, Comedy, Shounen, Super Power, Supernatural",TV,366,624055
40811,11703,7,Code:Breaker,"Action, Comedy, School, Shounen, Super Power, Supernatural",TV,13,135255
11024,1915,-1,Mahou Shoujo Lyrical Nanoha StrikerS,"Action, Comedy, Drama, Magic, Super Power",TV,26,35442
14190,11319,7,Zero no Tsukaima F,"Adventure, Ecchi, Fantasy, Magic, Romance",TV,12,174026
24520,4898,5,Kuroshitsuji,"Action, Comedy, Demons, Fantasy, Historical, Shounen, Supernatural",TV,24,424919
27362,6203,8,Sasameki Koto,"Comedy, Romance, School, Shoujo Ai",TV,13,34297
69620,10790,8,Kore wa Zombie Desu ka? of the Dead,"Action, Comedy, Ecchi, Harem, Magic, Supernatural",TV,10,180032
11993,14227,7,Tonari no Kaibutsu-kun,"Comedy, Romance, School, Shoujo, Slice of Life",TV,13,349836
11858,1818,6,Claymore,"Action, Adventure, Demons, Fantasy, Shounen, Super Power, Supernatural",TV,26,316853
26275,10396,7,Ben-To,"Action, Comedy, Martial Arts",TV,12,146570
60419,392,-1,Yuu☆Yuu☆Hakusho,"Action, Comedy, Demons, Fantasy, Martial Arts, School, Shounen",TV,112,195017
57679,199,10,Sen to Chihiro no Kamikakushi,"Adventure, Drama, Supernatural",Movie,1,466254
18024,17741,10,Kimi no Iru Machi,"Drama, Romance, Slice of Life",TV,12,63418
18486,19685,7,Kanojo ga Flag wo Oraretara,"Comedy, Harem, Romance, School",TV,13,74634
21380,4059,6,"Clannad: Mou Hitotsu no Sekai, Tomoyo-hen","Drama, Romance, School, Slice of Life",Special,1,160423
32380,11209,6,Maken-Ki! OVA,"Action, Ecchi, Harem, Martial Arts, School, Super Power",OVA,2,24386
50603,209,9,R.O.D the TV,"Action, Adventure, Comedy, Drama, Sci-Fi, Super Power",TV,26,47053
58623,750,7,Binchou-tan,"Comedy, Slice of Life",TV,12,6960
69854,9863,9,SKET Dance,"Comedy, School, Shounen",TV,77,101027
11295,226,9,Elfen Lied,"Action, Drama, Horror, Psychological, Romance, Seinen, Supernatural",TV,13,623511
32601,4181,10,Clannad: After Story,"Drama, Fantasy, Romance, Slice of Life, Supernatural",TV,24,456749
8245,4382,7,Suzumiya Haruhi no Yuuutsu (2009),"Comedy, Mystery, Parody, Romance, School, Sci-Fi, Slice of Life",TV,14,243448
25252,65,9,Rozen Maiden: Träumend,"Action, Comedy, Drama, Magic, Seinen",TV,12,72645
3051,1430,7,Lupin III: Cagliostro no Shiro,"Adventure, Comedy, Shounen",Movie,1,32732
73135,6068,3,Sensei no Ojikan: Doki Doki School Hours OVA,"Comedy, School",OVA,7,1441
10344,53,-1,Ai Yori Aoshi,"Comedy, Drama, Harem, Romance, Slice of Life",TV,24,66597
4134,15411,9,Arcana Famiglia: Capriccio - stile Arcana Famiglia,"Romance, Shoujo",OVA,1,12690
28100,30276,9,One Punch Man,"Action, Comedy, Parody, Sci-Fi, Seinen, Super Power, Supernatural",TV,12,552458
50002,5114,8,Fullmetal Alchemist: Brotherhood,"Action, Adventure, Drama, Fantasy, Magic, Military, Shounen",TV,64,793665
61031,9756,9,Mahou Shoujo Madoka★Magica,"Drama, Magic, Psychological, Thriller",TV,12,462974
61514,1066,9,Shakugan no Shana Specials,"Comedy, Parody",Special,4,27261
37923,6045,7,Kimi ni Todoke,"Romance, School, Shoujo, Slice of Life",TV,25,309339
21702,1535,4,Death Note,"Mystery, Police, Psychological, Supernatural, Thriller",TV,37,1013917
38672,27899,10,Tokyo Ghoul √A,"Action, Drama, Horror, Mystery, Psychological, Seinen, Supernatural",TV,12,408357
22010,13667,10,Naruto: Shippuuden Movie 6 - Road to Ninja,"Action, Adventure, Martial Arts, Shounen, Super Power",Movie,1,87369
63722,13851,7,To LOVE-Ru Darkness OVA,"Comedy, Ecchi, Harem, Romance, School, Sci-Fi, Shounen",OVA,6,57166
57447,99,8,Mai-Otome,"Comedy, Drama, Fantasy, Magic",TV,26,36924
34138,10790,9,Kore wa Zombie Desu ka? of the Dead,"Action, Comedy, Ecchi, Harem, Magic, Supernatural",TV,10,180032
17026,4477,6,Nodame Cantabile: Paris-hen,"Comedy, Josei, Music, Romance, Slice of Life",TV,11,70822
39745,249,5,InuYasha,"Action, Adventure, Comedy, Demons, Fantasy, Magic, Romance, Shounen, Supernatural",TV,167,281632
40781,13357,-1,High School DxD Specials,"Comedy, Demons, Ecchi, Harem, Romance, School",Special,6,75439
58128,226,10,Elfen Lied,"Action, Drama, Horror, Psychological, Romance, Seinen, Supernatural",TV,13,623511
60475,1530,10,Kanon (2006),"Drama, Romance, Slice of Life, Supernatural",TV,24,163171
68315,21995,7,Ao Haru Ride,"Comedy, Drama, Romance, School, Shoujo, Slice of Life",TV,12,227417
32708,10396,8,Ben-To,"Action, Comedy, Martial Arts",TV,12,146570
33027,223,9,Dragon Ball,"Adventure, Comedy, Fantasy, Martial Arts, Shounen, Super Power",TV,153,316102
65836,28211,8,Harmony,"Psychological, Sci-Fi",Movie,1,25245
58236,24,9,School Rumble,"Comedy, Romance, School, Shounen",TV,26,178553
14857,11319,5,Zero no Tsukaima F,"Adventure, Ecchi, Fantasy, Magic, Romance",TV,12,174026
43958,1943,9,Paprika,"Fantasy, Horror, Mystery, Psychological, Sci-Fi, Thriller",Movie,1,163308
58871,164,10,Mononoke Hime,"Action, Adventure, Fantasy",Movie,1,339556
60140,10351,-1,Tenchi Muyou! Ryououki 2nd Season Picture Drama,"Comedy, Sci-Fi, Shounen, Space",Special,1,3626
44352,9969,10,Gintama&#039;,"Action, Comedy, Historical, Parody, Samurai, Sci-Fi, Shounen",TV,51,151266
65350,8861,5,"Yosuga no Sora: In Solitude, Where We Are Least Alone.","Drama, Ecchi, Harem, Romance",TV,12,173216
72050,14967,9,Boku wa Tomodachi ga Sukunai Next,"Comedy, Harem, Romance, School, Seinen, Slice of Life",TV,12,214319
28532,6203,9,Sasameki Koto,"Comedy, Romance, School, Shoujo Ai",TV,13,34297
36418,19221,8,"Ore no Nounai Sentakushi ga, Gakuen Love Comedy wo Zenryoku de Jama Shiteiru","Comedy, Romance, School",TV,10,179569
34294,2001,8,Tengen Toppa Gurren Lagann,"Action, Adventure, Comedy, Mecha, Sci-Fi",TV,27,562962
13477,5525,8,07-Ghost,"Action, Demons, Fantasy, Magic, Military, Shoujo",TV,25,126083
24787,14527,-1,Medaka Box Abnormal,"Action, Comedy, Ecchi, Martial Arts, School, Shounen, Super Power",TV,12,66972
38970,584,10,Noein: Mou Hitori no Kimi e,"Adventure, Drama, Sci-Fi, Slice of Life",TV,24,56244
4565,11843,6,Danshi Koukousei no Nichijou,"Comedy, School, Shounen, Slice of Life",TV,12,258914
26822,3001,7,Moyashimon,"Comedy, School, Supernatural",TV,11,44465
52893,4672,-1,Ghost in the Shell 2.0,"Action, Mecha, Police, Psychological, Sci-Fi, Seinen",Movie,1,51789
32413,22101,7,Soredemo Sekai wa Utsukushii,"Adventure, Fantasy, Romance, Shoujo",TV,12,99462
20637,15451,6,High School DxD New,"Action, Comedy, Demons, Ecchi, Harem, Romance, School",TV,12,266657
35476,9515,5,Highschool of the Dead: Drifters of the Dead,"Comedy, Ecchi, Supernatural",OVA,1,140501
37080,269,10,Bleach,"Action, Comedy, Shounen, Super Power, Supernatural",TV,366,624055
17562,6547,9,Angel Beats!,"Action, Comedy, Drama, School, Supernatural",TV,13,717796
12909,15201,8,Code Geass: Boukoku no Akito 4 - Nikushimi no Kioku Kara,"Action, Mecha, Military",Movie,1,39669
28243,28297,10,Ore Monogatari!!,"Comedy, Romance, Shoujo",TV,24,200833
72990,120,9,Fruits Basket,"Comedy, Drama, Fantasy, Romance, Shoujo, Slice of Life",TV,26,242553
61036,1292,9,Afro Samurai,"Action, Adventure, Samurai",TV,5,135708
28793,3269,9,.hack//G.U. Trilogy,"Action, Fantasy, Game, Sci-Fi",Movie,1,22537
18308,29974,-1,"Diabolik Lovers More,Blood","Harem, School, Shoujo, Vampire",TV,12,37924
50981,3503,10,Kanokon,"Comedy, Ecchi, Harem, Romance, School, Shounen, Slice of Life, Supernatural",TV,12,122288
19124,8769,9,Ore no Imouto ga Konnani Kawaii Wake ga Nai,"Comedy, Seinen, Slice of Life",TV,12,321477
48209,30991,8,Himouto! Umaru-chan: Umaru-chan Mou Ikkai!,"Comedy, School, Seinen, Slice of Life",OVA,1,21413
66640,20359,7,Yamada-kun to 7-nin no Majo,"Comedy, School, Shounen, Supernatural",ONA,1,23937
44403,121,7,Fullmetal Alchemist,"Action, Adventure, Comedy, Drama, Fantasy, Magic, Military, Shounen",TV,51,600384
34047,268,10,Golden Boy,"Adventure, Comedy, Ecchi",OVA,6,113040
48897,199,9,Sen to Chihiro no Kamikakushi,"Adventure, Drama, Supernatural",Movie,1,466254
48129,6023,8,Nogizaka Haruka no Himitsu: Purezza,"Comedy, Ecchi, Romance",TV,12,45161
22847,3318,7,Kimi ga Nozomu Eien: Next Season,"Drama, Romance",OVA,4,21064
5321,12191,10,Smile Precure!,"Action, Fantasy, Magic, Shoujo",TV,48,10568
8190,995,8,Prince of Tennis: The National Tournament,"Action, Comedy, Shounen, Sports",OVA,13,25170
44448,8190,8,Nodame Cantabile OVA 2,"Comedy, Josei, Romance",OVA,1,17226
9996,11021,9,Muv-Luv Alternative: Total Eclipse,"Action, Mecha, Military, Sci-Fi",TV,24,55531
41277,356,7,Fate/stay night,"Action, Fantasy, Magic, Romance, Supernatural",TV,24,374880
12694,4898,8,Kuroshitsuji,"Action, Comedy, Demons, Fantasy, Historical, Shounen, Supernatural",TV,24,424919
69176,7817,6,B Gata H Kei,"Comedy, Ecchi, Romance, School, Seinen",TV,12,192719
21276,2605,8,Sayonara Zetsubou Sensei,"Comedy, Parody, School",TV,12,174531
57617,6637,5,Higashi no Eden Movie II: Paradise Lost,"Action, Comedy, Drama, Mystery, Romance, Thriller",Movie,1,87062
5137,10934,5,Itsuka Tenma no Kuro Usagi OVA,"Comedy, Ecchi, Romance, Shounen, Supernatural, Vampire",OVA,1,13397
55582,7088,8,Ichiban Ushiro no Daimaou,"Action, Comedy, Ecchi, Fantasy, Harem, Magic, School, Shounen",TV,12,203618
29121,4192,8,Hayate no Gotoku!!,"Action, Comedy, Harem, Parody, Romance",TV,25,67323
60062,20709,7,Sabagebu!,"Action, Comedy, Military, Shoujo",TV,12,67306
19375,12549,6,"Dakara Boku wa, H ga Dekinai.","Comedy, Ecchi, Romance, Supernatural",TV,12,169615
69459,29803,10,Overlord,"Action, Adventure, Fantasy, Game, Magic, Supernatural",TV,13,244268
51254,339,7,Serial Experiments Lain,"Dementia, Drama, Mystery, Psychological, Sci-Fi, Supernatural",TV,13,215829
48084,22543,7,Kyonyuu Kazoku Saimin,Hentai,OVA,1,2521
70727,16762,9,Mirai Nikki Redial,"Action, Psychological, Shounen, Supernatural",OVA,1,135604
602,199,10,Sen to Chihiro no Kamikakushi,"Adventure, Drama, Supernatural",Movie,1,466254
35401,9361,5,Molly Star-Racer,"Mecha, Music",Music,1,914
12585,21511,7,Kantai Collection: KanColle,"Action, Military, School, Sci-Fi, Slice of Life",TV,12,100999
6469,202,6,Wolf&#039;s Rain,"Action, Adventure, Drama, Fantasy, Mystery, Sci-Fi",TV,26,171863
59217,286,8,B&#039;T X,"Adventure, Mecha, Sci-Fi, Shounen",TV,25,5913
58365,759,7,Tokyo Godfathers,"Comedy, Drama",Movie,1,89424
41714,31442,9,Musaigen no Phantom World,"Action, Comedy, Fantasy, Slice of Life, Supernatural",TV,13,168482
2459,6573,-1,Darker than Black: Ryuusei no Gemini,"Action, Mystery, Sci-Fi, Super Power",TV,12,222243
47385,15809,9,Hataraku Maou-sama!,"Comedy, Demons, Fantasy, Romance, Shounen",TV,13,409037
33216,10793,8,Guilty Crown,"Action, Drama, Sci-Fi, Super Power",TV,22,460959
28856,237,10,Eureka Seven,"Adventure, Drama, Mecha, Romance, Sci-Fi",TV,50,239570
58774,23289,8,Gekkan Shoujo Nozaki-kun,"Comedy, Romance, School",TV,12,292622
62775,14741,8,Chuunibyou demo Koi ga Shitai!,"Comedy, Drama, Romance, School, Slice of Life",TV,12,394399
5889,263,7,Hajime no Ippo,"Comedy, Drama, Shounen, Sports",TV,75,157670
17886,5114,10,Fullmetal Alchemist: Brotherhood,"Action, Adventure, Drama, Fantasy, Magic, Military, Shounen",TV,64,793665
10231,12531,10,Sakamichi no Apollon,"Drama, Josei, Music, Romance, School",TV,12,146592
64281,28677,9,Yamada-kun to 7-nin no Majo (TV),"Comedy, Harem, Mystery, Romance, School, Shounen, Supernatural",TV,12,193566
39143,1530,9,Kanon (2006),"Drama, Romance, Slice of Life, Supernatural",TV,24,163171
15527,4181,9,Clannad: After Story,"Drama, Fantasy, Romance, Slice of Life, Supernatural",TV,24,456749
45004,13171,7,Wasurenagumo,"Comedy, Supernatural",Movie,1,18000
13646,27775,7,Plastic Memories,"Drama, Romance, Sci-Fi",TV,13,213493
71357,5630,5,Higashi no Eden,"Action, Comedy, Drama, Mystery, Romance, Sci-Fi, Thriller",TV,11,276593
37354,7711,10,Karigurashi no Arrietty,Fantasy,Movie,1,97910
25273,185,8,Initial D First Stage,"Action, Cars, Drama, Seinen, Sports",TV,26,68128
15790,8861,-1,"Yosuga no Sora: In Solitude, Where We Are Least Alone.","Drama, Ecchi, Harem, Romance",TV,12,173216
47120,9515,8,Highschool of the Dead: Drifters of the Dead,"Comedy, Ecchi, Supernatural",OVA,1,140501
14090,249,8,InuYasha,"Action, Adventure, Comedy, Demons, Fantasy, Magic, Romance, Shounen, Supernatural",TV,167,281632
34420,2251,7,Baccano!,"Action, Comedy, Historical, Mystery, Seinen, Supernatural",TV,13,363215
38042,24415,7,Kuroko no Basket 3rd Season,"Comedy, School, Shounen, Sports",TV,25,184525
60346,356,8,Fate/stay night,"Action, Fantasy, Magic, Romance, Supernatural",TV,24,374880
36248,11757,7,Sword Art Online,"Action, Adventure, Fantasy, Game, Romance",TV,25,893100
19508,8557,9,Shinryaku! Ika Musume,"Comedy, Shounen, Slice of Life",TV,12,95242
53973,1815,-1,Shakugan no Shana Movie,"Action, Fantasy, Supernatural",Movie,1,43962
41680,5342,8,Asura Cryin&#039;,"Action, Mecha, Supernatural",TV,13,68608
62244,14289,6,Sukitte Ii na yo.,"Romance, School, Shoujo",TV,13,233410
17698,4581,-1,Shikabane Hime: Aka,"Action, Horror, Martial Arts",TV,13,71502
54285,430,5,Fullmetal Alchemist: The Conqueror of Shamballa,"Comedy, Drama, Fantasy, Historical, Military, Shounen",Movie,1,186465
36884,13659,6,Ore no Imouto ga Konnani Kawaii Wake ga Nai.,"Comedy, Seinen, Slice of Life",TV,13,194791
42898,7593,8,Kiss x Sis (TV),"Comedy, Ecchi, Harem, Romance, School, Seinen",TV,12,215361
7159,512,9,Majo no Takkyuubin,"Adventure, Comedy, Drama, Fantasy, Magic, Romance",Movie,1,152331
64674,22535,7,Kiseijuu: Sei no Kakuritsu,"Action, Drama, Horror, Psychological, Sci-Fi, Seinen",TV,24,425457
60201,2923,8,Shugo Chara!,"Comedy, Magic, School, Shoujo",TV,51,121108
12737,19815,10,No Game No Life,"Adventure, Comedy, Ecchi, Fantasy, Game, Supernatural",TV,12,602291
10456,8888,8,Code Geass: Boukoku no Akito 1 - Yokuryuu wa Maiorita,"Action, Mecha, Military, Sci-Fi",Movie,1,91105
59406,1505,7,Detective Conan Movie 09: Strategy Above the Depths,"Adventure, Comedy, Mystery, Police, Shounen",Movie,1,20347
53953,10161,-1,No.6,"Action, Sci-Fi",TV,11,168017
48796,210,9,Ranma ½,"Comedy, Fantasy, Martial Arts, Slice of Life",TV,161,105212
35556,10568,-1,Kamisama no Memochou,Mystery,TV,12,130502
25349,121,10,Fullmetal Alchemist,"Action, Adventure, Comedy, Drama, Fantasy, Magic, Military, Shounen",TV,51,600384
51206,2001,9,Tengen Toppa Gurren Lagann,"Action, Adventure, Comedy, Mecha, Sci-Fi",TV,27,562962
70180,182,7,Tenkuu no Escaflowne,"Adventure, Fantasy, Mecha, Romance, Shoujo",TV,26,83437
18683,1654,7,Kashimashi: Girl Meets Girl OVA,"Comedy, Drama, Romance, School, Shoujo Ai, Slice of Life",OVA,1,10910
46896,26243,5,Owari no Seraph,"Action, Drama, Shounen, Supernatural, Vampire",TV,12,315630
19293,1726,-1,Devil May Cry,"Action, Demons, Fantasy",TV,12,166398
57191,7739,7,11eyes: Momoiro Genmutan,"Comedy, Ecchi, Super Power, Supernatural",Special,1,28144
72599,4898,8,Kuroshitsuji,"Action, Comedy, Demons, Fantasy, Historical, Shounen, Supernatural",TV,24,424919
47765,9331,7,Yumekui Merry,"Action, Shounen, Supernatural",TV,13,89183
1275,15335,10,Gintama Movie: Kanketsu-hen - Yorozuya yo Eien Nare,"Action, Comedy, Historical, Parody, Samurai, Sci-Fi, Shounen",Movie,1,72534
23962,4654,8,Toaru Majutsu no Index,"Action, Magic, Sci-Fi, Super Power",TV,24,313114
44268,14967,8,Boku wa Tomodachi ga Sukunai Next,"Comedy, Harem, Romance, School, Seinen, Slice of Life",TV,12,214319
17750,3342,9,Mnemosyne: Mnemosyne no Musume-tachi,"Action, Horror, Sci-Fi, Shoujo Ai, Supernatural",TV,6,96092
39304,57,7,Beck,"Comedy, Drama, Music, Shounen, Slice of Life",TV,26,148328
58427,550,7,Yu☆Gi☆Oh!,"Action, Comedy, Fantasy, Game, Shounen",TV,27,89243
26809,4715,9,Shigofumi Special,"Drama, Fantasy, Psychological, Thriller",Special,1,11797
19264,30,10,Neon Genesis Evangelion,"Action, Dementia, Drama, Mecha, Psychological, Sci-Fi",TV,26,461946
8512,6702,9,Fairy Tail,"Action, Adventure, Comedy, Fantasy, Magic, Shounen",TV,175,584590
17537,31704,10,One Punch Man: Road to Hero,"Action, Comedy, Parody, Sci-Fi, Seinen, Super Power, Supernatural",OVA,1,94839
35778,5114,10,Fullmetal Alchemist: Brotherhood,"Action, Adventure, Drama, Fantasy, Magic, Military, Shounen",TV,64,793665
64322,31096,-1,Hibike! Euphonium: Suisougaku-bu no Nichijou,"Comedy, Music, School",Special,7,12196
57758,464,-1,One Piece Movie 6: Omatsuri Danshaku to Himitsu no Shima,"Adventure, Comedy, Fantasy, Shounen",Movie,1,37792
23425,585,-1,Mimi wo Sumaseba,"Adventure, Drama, Fantasy, Romance, Slice of Life",Movie,1,94435
19393,2025,10,Darker than Black: Kuro no Keiyakusha,"Action, Mystery, Sci-Fi, Super Power",TV,25,440334
4512,154,5,Shaman King,"Action, Adventure, Comedy, Drama, Shounen, Supernatural",TV,64,169517
20625,14645,10,Hiiro no Kakera Dai Ni Shou,"Fantasy, Romance, Shoujo, Supernatural",TV,13,26617
71336,276,-1,Mahoromatic: Automatic Maiden,"Comedy, Ecchi, Military, Romance, Sci-Fi",TV,12,36656
60204,1525,-1,Pokemon Crystal: Raikou Ikazuchi no Densetsu,"Action, Adventure, Comedy, Fantasy, Kids",Special,1,13929
71709,17729,-1,Grisaia no Kajitsu,"Drama, Harem, Psychological, Romance, School",TV,13,178166
54115,11979,8,Mahou Shoujo Madoka★Magica Movie 2: Eien no Monogatari,"Drama, Magic, Psychological, Thriller",Movie,1,85361
23066,370,5,Burn Up Excess,"Action, Adventure, Comedy, Ecchi, Police, Sci-Fi, Shounen",TV,13,6402
39918,594,9,Naruto: Takigakure no Shitou - Ore ga Eiyuu Dattebayo!,"Action, Adventure, Comedy, Shounen, Super Power",Special,1,52264
51049,186,-1,Initial D Second Stage,"Action, Cars, Drama, Seinen, Sports",TV,13,45825
69237,31043,9,Boku dake ga Inai Machi,"Mystery, Psychological, Seinen, Supernatural",TV,12,402381
34694,14741,7,Chuunibyou demo Koi ga Shitai!,"Comedy, Drama, Romance, School, Slice of Life",TV,12,394399
33806,23283,10,Zankyou no Terror,"Psychological, Thriller",TV,11,342893
46573,19117,-1,Toaru Hikuushi e no Koiuta,"Adventure, Drama, Romance",TV,13,53375
6391,17,10,Hungry Heart: Wild Striker,"Comedy, Shounen, Slice of Life, Sports",TV,52,13469
11169,4618,7,RideBack,"Action, Drama, Mecha, School, Sci-Fi",TV,12,32835
40340,433,-1,"Kumo no Mukou, Yakusoku no Basho","Drama, Military, Romance, Sci-Fi",Movie,1,103975
50319,5356,-1,Canaan,"Action, Seinen",TV,13,123217
67671,1090,7,Mobile Suit Gundam I,"Action, Adventure, Drama, Mecha, Military, Sci-Fi, Space",Movie,1,12877
256,21511,8,Kantai Collection: KanColle,"Action, Military, School, Sci-Fi, Slice of Life",TV,12,100999
34432,10379,9,Natsume Yuujinchou San,"Drama, Fantasy, Shoujo, Slice of Life, Supernatural",TV,13,102322
40655,119,8,Final Approach,"Comedy, Drama, Romance, Slice of Life",TV,13,24902
22061,5141,5,Taishou Yakyuu Musume.,"Comedy, Historical, School, Seinen, Sports",TV,12,12248
37999,7054,10,Kaichou wa Maid-sama!,"Comedy, Romance, School, Shoujo",TV,26,391628
57245,8074,6,Highschool of the Dead,"Action, Ecchi, Horror, Supernatural",TV,12,535892
73093,2904,10,Code Geass: Hangyaku no Lelouch R2,"Action, Drama, Mecha, Military, Sci-Fi, Super Power",TV,25,572888
8688,31710,6,Divine Gate,"Action, Fantasy, Sci-Fi",TV,12,83271
68290,223,-1,Dragon Ball,"Adventure, Comedy, Fantasy, Martial Arts, Shounen, Super Power",TV,153,316102
16765,28891,10,Haikyuu!! Second Season,"Comedy, Drama, School, Shounen, Sports",TV,25,179342
46414,5530,7,Pandora Hearts,"Adventure, Fantasy, Mystery, Shounen, Supernatural",TV,25,229567
30892,10521,7,Working&#039;!!,"Comedy, Slice of Life",TV,13,117328
69120,7791,8,K-On!!,"Comedy, Music, School, Slice of Life",TV,26,246276
2733,13601,10,Psycho-Pass,"Action, Police, Psychological, Sci-Fi",TV,22,509109
3902,3470,8,Special A,"Comedy, Romance, School, Shoujo",TV,24,173603
6509,8246,-1,Naruto: Shippuuden Movie 4 - The Lost Tower,"Action, Comedy, Martial Arts, Shounen, Super Power",Movie,1,84527
17854,8934,10,Star Driver: Kagayaki no Takuto,"Action, Mecha, Romance, Shounen",TV,25,66084
1027,1691,-1,Kaze no Stigma,"Action, Fantasy, Magic, Romance, Shounen",TV,24,205338
27364,5678,-1,Kobato.,"Comedy, Drama, Fantasy",TV,24,88986
72596,20507,-1,Noragami,"Action, Adventure, Shounen, Supernatural",TV,12,515378
7340,440,7,Shoujo Kakumei Utena,"Drama, Fantasy, Psychological, Shoujo",TV,39,77464
32619,32828,7,Amaama to Inazuma,"Comedy, Seinen, Slice of Life",TV,12,95339
27250,22777,7,Dragon Ball Kai (2014),"Action, Adventure, Comedy, Fantasy, Martial Arts, Shounen, Super Power",TV,61,42666
11092,120,10,Fruits Basket,"Comedy, Drama, Fantasy, Romance, Shoujo, Slice of Life",TV,26,242553
43460,6793,-1,Kuroshitsuji Special,"Comedy, Demons, Parody",Special,1,53706
41157,19021,8,Takanashi Rikka Kai: Chuunibyou demo Koi ga Shitai! Movie,"Comedy, Drama, Romance, School, Slice of Life",Movie,1,34272
58460,317,5,Final Fantasy VII: Advent Children,"Action, Fantasy, Super Power",Movie,1,138659
10623,402,10,Otogi Juushi Akazukin OVA,"Adventure, Comedy, Fantasy, Magic",OVA,1,1030
44625,13535,8,Binbougami ga!,"Comedy, Parody, Shounen, Supernatural",TV,13,117091
28622,9656,8,Kimi ni Todoke 2nd Season,"Romance, School, Shoujo, Slice of Life",TV,12,171866
45240,10588,6,Persona 4 the Animation,"Adventure, Mystery, School, Sci-Fi, Super Power, Supernatural",TV,25,134942
29626,72,9,Full Metal Panic? Fumoffu,"Action, Comedy, School",TV,12,171086
3293,2131,5,Bokusatsu Tenshi Dokuro-chan 2,"Comedy, Ecchi, Magic",OVA,2,70734
62133,3342,-1,Mnemosyne: Mnemosyne no Musume-tachi,"Action, Horror, Sci-Fi, Shoujo Ai, Supernatural",TV,6,96092
15480,14199,7,Oniichan dakedo Ai Sae Areba Kankeinai yo ne!,"Comedy, Ecchi, Harem, Romance, School",TV,12,113166
49984,4280,-1,Kara no Kyoukai 4: Garan no Dou,"Action, Mystery, Supernatural, Thriller",Movie,1,103600
39477,22859,7,Takanashi Rikka Kai: Chuunibyou demo Koi ga Shitai! Movie Lite,Comedy,Special,1,13238
23135,591,8,Amaenaide yo!!,"Comedy, Ecchi, Harem, Romance, Supernatural",TV,12,48939
9949,10080,7,Kami nomi zo Shiru Sekai II,"Comedy, Harem, Romance, Shounen, Supernatural",TV,12,194300
48590,9366,9,Kaichou wa Maid-sama!: Omake dayo!,"Comedy, School, Shoujo",Special,1,52752
37655,4181,9,Clannad: After Story,"Drama, Fantasy, Romance, Slice of Life, Supernatural",TV,24,456749
26593,4975,9,ChäoS;HEAd,"Harem, Mystery, Psychological, Sci-Fi, Supernatural",TV,12,174337
54155,9023,9,Katekyo Hitman Reborn!: Mr. Rebokku no Ciao Ciao Interview,Comedy,Special,3,12153
15779,1554,5,Asatte no Houkou.,"Drama, Supernatural",TV,12,16909
35704,24455,-1,Madan no Ou to Vanadis,"Adventure, Ecchi, Fantasy, Harem, Romance",TV,13,114612
73282,30276,8,One Punch Man,"Action, Comedy, Parody, Sci-Fi, Seinen, Super Power, Supernatural",TV,12,552458
49247,6287,7,Akikan!: Kan Ippatsu!? Onsen Panic,"Comedy, Ecchi",OVA,1,17949
54779,1887,10,Lucky☆Star,"Comedy, Parody, School, Slice of Life",TV,24,305837
73223,762,9,Bleach: Memories in the Rain,"Action, Adventure, Drama, Shounen, Supernatural",Special,1,78111
61311,1686,7,Bleach Movie 1: Memories of Nobody,"Action, Adventure, Super Power",Movie,1,151598
35174,501,7,Doraemon,"Adventure, Comedy, Fantasy, Kids, Shounen",TV,26,9366
7077,2104,10,Seto no Hanayome,"Comedy, Parody, Romance, School",TV,26,165008
5530,853,9,Ouran Koukou Host Club,"Comedy, Harem, Romance, School, Shoujo",TV,26,422271
12416,6408,7,&quot;Bungaku Shoujo&quot; Movie,"Drama, Mystery, Romance, School",Movie,1,40984
14407,31240,9,Re:Zero kara Hajimeru Isekai Seikatsu,"Drama, Fantasy, Psychological, Thriller",TV,25,355839
6460,1723,-1,Clannad Movie,"Drama, Fantasy, Romance, School",Movie,1,99506
64632,60,7,Chrno Crusade,"Action, Demons, Historical, Romance, Supernatural",TV,24,140865
19030,199,10,Sen to Chihiro no Kamikakushi,"Adventure, Drama, Supernatural",Movie,1,466254
24245,15085,6,Amnesia,"Fantasy, Josei, Mystery, Romance",TV,12,134349
36662,15037,8,Corpse Party: Tortured Souls - Bougyakusareta Tamashii no Jukyou,"Horror, Mystery",OVA,4,126699
18365,16894,-1,Kuroko no Basket 2nd Season,"Comedy, School, Shounen, Sports",TV,25,243325
30443,949,8,Top wo Nerae! Gunbuster,"Action, Comedy, Drama, Mecha, Military, Sci-Fi, Shounen, Space",OVA,6,51724
2273,813,7,Dragon Ball Z,"Action, Adventure, Comedy, Fantasy, Martial Arts, Shounen, Super Power",TV,291,375662
57610,936,7,Naruto Movie 2: Dai Gekitotsu! Maboroshi no Chiteiiseki Dattebayo!,"Adventure, Comedy, Drama, Fantasy, Shounen, Supernatural",Movie,1,97308
60031,11665,9,Natsume Yuujinchou Shi,"Drama, Fantasy, Shoujo, Slice of Life, Supernatural",TV,13,98431
64578,33028,10,Danganronpa 3: The End of Kibougamine Gakuen - Zetsubou-hen,"Action, Horror, Mystery, Psychological",TV,11,65503
24582,119,9,Final Approach,"Comedy, Drama, Romance, Slice of Life",TV,13,24902
59396,4581,8,Shikabane Hime: Aka,"Action, Horror, Martial Arts",TV,13,71502
57672,30230,8,Diamond no Ace: Second Season,"Comedy, School, Shounen, Sports",TV,51,38531
58103,79,-1,Shuffle!,"Comedy, Drama, Ecchi, Fantasy, Harem, Magic, Romance, School, Seinen",TV,24,158772
23306,18397,7,Shingeki no Kyojin OVA,"Action, Drama, Fantasy, Shounen, Super Power",OVA,3,121063
66935,943,6,Yume Tsukai,"Drama, Fantasy, Magic, Slice of Life",TV,12,5719
68163,227,10,FLCL,"Action, Comedy, Dementia, Mecha, Parody, Sci-Fi",OVA,6,305165
24295,29325,-1,Ghost in the Shell: Arise - Alternative Architecture,"Mecha, Police, Psychological, Sci-Fi",TV,10,21805
13302,21437,6,Buddy Complex,"Action, Mecha, Sci-Fi",TV,13,44006
71284,18679,10,Kill la Kill,"Action, Comedy, School, Super Power",TV,24,508118
59131,237,-1,Eureka Seven,"Adventure, Drama, Mecha, Romance, Sci-Fi",TV,50,239570
16253,2759,-1,Evangelion: 1.0 You Are (Not) Alone,"Action, Mecha, Sci-Fi",Movie,1,194561
20132,9617,-1,K-On! Movie,"Comedy, Music, Slice of Life",Movie,1,115252
72379,4224,10,Toradora!,"Comedy, Romance, School, Slice of Life",TV,25,633817
15922,4752,8,Vampire Knight Guilty,"Drama, Mystery, Romance, Shoujo, Supernatural, Vampire",TV,13,198492
55636,1840,10,Zero no Tsukaima: Futatsuki no Kishi,"Action, Adventure, Comedy, Ecchi, Fantasy, Harem, Magic, Romance, School",TV,12,235684
64353,8063,-1,Sekaiichi Hatsukoi OVA,"Comedy, Drama, Romance, Shounen Ai",OVA,2,35225
59071,874,7,Digimon Tamers,"Adventure, Comedy, Drama, Fantasy, Shounen",TV,51,94391
47636,4866,4,Pico x CoCo x Chico,"Hentai, Yaoi",OVA,1,27411
50300,4792,5,Pokemon: Pikachu Tankentai,"Adventure, Comedy, Fantasy, Kids",Movie,1,13702
68576,16498,-1,Shingeki no Kyojin,"Action, Drama, Fantasy, Shounen, Super Power",TV,25,896229
24972,820,10,Ginga Eiyuu Densetsu,"Drama, Military, Sci-Fi, Space",OVA,110,80679
15909,23289,10,Gekkan Shoujo Nozaki-kun,"Comedy, Romance, School",TV,12,292622
28007,14227,8,Tonari no Kaibutsu-kun,"Comedy, Romance, School, Shoujo, Slice of Life",TV,13,349836
50847,227,9,FLCL,"Action, Comedy, Dementia, Mecha, Parody, Sci-Fi",OVA,6,305165
60715,380,9,Fushigi Yuugi OVA,"Adventure, Comedy, Fantasy, Historical, Romance, Shoujo",OVA,3,14863
55774,28497,6,Rokka no Yuusha,"Action, Adventure, Fantasy, Magic, Mystery",TV,12,218747
53236,270,9,Hellsing,"Action, Horror, Seinen, Supernatural, Vampire",TV,13,308995
6471,10578,6,C³,"Action, Comedy, Ecchi, School, Supernatural",TV,12,100425
42833,30544,6,Gakusen Toshi Asterisk,"Action, Comedy, Ecchi, Fantasy, Harem, Romance, School, Sci-Fi, Supernatural",TV,12,168657
53429,22319,7,Tokyo Ghoul,"Action, Drama, Horror, Mystery, Psychological, Seinen, Supernatural",TV,12,618056
23994,6922,8,Fate/stay night Movie: Unlimited Blade Works,"Action, Fantasy, Magic, Supernatural",Movie,1,110983
35243,694,6,Canvas 2: Niji-iro no Sketch,"Comedy, Drama, Romance, Slice of Life",TV,24,19491
19092,11241,-1,Brave 10,"Action, Adventure, Historical, Samurai, Seinen, Super Power",TV,12,82205
23990,428,9,Kaleido Star: Aratanaru Tsubasa - Extra Stage,"Adventure, Comedy, Drama, Shoujo",OVA,1,9248
14920,17741,7,Kimi no Iru Machi,"Drama, Romance, Slice of Life",TV,12,63418
26313,7870,9,Baka to Test to Shoukanjuu Specials,"Comedy, Magic, School",Special,6,29923
58836,21521,7,Futabu!,"Hentai, School, Yuri",OVA,2,7234
16407,18897,7,Nisekoi,"Comedy, Harem, Romance, School, Shounen",TV,20,347599
70149,1,8,Cowboy Bebop,"Action, Adventure, Comedy, Drama, Sci-Fi, Space",TV,26,486824
34498,8516,8,Baka to Test to Shoukanjuu Ni!,"Comedy, Romance, School, Super Power",TV,13,183722
21204,8630,6,Hidan no Aria,"Action, Comedy, Romance, School",TV,12,171888
45923,550,-1,Yu☆Gi☆Oh!,"Action, Comedy, Fantasy, Game, Shounen",TV,27,89243
50091,1575,-1,Code Geass: Hangyaku no Lelouch,"Action, Mecha, Military, School, Sci-Fi, Super Power",TV,25,715151
36831,28297,8,Ore Monogatari!!,"Comedy, Romance, Shoujo",TV,24,200833
57537,1535,10,Death Note,"Mystery, Police, Psychological, Supernatural, Thriller",TV,37,1013917
60480,4744,-1,Akaneiro ni Somaru Saka,"Comedy, Harem, Romance, School",TV,12,91453
20939,15411,4,Arcana Famiglia: Capriccio - stile Arcana Famiglia,"Romance, Shoujo",OVA,1,12690
25847,17843,-1,Inferno Cop: Fact Files,"Action, Comedy, Police",ONA,12,3846
69958,3299,8,H2O: Footprints in the Sand,"Harem, Romance, School",TV,12,64975
39810,5702,-1,Sora wo Miageru Shoujo no Hitomi ni Utsuru Sekai,"Action, Fantasy, Magic, Romance, Super Power",TV,9,24799
16664,11441,8,Rurouni Kenshin: Meiji Kenkaku Romantan - Shin Kyoto-hen,"Action, Drama, Historical, Samurai, Shounen",OVA,2,13795
38228,431,-1,Howl no Ugoku Shiro,"Adventure, Drama, Fantasy, Romance",Movie,1,333186
43213,10490,7,Blood-C,"Action, Horror, School, Supernatural, Vampire",TV,12,118553
11594,8460,-1,Mirai Nikki,"Action, Shounen, Supernatural",OVA,1,114217
42689,1914,10,Saiunkoku Monogatari 2nd Season,"Adventure, Comedy, Drama, Fantasy, Historical, Romance",TV,39,23160
65081,29067,6,Danna ga Nani wo Itteiru ka Wakaranai Ken 2 Sure-me,"Comedy, Seinen, Slice of Life",TV,13,73285
55510,5,8,Cowboy Bebop: Tengoku no Tobira,"Action, Drama, Mystery, Sci-Fi, Space",Movie,1,137636
58291,194,8,Macross Zero,"Adventure, Mecha, Military, Sci-Fi, Shounen",OVA,5,23568
65582,18229,8,Gatchaman Crowds,"Adventure, Sci-Fi",TV,12,107513
65114,11617,9,High School DxD,"Comedy, Demons, Ecchi, Harem, Romance, School",TV,12,398660
54027,13807,6,Corpse Party: Missing Footage,"Horror, School",OVA,1,57507
47351,4087,9,Michiko to Hatchin,"Action, Adventure",TV,22,82625
51886,2993,-1,Rosario to Vampire,"Comedy, Ecchi, Fantasy, Harem, Romance, School, Shounen, Vampire",TV,13,299278
27346,5112,7,Akikan!,"Comedy, Ecchi, Fantasy, Romance",TV,12,74097
44297,2397,10,Digimon Adventure: Bokura no War Game!,"Adventure, Comedy, Kids, Sci-Fi",Movie,1,37078
3026,20,8,Naruto,"Action, Comedy, Martial Arts, Shounen, Super Power",TV,220,683297
10298,3190,-1,Guitar wo Motta Shounen: Kikaider vs. Inazuman,"Sci-Fi, Shounen",Special,1,678
21342,2129,9,True Tears,"Drama, Romance, School",TV,13,118644
29950,9598,7,Haiyoru! Nyaruani: Remember My Love(craft-sensei),"Comedy, Sci-Fi",TV,11,17934
63617,18679,8,Kill la Kill,"Action, Comedy, School, Super Power",TV,24,508118
72927,2476,-1,School Days,"Drama, Harem, Romance, School",TV,12,279183
38976,21511,8,Kantai Collection: KanColle,"Action, Military, School, Sci-Fi, Slice of Life",TV,12,100999
12023,2129,6,True Tears,"Drama, Romance, School",TV,13,118644
36696,5277,9,Sekirei: Pure Engagement,"Action, Comedy, Ecchi, Harem, Super Power",TV,13,113911
16707,901,7,"Dragon Ball Z Movie 08: Moetsukiro!! Nessen, Ressen, Chougekisen","Adventure, Comedy, Fantasy, Sci-Fi, Shounen",Movie,1,65953
17473,226,10,Elfen Lied,"Action, Drama, Horror, Psychological, Romance, Seinen, Supernatural",TV,13,623511
6800,1536,6,Busou Renkin,"Action, Comedy, Fantasy, School, Shounen, Supernatural",TV,26,104607
52969,6974,7,Seikimatsu Occult Gakuin,"Comedy, Mystery, School, Sci-Fi, Supernatural",TV,13,65021
44417,9379,-1,Denpa Onna to Seishun Otoko,"Comedy, Sci-Fi, Seinen, Slice of Life",TV,12,149497
61464,10790,7,Kore wa Zombie Desu ka? of the Dead,"Action, Comedy, Ecchi, Harem, Magic, Supernatural",TV,10,180032
59670,790,10,Ergo Proxy,"Mystery, Psychological, Sci-Fi",TV,23,265005
13906,15125,8,Teekyuu,"Comedy, School, Shounen, Sports",TV,12,30291
40410,1719,-1,Rozen Maiden: Ouvertüre,"Action, Comedy, Drama, Magic, Seinen",Special,2,44388
8896,513,8,Tenkuu no Shiro Laputa,"Adventure, Fantasy, Romance, Sci-Fi",Movie,1,151061
53698,5504,8,Shinkyoku Soukai Polyphonica Crimson S,"Drama, Fantasy, Music, Romance, School",TV,12,16720
52422,1760,7,Golgo 13,"Action, Adventure, Drama, Military, Seinen",Movie,1,6344
31757,6922,10,Fate/stay night Movie: Unlimited Blade Works,"Action, Fantasy, Magic, Supernatural",Movie,1,110983
13162,10834,10,Baka to Test to Shoukanjuu: Spinout! Sore ga Bokura no Nichijou,"Comedy, Romance, School, Super Power",Special,6,19758
35256,137,10,Hunter x Hunter OVA,"Action, Adventure, Shounen, Super Power",OVA,8,53168
49987,696,-1,Tenchi Muyou!,"Comedy, Harem, Romance, Sci-Fi, Shounen, Space",TV,26,38372
6105,205,9,Samurai Champloo,"Action, Adventure, Comedy, Historical, Samurai, Shounen",TV,26,390076
37415,30276,7,One Punch Man,"Action, Comedy, Parody, Sci-Fi, Seinen, Super Power, Supernatural",TV,12,552458
20916,14349,-1,Little Witch Academia,"Adventure, Comedy, Fantasy, Magic, School",Movie,1,111703
70505,30230,7,Diamond no Ace: Second Season,"Comedy, School, Shounen, Sports",TV,51,38531
18658,6547,8,Angel Beats!,"Action, Comedy, Drama, School, Supernatural",TV,13,717796
19199,521,8,Mermaid Melody Pichi Pichi Pitch,"Adventure, Comedy, Magic, Romance, Shoujo",TV,52,32296
44727,350,-1,Ojamajo Doremi,"Comedy, Magic",TV,51,19222
71022,6547,8,Angel Beats!,"Action, Comedy, Drama, School, Supernatural",TV,13,717796
23915,6325,-1,Naruto: Shippuuden Movie 3 - Hi no Ishi wo Tsugu Mono,"Action, Comedy, Martial Arts, Shounen, Super Power",Movie,1,83515
72007,24627,8,Yamada-kun to 7-nin no Majo (OVA),"Comedy, Romance, School, Shounen",OVA,2,33816
27997,3572,8,Macross F,"Action, Mecha, Military, Music, Romance, Sci-Fi, Space",TV,25,95551
23207,2034,10,Lovely★Complex,"Comedy, Romance, Shoujo",TV,24,235003
66492,10845,6,Manyuu Hikenchou Specials,"Action, Ecchi, Seinen, Yuri",Special,4,6179
58813,144,8,Kanon,"Drama, Romance, Slice of Life, Supernatural",TV,13,41960
47925,5681,-1,Summer Wars,"Comedy, Sci-Fi",Movie,1,223359
8213,5177,8,Denpa-teki na Kanojo,"Mystery, School, Thriller",OVA,2,85409
36839,6675,8,Redline,"Action, Cars, Sci-Fi, Sports",Movie,1,109392
18202,19697,8,Toaru Kagaku no Railgun S: Motto Marutto Railgun,Comedy,Special,2,14807
71477,2472,-1,Naruto: Shippuuden Movie 1,"Action, Adventure, Comedy, Fantasy, Shounen",Movie,1,108170
48423,239,10,Gankutsuou,"Drama, Mystery, Sci-Fi, Supernatural, Thriller",TV,24,103828
41228,1668,7,Bakuten Shoot Beyblade G Revolution,"Action, Adventure, Comedy, Sci-Fi, Shounen, Sports",TV,52,22429
15617,25397,7,Absolute Duo,"Action, Ecchi, Harem, Romance, School, Supernatural",TV,12,168811
52260,365,4,Fake,"Comedy, Mystery, Police, Romance, Shounen Ai",OVA,1,10926
40293,4214,10,Rosario to Vampire Capu2,"Comedy, Ecchi, Fantasy, Harem, Romance, School, Vampire",TV,13,203958
15877,11757,9,Sword Art Online,"Action, Adventure, Fantasy, Game, Romance",TV,25,893100
50602,918,10,Gintama,"Action, Comedy, Historical, Parody, Samurai, Sci-Fi, Shounen",TV,201,336376
5840,6802,7,So Ra No Wo To,"Military, Music, Sci-Fi, Slice of Life",TV,12,84390
39913,540,8,Tenchi Muyou! Ryououki 2nd Season,"Action, Comedy, Harem, Sci-Fi, Shounen, Space",OVA,6,15837
53683,1686,8,Bleach Movie 1: Memories of Nobody,"Action, Adventure, Super Power",Movie,1,151598
40288,4192,9,Hayate no Gotoku!!,"Action, Comedy, Harem, Parody, Romance",TV,25,67323
51590,1942,-1,Rocket Girls,"Adventure, Sci-Fi",TV,12,4794
5691,4835,9,Bleach Movie 3: Fade to Black - Kimi no Na wo Yobu,"Action, Comedy, Shounen, Super Power, Supernatural",Movie,1,122373
11712,853,10,Ouran Koukou Host Club,"Comedy, Harem, Romance, School, Shoujo",TV,26,422271
6228,8917,8,Mouretsu Pirates,"Sci-Fi, Space",TV,26,48245
32409,6573,5,Darker than Black: Ryuusei no Gemini,"Action, Mystery, Sci-Fi, Super Power",TV,12,222243
29341,11759,10,Accel World,"Action, Game, Romance, School, Sci-Fi",TV,24,324284
45614,11837,6,Zetman,"Action, Drama, Horror, Romance, Sci-Fi, Seinen, Supernatural",TV,13,65633
34877,1554,8,Asatte no Houkou.,"Drama, Supernatural",TV,12,16909
51216,24629,-1,Koufuku Graffiti,"Comedy, Seinen, Slice of Life",TV,12,46093
71817,17549,7,Non Non Biyori,"Comedy, School, Seinen, Slice of Life",TV,12,133475
55892,7054,8,Kaichou wa Maid-sama!,"Comedy, Romance, School, Shoujo",TV,26,391628
44085,849,8,Suzumiya Haruhi no Yuuutsu,"Comedy, Mystery, Parody, School, Sci-Fi, Slice of Life",TV,14,428569
69341,21327,8,Isshuukan Friends.,"Comedy, School, Shounen, Slice of Life",TV,12,139601
11394,97,10,Last Exile,"Action, Adventure, Sci-Fi",TV,26,104193
30298,12231,5,Dragon Ball: Episode of Bardock,"Action, Adventure, Comedy, Fantasy, Martial Arts, Sci-Fi, Shounen, Super Power",Special,1,29030
29533,12783,-1,Sora no Otoshimono Final: Eternal My Master,"Comedy, Ecchi, Harem, Sci-Fi, Shounen, Supernatural",Movie,1,48730
58113,4192,7,Hayate no Gotoku!!,"Action, Comedy, Harem, Parody, Romance",TV,25,67323
23362,21085,6,Witch Craft Works,"Action, Fantasy, Magic, Seinen, Supernatural",TV,12,106381
21163,4214,6,Rosario to Vampire Capu2,"Comedy, Ecchi, Fantasy, Harem, Romance, School, Vampire",TV,13,203958
26802,59,6,Chobits,"Comedy, Drama, Ecchi, Romance, Sci-Fi, Seinen",TV,26,266846
14190,17082,7,Aiura,"Comedy, School, Shounen, Slice of Life",TV,12,43737
8300,12355,-1,Ookami Kodomo no Ame to Yuki,"Fantasy, Slice of Life",Movie,1,226193
23997,10209,10,Kore wa Zombie Desu ka? OVA,"Action, Comedy, Ecchi, Harem, Magic, Supernatural",OVA,2,73826
73158,1425,10,Lupin III: Part II,"Action, Adventure, Comedy, Shounen",TV,155,10873
59313,1482,8,D.Gray-man,"Action, Adventure, Comedy, Shounen",TV,103,334399
33561,4898,5,Kuroshitsuji,"Action, Comedy, Demons, Fantasy, Historical, Shounen, Supernatural",TV,24,424919
53961,384,8,Gantz,"Action, Drama, Horror, Psychological, Sci-Fi, Supernatural",TV,13,165335
61149,11771,8,Kuroko no Basket,"Comedy, School, Shounen, Sports",TV,25,338315
39324,13663,5,To LOVE-Ru Darkness,"Comedy, Ecchi, Harem, Romance, School, Sci-Fi, Shounen",TV,12,135929
10121,16894,10,Kuroko no Basket 2nd Season,"Comedy, School, Shounen, Sports",TV,25,243325
31986,3782,8,Kara no Kyoukai 2: Satsujin Kousatsu (Zen),"Action, Mystery, Romance, Supernatural, Thriller",Movie,1,114415
48848,1210,9,NHK ni Youkoso!,"Comedy, Drama, Psychological, Romance",TV,24,291228
61659,5244,-1,Aria The Natural: Sono Futatabi Deaeru Kiseki ni...,"Fantasy, Sci-Fi, Shounen, Slice of Life",Special,1,10069
33914,2993,7,Rosario to Vampire,"Comedy, Ecchi, Fantasy, Harem, Romance, School, Shounen, Vampire",TV,13,299278
31323,47,10,Akira,"Action, Adventure, Horror, Military, Sci-Fi, Supernatural",Movie,1,215897
7247,11771,10,Kuroko no Basket,"Comedy, School, Shounen, Sports",TV,25,338315
35802,5041,-1,Guin Saga,"Adventure, Fantasy",TV,26,26176
57620,18507,7,Free!,"Comedy, School, Slice of Life, Sports",TV,12,265791
69848,32379,6,Berserk (2016),"Action, Adventure, Demons, Drama, Fantasy, Horror, Military, Romance, Seinen, Supernatural",TV,12,90817
7846,10500,7,Ojiisan no Lamp,"Drama, Historical",Movie,1,11745
70052,10588,8,Persona 4 the Animation,"Adventure, Mystery, School, Sci-Fi, Super Power, Supernatural",TV,25,134942
44011,14513,8,Magi: The Labyrinth of Magic,"Action, Adventure, Fantasy, Magic, Shounen",TV,25,317513
40276,6351,8,"Clannad: After Story - Mou Hitotsu no Sekai, Kyou-hen","Drama, Romance, School",Special,1,138364
65783,10020,6,Ore no Imouto ga Konnani Kawaii Wake ga Nai Specials,"Comedy, Seinen, Slice of Life",ONA,4,101495
19348,12445,8,Tasogare Otome x Amnesia,"Horror, Mystery, Romance, School, Shounen, Supernatural",TV,12,172367
30078,15037,-1,Corpse Party: Tortured Souls - Bougyakusareta Tamashii no Jukyou,"Horror, Mystery",OVA,4,126699
53465,999,8,Blue Seed 2,"Action, Comedy, Drama, Ecchi, Horror, Mystery, Sci-Fi, Supernatural",OVA,3,3790
67762,28619,-1,Ranpo Kitan: Game of Laplace,Mystery,TV,11,66777
41329,13601,10,Psycho-Pass,"Action, Police, Psychological, Sci-Fi",TV,22,509109
8657,4898,9,Kuroshitsuji,"Action, Comedy, Demons, Fantasy, Historical, Shounen, Supernatural",TV,24,424919
53517,11123,8,Sekaiichi Hatsukoi 2,"Comedy, Drama, Romance, Shounen Ai",TV,12,69253
61987,16762,8,Mirai Nikki Redial,"Action, Psychological, Shounen, Supernatural",OVA,1,135604
73030,160,-1,"Ima, Soko ni Iru Boku","Adventure, Drama, Fantasy, Military, Sci-Fi",TV,13,56839
33332,24833,8,Ansatsu Kyoushitsu (TV),"Action, Comedy, School, Shounen",TV,22,312654
15607,330,6,Midori no Hibi,"Comedy, Drama, Ecchi, Romance, Shounen",TV,13,87938
65306,243,6,Gravitation,"Comedy, Music, Romance, Shoujo, Shounen Ai",TV,13,67916
26964,2001,10,Tengen Toppa Gurren Lagann,"Action, Adventure, Comedy, Mecha, Sci-Fi",TV,27,562962
28242,25519,8,Yuuki Yuuna wa Yuusha de Aru,"Drama, Fantasy, Magic, Slice of Life",TV,12,59192
13526,10087,9,Fate/Zero,"Action, Fantasy, Supernatural",TV,13,453630
7197,11771,9,Kuroko no Basket,"Comedy, School, Shounen, Sports",TV,25,338315
30597,669,6,Kujibiki Unbalance,"Comedy, Romance, School",OVA,3,8291
61823,10110,-1,Mayo Chiki!,"Comedy, Ecchi, Harem, Romance, School",TV,13,192219
556,13667,8,Naruto: Shippuuden Movie 6 - Road to Ninja,"Action, Adventure, Martial Arts, Shounen, Super Power",Movie,1,87369
22620,6922,7,Fate/stay night Movie: Unlimited Blade Works,"Action, Fantasy, Magic, Supernatural",Movie,1,110983
55033,5279,-1,Sekirei: Hajimete no Otsukai,Comedy,Special,1,32430
8538,226,7,Elfen Lied,"Action, Drama, Horror, Psychological, Romance, Seinen, Supernatural",TV,13,623511
61272,10156,6,Sacred Seven,"Action, School, Sci-Fi, Super Power",TV,12,47136
28563,8675,10,Seitokai Yakuindomo,"Comedy, School, Shounen, Slice of Life",TV,13,217617
37269,13601,-1,Psycho-Pass,"Action, Police, Psychological, Sci-Fi",TV,22,509109
15570,16512,7,Devil Survivor 2 The Animation,"Action, Demons, Supernatural",TV,13,101266
39377,10396,7,Ben-To,"Action, Comedy, Martial Arts",TV,12,146570
64242,22265,-1,Free!: Eternal Summer,"Comedy, School, Slice of Life, Sports",TV,13,150596
20552,5039,3,Kurozuka,"Action, Drama, Historical, Horror, Romance, Sci-Fi, Vampire",TV,12,52145
44214,2001,-1,Tengen Toppa Gurren Lagann,"Action, Adventure, Comedy, Mecha, Sci-Fi",TV,27,562962
21149,2167,9,Clannad,"Comedy, Drama, Romance, School, Slice of Life, Supernatural",TV,23,566690
20142,2759,9,Evangelion: 1.0 You Are (Not) Alone,"Action, Mecha, Sci-Fi",Movie,1,194561
59268,27441,6,Show By Rock!!,"Comedy, Music",TV,12,32061
11603,513,7,Tenkuu no Shiro Laputa,"Adventure, Fantasy, Romance, Sci-Fi",Movie,1,151061
26920,156,8,X,"Action, Drama, Fantasy, Magic, Romance, Shoujo, Super Power",TV,24,51004
54044,4938,9,Tsubasa: Shunraiki,"Action, Adventure, Drama, Fantasy, Magic, Mystery, Romance, Shounen, Supernatural",OVA,2,40420
36547,28223,-1,Death Parade,"Drama, Game, Mystery, Psychological, Thriller",TV,12,383914
18344,28999,8,Charlotte,"Drama, School, Super Power",TV,13,310137
41154,120,-1,Fruits Basket,"Comedy, Drama, Fantasy, Romance, Shoujo, Slice of Life",TV,26,242553
59535,513,-1,Tenkuu no Shiro Laputa,"Adventure, Fantasy, Romance, Sci-Fi",Movie,1,151061
23975,1072,6,Sweat Punch,"Action, Fantasy, Historical, Mecha",OVA,5,26679
68437,1497,7,Aru Machi Kado no Monogatari,"Drama, Music, Romance",Movie,1,1724
40452,857,-1,Air Gear,"Action, Comedy, Ecchi, Shounen, Sports",TV,25,194611
58017,527,6,Pokemon,"Action, Adventure, Comedy, Fantasy, Kids",TV,276,229157
49424,392,8,Yuu☆Yuu☆Hakusho,"Action, Comedy, Demons, Fantasy, Martial Arts, School, Shounen",TV,112,195017
4178,2904,9,Code Geass: Hangyaku no Lelouch R2,"Action, Drama, Mecha, Military, Sci-Fi, Super Power",TV,25,572888
2012,18393,-1,Fairy Tail x Rave,"Action, Adventure, Comedy, Fantasy, Magic, Shounen",OVA,1,51844
66789,431,9,Howl no Ugoku Shiro,"Adventure, Drama, Fantasy, Romance",Movie,1,333186
61845,23283,9,Zankyou no Terror,"Psychological, Thriller",TV,11,342893
19492,15613,-1,Hakkenden: Touhou Hakken Ibun,"Action, Fantasy, Shoujo, Supernatural",TV,13,61017
24448,3503,7,Kanokon,"Comedy, Ecchi, Harem, Romance, School, Shounen, Slice of Life, Supernatural",TV,12,122288
58161,66,9,Azumanga Daioh,"Comedy, School, Slice of Life",TV,26,170901
56582,23273,9,Shigatsu wa Kimi no Uso,"Drama, Music, Romance, School, Shounen",TV,22,416397
7695,4214,10,Rosario to Vampire Capu2,"Comedy, Ecchi, Fantasy, Harem, Romance, School, Vampire",TV,13,203958
20210,18115,8,Magi: The Kingdom of Magic,"Action, Adventure, Fantasy, Magic, Shounen",TV,25,245026
36306,16498,9,Shingeki no Kyojin,"Action, Drama, Fantasy, Shounen, Super Power",TV,25,896229
59632,2746,7,Vexille: 2077 Nihon Sakoku,"Action, Military, Sci-Fi",Movie,1,14754
56945,30,8,Neon Genesis Evangelion,"Action, Dementia, Drama, Mecha, Psychological, Sci-Fi",TV,26,461946
37012,31964,6,Boku no Hero Academia,"Action, Comedy, School, Shounen, Super Power",TV,13,282002
55104,16528,9,Hal,"Romance, Sci-Fi, Shoujo",Movie,1,50812
54580,3653,7,Kurogane no Linebarrels,"Action, Mecha, Sci-Fi",TV,24,30225
68598,30911,7,Tales of Zestiria the X,"Action, Adventure, Fantasy",TV,12,107325
16347,24,10,School Rumble,"Comedy, Romance, School, Shounen",TV,26,178553
20636,899,-1,Dragon Ball Z Movie 06: Gekitotsu!! 100-oku Power no Senshi-tachi,"Adventure, Comedy, Fantasy, Sci-Fi, Shounen",Movie,1,55789
73485,4896,4,Umineko no Naku Koro ni,"Horror, Mystery, Psychological, Supernatural",TV,26,126865
2036,93,8,Mobile Suit Gundam Seed,"Action, Drama, Mecha, Military, Romance, Sci-Fi, Space",TV,50,96973
69876,10408,8,Hotarubi no Mori e,"Drama, Romance, Shoujo, Supernatural",Movie,1,197439
29946,578,9,Hotaru no Haka,"Drama, Historical",Movie,1,174878
26258,14829,8,Fate/kaleid liner Prisma☆Illya,"Action, Comedy, Fantasy, Magic",TV,10,100392
28357,6205,2,Kämpfer,"Action, Comedy, Ecchi, Romance, School, Shoujo Ai, Super Power",TV,12,146631
70448,249,-1,InuYasha,"Action, Adventure, Comedy, Demons, Fantasy, Magic, Romance, Shounen, Supernatural",TV,167,281632
11482,12029,10,Uchuu Senkan Yamato 2199,"Action, Drama, Military, Sci-Fi, Space",OVA,26,44223
73203,1538,8,Pumpkin Scissors,"Action, Comedy, Drama, Military",TV,24,23931
25563,19163,8,Date A Live II,"Comedy, Harem, Mecha, Romance, School, Sci-Fi",TV,10,186187
22300,33201,-1,Ojisan to Marshmallow Special,Comedy,Special,1,6392
45310,13767,9,Junjou Romantica OVA,"Comedy, Drama, Romance, Shounen Ai",OVA,2,23192
8446,1143,-1,.hack//Intermezzo,"Adventure, Fantasy, Game, Magic, Mystery, Sci-Fi",Special,1,16637
48877,7662,6,Shinrei Tantei Yakumo,"Horror, Mystery, Shoujo, Supernatural",TV,13,78952
13901,22199,9,Akame ga Kill!,"Action, Adventure, Fantasy",TV,24,492133
47604,1117,10,Pokemon: Maboroshi no Pokemon Lugia Bakutan,"Adventure, Comedy, Drama, Fantasy, Kids",Movie,1,78876
58536,449,1,InuYasha: Guren no Houraijima,"Adventure, Comedy, Demons, Drama, Historical, Romance, Shounen, Supernatural",Movie,1,50008
11137,195,7,Onegai☆Teacher,"Comedy, Drama, Romance, School, Sci-Fi",TV,12,99558
26776,4535,8,Candy Boy: Nonchalant Talk of the Certain Twin Sisters in Daily Life,"Romance, School, Shoujo Ai",ONA,7,43338
11179,11743,-1,Toaru Majutsu no Index: Endymion no Kiseki,"Action, Magic, Sci-Fi, Super Power",Movie,1,54873
14542,9989,10,Ano Hi Mita Hana no Namae wo Bokutachi wa Mada Shiranai.,"Drama, Slice of Life, Supernatural",TV,11,463835
61323,1117,-1,Pokemon: Maboroshi no Pokemon Lugia Bakutan,"Adventure, Comedy, Drama, Fantasy, Kids",Movie,1,78876
33014,6287,9,Akikan!: Kan Ippatsu!? Onsen Panic,"Comedy, Ecchi",OVA,1,17949
64371,21855,8,Hanamonogatari,"Comedy, Mystery, Supernatural",TV,5,124886
27897,10075,7,Naruto x UT,"Action, Comedy, Martial Arts, Shounen, Super Power",OVA,1,23465
40146,11757,6,Sword Art Online,"Action, Adventure, Fantasy, Game, Romance",TV,25,893100
7024,2472,9,Naruto: Shippuuden Movie 1,"Action, Adventure, Comedy, Fantasy, Shounen",Movie,1,108170
43023,11665,-1,Natsume Yuujinchou Shi,"Drama, Fantasy, Shoujo, Slice of Life, Supernatural",TV,13,98431
26838,15751,-1,Senyuu.,"Action, Comedy, Fantasy, Parody, Shounen",TV,13,56815
55101,226,8,Elfen Lied,"Action, Drama, Horror, Psychological, Romance, Seinen, Supernatural",TV,13,623511
60069,1254,6,Saint Seiya,"Adventure, Fantasy, Sci-Fi, Shounen",TV,114,70559
20408,411,-1,Gun x Sword,"Action, Adventure, Drama, Mecha, Sci-Fi, Shounen",TV,26,45921
20197,9591,-1,Code Geass: Hangyaku no Lelouch R2: Flash Specials,Parody,Special,9,9291
5953,4646,-1,Cobra The Animation: The Psycho-Gun,"Action, Adventure, Mecha, Sci-Fi, Space",OVA,4,2843
66016,1563,7,Magic Knight Rayearth II,"Adventure, Drama, Fantasy, Magic, Mecha, Romance, Shoujo",TV,29,19209
39964,14467,9,K,"Action, Super Power, Supernatural",TV,13,297051
4426,10408,-1,Hotarubi no Mori e,"Drama, Romance, Shoujo, Supernatural",Movie,1,197439
24771,12355,10,Ookami Kodomo no Ame to Yuki,"Fantasy, Slice of Life",Movie,1,226193
58587,50,6,Aa! Megami-sama! (TV),"Comedy, Magic, Romance, Seinen, Supernatural",TV,24,96694
66633,11739,7,Kimi to Boku. 2,"Comedy, Drama, Romance, School, Shounen, Slice of Life",TV,13,44564
1291,2001,9,Tengen Toppa Gurren Lagann,"Action, Adventure, Comedy, Mecha, Sci-Fi",TV,27,562962
65607,31297,9,Tokyo Ghoul: &quot;Pinto&quot;,"Action, Drama, Horror, Mystery, Psychological, Supernatural",OVA,1,52312
10571,18897,8,Nisekoi,"Comedy, Harem, Romance, School, Shounen",TV,20,347599
60388,71,7,Full Metal Panic!,"Action, Comedy, Mecha, Military, Sci-Fi",TV,24,256325
31186,20457,-1,"Inari, Konkon, Koi Iroha.","Comedy, Romance, School, Seinen, Supernatural",TV,10,65402
59351,2137,6,Haitokuzuma,Hentai,OVA,2,2446
21507,14467,7,K,"Action, Super Power, Supernatural",TV,13,297051
13105,3785,-1,Evangelion: 3.0 You Can (Not) Redo,"Action, Mecha, Sci-Fi",Movie,1,135318
62911,28121,8,Dungeon ni Deai wo Motomeru no wa Machigatteiru Darou ka,"Action, Adventure, Comedy, Fantasy, Romance",TV,13,336349
3240,6586,9,Yume-iro Pâtissière,"Kids, School, Shoujo",TV,50,36921
6907,207,6,Lodoss-tou Senki,"Action, Adventure, Fantasy, Magic, Shounen, Supernatural",OVA,13,28462
53194,25183,-1,Gangsta.,"Action, Drama, Seinen",TV,12,210752
14864,21881,8,Sword Art Online II,"Action, Adventure, Fantasy, Game, Romance",TV,24,537892
19168,8795,-1,Panty &amp; Stocking with Garterbelt,"Action, Comedy, Ecchi, Parody, Supernatural",TV,13,157642
12310,3464,-1,Kemeko Deluxe!,"Action, Comedy, Ecchi, Romance, School, Sci-Fi, Shounen",TV,12,26991
44457,19369,-1,Outbreak Company,"Comedy, Fantasy, Harem, Parody",TV,12,131520
1847,10162,10,Usagi Drop,"Josei, Slice of Life",TV,11,194855
58914,2188,-1,Maid in Heaven SuperS,Hentai,OVA,2,3853
69841,892,5,Dragon Ball Movie 3: Makafushigi Daibouken,"Action, Adventure, Comedy, Fantasy, Sci-Fi, Shounen, Super Power",Movie,1,25740
58623,24833,9,Ansatsu Kyoushitsu (TV),"Action, Comedy, School, Shounen",TV,22,312654
15239,4722,8,Skip Beat!,"Comedy, Drama, Romance, Shoujo",TV,25,134818
73233,8557,-1,Shinryaku! Ika Musume,"Comedy, Shounen, Slice of Life",TV,12,95242
70230,28223,8,Death Parade,"Drama, Game, Mystery, Psychological, Thriller",TV,12,383914
54786,1575,10,Code Geass: Hangyaku no Lelouch,"Action, Mecha, Military, School, Sci-Fi, Super Power",TV,25,715151
48844,7592,9,Nurarihyon no Mago,"Action, Demons, Shounen, Supernatural",TV,24,122976
63776,11665,9,Natsume Yuujinchou Shi,"Drama, Fantasy, Shoujo, Slice of Life, Supernatural",TV,13,98431
7049,3588,9,Soul Eater,"Action, Adventure, Comedy, Fantasy, Shounen, Supernatural",TV,51,580184
33397,9367,8,Freezing,"Action, Drama, Ecchi, Harem, Martial Arts, Romance, Sci-Fi, Seinen",TV,12,159273
29918,527,8,Pokemon,"Action, Adventure, Comedy, Fantasy, Kids",TV,276,229157
31794,10589,9,Naruto: Shippuuden Movie 5 - Blood Prison,"Action, Adventure, Martial Arts, Mystery, Shounen, Super Power",Movie,1,75660
28060,14345,-1,Btooom!,"Action, Psychological, Sci-Fi, Seinen",TV,12,329561
14819,31704,6,One Punch Man: Road to Hero,"Action, Comedy, Parody, Sci-Fi, Seinen, Super Power, Supernatural",OVA,1,94839
57156,1689,8,Byousoku 5 Centimeter,"Drama, Romance, Slice of Life",Movie,3,324035
17847,2993,7,Rosario to Vampire,"Comedy, Ecchi, Fantasy, Harem, Romance, School, Shounen, Vampire",TV,13,299278
48047,895,-1,Dragon Ball Z Movie 02: Kono Yo de Ichiban Tsuyoi Yatsu,"Adventure, Comedy, Fantasy, Sci-Fi, Shounen",Movie,1,53765
17177,13599,10,Robotics;Notes,"Drama, Mystery, School, Sci-Fi",TV,22,107304
9802,12175,7,Koi to Senkyo to Chocolate,"Drama, Romance, School",TV,12,91552
71630,21511,4,Kantai Collection: KanColle,"Action, Military, School, Sci-Fi, Slice of Life",TV,12,100999
43937,28121,7,Dungeon ni Deai wo Motomeru no wa Machigatteiru Darou ka,"Action, Adventure, Comedy, Fantasy, Romance",TV,13,336349
43632,20033,8,Miss Monochrome: The Animation,"Comedy, Music, Slice of Life",TV,13,30403
24362,5630,8,Higashi no Eden,"Action, Comedy, Drama, Mystery, Romance, Sci-Fi, Thriller",TV,11,276593
23830,240,-1,Genshiken,"Comedy, Parody, Slice of Life",TV,12,104258
28458,339,6,Serial Experiments Lain,"Dementia, Drama, Mystery, Psychological, Sci-Fi, Supernatural",TV,13,215829
61511,2156,5,Bakugan Battle Brawlers,"Action, Fantasy, Game",TV,52,25846
39986,1669,9,Bakuten Shoot Beyblade 2002,"Action, Adventure, Comedy, Sci-Fi, Shounen, Sports",TV,51,27959
7655,180,9,Vandread,"Action, Ecchi, Mecha, Sci-Fi, Shounen, Space",TV,13,53360
13626,11597,10,Nisemonogatari,"Comedy, Mystery, Supernatural",TV,11,260062
43,2001,10,Tengen Toppa Gurren Lagann,"Action, Adventure, Comedy, Mecha, Sci-Fi",TV,27,562962
29892,934,9,Higurashi no Naku Koro ni,"Horror, Mystery, Psychological, Supernatural, Thriller",TV,26,359494
61620,16067,7,Nagi no Asukara,"Drama, Fantasy, Romance",TV,26,224947
8766,6702,10,Fairy Tail,"Action, Adventure, Comedy, Fantasy, Magic, Shounen",TV,175,584590
23738,2904,8,Code Geass: Hangyaku no Lelouch R2,"Action, Drama, Mecha, Military, Sci-Fi, Super Power",TV,25,572888
19249,1222,8,Bokura ga Ita,"Drama, Romance, Shoujo, Slice of Life",TV,26,125051
68986,4443,6,Duel Masters Charge,"Action, Adventure, Comedy, Shounen",TV,52,2827
51848,7549,-1,Quiz Magic Academy: The Original Animation 2,"Comedy, Fantasy, Magic, School",OVA,1,3658
4733,11111,8,Another,"Horror, Mystery, School, Supernatural, Thriller",TV,12,534657
68508,10076,9,Kämpfer für die Liebe,"Action, Comedy, Ecchi, Shoujo Ai, Super Power",Special,2,37047
6604,3783,8,Kara no Kyoukai 3: Tsuukaku Zanryuu,"Action, Drama, Mystery, Supernatural, Thriller",Movie,1,108720
30383,853,8,Ouran Koukou Host Club,"Comedy, Harem, Romance, School, Shoujo",TV,26,422271
18283,27989,6,Hibike! Euphonium,"Drama, Music, School",TV,13,134694
17157,199,-1,Sen to Chihiro no Kamikakushi,"Adventure, Drama, Supernatural",Movie,1,466254
66113,9367,10,Freezing,"Action, Drama, Ecchi, Harem, Martial Arts, Romance, Sci-Fi, Seinen",TV,12,159273
11966,3225,6,Minami-ke Okawari,"Comedy, School, Slice of Life",TV,13,50837
15049,5060,10,Hetalia Axis Powers,"Comedy, Historical, Parody",ONA,52,144898
28175,134,8,Gunslinger Girl,"Action, Drama, Military, Psychological, Sci-Fi",TV,13,106865
71433,1698,10,Nodame Cantabile,"Comedy, Drama, Josei, Music, Romance, Slice of Life",TV,23,157025
33888,19951,8,Hunter x Hunter Movie: The Last Mission,"Action, Adventure, Shounen, Super Power",Movie,1,37633
14465,10460,7,Kimi to Boku.,"Comedy, Drama, Romance, School, Shounen, Slice of Life",TV,13,86196
1497,16157,5,Choujigen Game Neptune The Animation,"Action, Comedy, Fantasy, Parody, Sci-Fi, Supernatural",TV,12,71901
27367,4898,8,Kuroshitsuji,"Action, Comedy, Demons, Fantasy, Historical, Shounen, Supernatural",TV,24,424919
29565,13587,9,Persona 4 the Animation: No One is Alone,"Adventure, Mystery, School, Sci-Fi, Super Power, Supernatural",Special,1,26501
6837,9587,5,Oniichan no Koto nanka Zenzen Suki ja Nai n da kara ne!!,"Comedy, Ecchi, Harem, Romance",TV,12,51637
43565,3655,9,Nabari no Ou,"Action, Comedy, Drama, Fantasy, Shounen, Supernatural",TV,26,107384
12896,6702,10,Fairy Tail,"Action, Adventure, Comedy, Fantasy, Magic, Shounen",TV,175,584590
13431,22729,8,Aldnoah.Zero,"Action, Mecha, Sci-Fi",TV,12,244193
48776,72,-1,Full Metal Panic? Fumoffu,"Action, Comedy, School",TV,12,171086
53813,167,-1,Scrapped Princess,"Adventure, Comedy, Drama, Fantasy, Mecha, Sci-Fi, Shounen",TV,24,54575
11527,2001,8,Tengen Toppa Gurren Lagann,"Action, Adventure, Comedy, Mecha, Sci-Fi",TV,27,562962
52447,5859,-1,Kiddy GiRL-AND Pilot,"Action, Sci-Fi, Super Power",OVA,1,3539
53494,4186,7,Chrome Shelled Regios,"Action, Adventure, Fantasy, School, Sci-Fi",TV,24,103615
41012,936,-1,Naruto Movie 2: Dai Gekitotsu! Maboroshi no Chiteiiseki Dattebayo!,"Adventure, Comedy, Drama, Fantasy, Shounen, Supernatural",Movie,1,97308
68678,3328,6,School Days: Magical Heart Kokoro-chan,"Comedy, Ecchi, Magic",OVA,1,28812
7672,591,6,Amaenaide yo!!,"Comedy, Ecchi, Harem, Romance, Supernatural",TV,12,48939
67493,10893,8,Kyousou Giga,"Action, Fantasy, Supernatural",ONA,1,31096
39869,15323,10,One Piece: Episode of Nami - Koukaishi no Namida to Nakama no Kizuna,"Action, Adventure, Comedy, Drama, Fantasy, Shounen, Super Power",Special,1,24707
54119,28907,9,"Gate: Jieitai Kanochi nite, Kaku Tatakaeri","Action, Adventure, Fantasy, Military",TV,12,244314
46516,10834,8,Baka to Test to Shoukanjuu: Spinout! Sore ga Bokura no Nichijou,"Comedy, Romance, School, Super Power",Special,6,19758
60941,5112,10,Akikan!,"Comedy, Ecchi, Fantasy, Romance",TV,12,74097
59095,6875,7,Iron Man,"Action, Drama, Mecha",TV,12,17403
63046,543,8,Vampire Hunter D (2000),"Action, Drama, Fantasy, Horror, Romance, Sci-Fi, Vampire",Movie,1,68229
45342,1210,10,NHK ni Youkoso!,"Comedy, Drama, Psychological, Romance",TV,24,291228
49101,1731,10,Tales of Symphonia The Animation: Sylvarant-hen,"Action, Adventure, Fantasy, Magic, Martial Arts, Shounen",OVA,4,35730
49561,1530,9,Kanon (2006),"Drama, Romance, Slice of Life, Supernatural",TV,24,163171
61764,11761,5,Medaka Box,"Action, Comedy, Ecchi, Martial Arts, School, Shounen, Super Power",TV,12,110042
43640,24415,10,Kuroko no Basket 3rd Season,"Comedy, School, Shounen, Sports",TV,25,184525
60187,7463,6,Weiß Survive R,"Comedy, Ecchi, Game",TV,12,7275
7120,19123,10,One Piece: Episode of Merry - Mou Hitori no Nakama no Monogatari,"Action, Adventure, Comedy, Drama, Fantasy, Shounen, Super Power",Special,1,17247
11293,2752,9,Prince of Tennis: The National Tournament Semifinals,"Action, Comedy, Sports",OVA,6,21186
18197,223,8,Dragon Ball,"Adventure, Comedy, Fantasy, Martial Arts, Shounen, Super Power",TV,153,316102
65332,24,7,School Rumble,"Comedy, Romance, School, Shounen",TV,26,178553
46078,8074,9,Highschool of the Dead,"Action, Ecchi, Horror, Supernatural",TV,12,535892
26495,9253,-1,Steins;Gate,"Sci-Fi, Thriller",TV,24,673572
33819,10418,-1,Deadman Wonderland OVA,"Action, Horror, Sci-Fi",OVA,1,78878
70358,759,9,Tokyo Godfathers,"Comedy, Drama",Movie,1,89424
58836,1530,6,Kanon (2006),"Drama, Romance, Slice of Life, Supernatural",TV,24,163171
69800,16385,6,Dog Days&#039;&#039;,"Action, Adventure, Fantasy, Magic",TV,12,34576
9527,1526,-1,Pokemon Advanced Generation: Mew to Hadou no Yuusha Lucario,"Action, Adventure, Drama, Fantasy, Kids",Movie,1,46887
22438,10396,-1,Ben-To,"Action, Comedy, Martial Arts",TV,12,146570
5753,22535,-1,Kiseijuu: Sei no Kakuritsu,"Action, Drama, Horror, Psychological, Sci-Fi, Seinen",TV,24,425457
13082,150,-1,Blood+,"Action, Drama, Horror, Military, Mystery, Supernatural, Vampire",TV,50,208321
3609,1604,9,Katekyo Hitman Reborn!,"Action, Comedy, Shounen, Super Power",TV,203,258103
12968,320,9,A Kite,"Action, Drama, Hentai, Police",OVA,2,27941
54723,16201,6,Aku no Hana,"Drama, Psychological, Romance, School",TV,13,86669
61594,6581,7,Sengoku Basara: Setonai no Gekitotsu! Hi wo Fuku Umi no Daiyousai - Fugaku!!,"Action, Historical, Martial Arts, Samurai",Special,1,9553
39601,9656,-1,Kimi ni Todoke 2nd Season,"Romance, School, Shoujo, Slice of Life",TV,12,171866
37784,4063,8,Sekirei,"Action, Comedy, Ecchi, Harem, Super Power",TV,12,182713
28560,379,9,Heppoko Jikken Animation Excel♥Saga,"Comedy, Parody, Sci-Fi, Shounen",TV,26,68198
4489,19221,-1,"Ore no Nounai Sentakushi ga, Gakuen Love Comedy wo Zenryoku de Jama Shiteiru","Comedy, Romance, School",TV,10,179569
23330,437,-1,Perfect Blue,"Dementia, Drama, Horror, Psychological",Movie,1,117565
35725,15451,9,High School DxD New,"Action, Comedy, Demons, Ecchi, Harem, Romance, School",TV,12,266657
3039,22135,6,Ping Pong The Animation,"Psychological, Seinen, Sports",TV,11,97187
29793,8861,6,"Yosuga no Sora: In Solitude, Where We Are Least Alone.","Drama, Ecchi, Harem, Romance",TV,12,173216
67820,121,-1,Fullmetal Alchemist,"Action, Adventure, Comedy, Drama, Fantasy, Magic, Military, Shounen",TV,51,600384
15835,11013,10,Inu x Boku SS,"Comedy, Romance, Shounen, Supernatural",TV,12,216204
56016,11757,8,Sword Art Online,"Action, Adventure, Fantasy, Game, Romance",TV,25,893100
6758,2733,6,Mobile Police Patlabor: MiniPato,Parody,OVA,3,1831
68753,201,7,Video Girl Ai,"Comedy, Drama, Ecchi, Romance",OVA,6,13970
1606,11771,10,Kuroko no Basket,"Comedy, School, Shounen, Sports",TV,25,338315
24701,2104,8,Seto no Hanayome,"Comedy, Parody, Romance, School",TV,26,165008
49204,1707,8,Kinnikuman II Sei,"Action, Comedy, Martial Arts, Sci-Fi, Shounen, Sports",TV,51,6134
29346,4726,10,Druaga no Tou: The Sword of Uruk,"Adventure, Fantasy",TV,12,46237
36746,26055,8,JoJo no Kimyou na Bouken: Stardust Crusaders 2nd Season,"Action, Adventure, Drama, Shounen, Supernatural",TV,24,93657
36081,6702,-1,Fairy Tail,"Action, Adventure, Comedy, Fantasy, Magic, Shounen",TV,175,584590
27363,764,8,Zoids Shinseiki/Zero,"Adventure, Comedy, Mecha, Sci-Fi, Shounen, Sports",TV,26,16381
53791,6973,8,Senkou no Night Raid,"Action, Historical, Military, Super Power",TV,13,28284
61159,1691,7,Kaze no Stigma,"Action, Fantasy, Magic, Romance, Shounen",TV,24,205338
22607,10163,-1,C: The Money of Soul and Possibility Control,"Action, Mystery, Super Power, Thriller",TV,11,156853
66000,356,9,Fate/stay night,"Action, Fantasy, Magic, Romance, Supernatural",TV,24,374880
950,1303,7,The Animatrix,"Action, Drama, Sci-Fi",OVA,9,42831
744,322,7,Paradise Kiss,"Comedy, Drama, Josei, Romance, Slice of Life",TV,12,86380
46445,464,6,One Piece Movie 6: Omatsuri Danshaku to Himitsu no Shima,"Adventure, Comedy, Fantasy, Shounen",Movie,1,37792
46527,32215,10,High School DxD BorN: Yomigaeranai Fushichou,"Action, Comedy, Demons, Ecchi, Harem, Romance, School",OVA,1,22497
50577,4472,9,Lucky☆Star: Original na Visual to Animation,"Comedy, Parody, School, Slice of Life",OVA,1,84833
30138,23269,9,Hello!! Kiniro Mosaic,"Comedy, School, Slice of Life",TV,12,33295
28095,4106,8,Trigun: Badlands Rumble,"Action, Comedy, Sci-Fi",Movie,1,68181
27729,1003,5,Aa! Megami-sama! (TV) Specials,"Comedy, Magic, Romance, Seinen, Supernatural",Special,3,19257
60349,23273,10,Shigatsu wa Kimi no Uso,"Drama, Music, Romance, School, Shounen",TV,22,416397
7629,3091,-1,xxxHOLiC Kei,"Comedy, Drama, Mystery, Psychological, Supernatural",TV,13,74941
50854,1965,7,Sola,"Drama, Romance, Slice of Life, Supernatural",TV,13,71172
23343,2031,7,Shining Tears X Wind,"Action, Adventure, Fantasy, Magic",TV,13,23477
3180,2993,7,Rosario to Vampire,"Comedy, Ecchi, Fantasy, Harem, Romance, School, Shounen, Vampire",TV,13,299278
41834,20,9,Naruto,"Action, Comedy, Martial Arts, Shounen, Super Power",TV,220,683297
67535,4898,9,Kuroshitsuji,"Action, Comedy, Demons, Fantasy, Historical, Shounen, Supernatural",TV,24,424919
32444,22729,-1,Aldnoah.Zero,"Action, Mecha, Sci-Fi",TV,12,244193
33237,15437,8,Kore wa Zombie Desu ka? of the Dead OVA,"Action, Comedy, Ecchi, Harem, Magic, Supernatural",OVA,1,54828
29302,19163,7,Date A Live II,"Comedy, Harem, Mecha, Romance, School, Sci-Fi",TV,10,186187
23919,12565,6,Fate/Prototype,"Action, Fantasy, Magic, Romance, Shounen, Supernatural",OVA,1,43469
50280,2952,-1,Final Fantasy VII: Advent Children Complete,"Action, Fantasy, Super Power",OVA,1,77111
33669,24873,7,Juuou Mujin no Fafnir,"Fantasy, Harem, Romance, School",TV,12,59544
17575,16706,9,Kami nomi zo Shiru Sekai: Megami-hen,"Comedy, Harem, Romance, Shounen, Supernatural",TV,12,142612
3632,17895,10,Golden Time,"Comedy, Romance, Seinen",TV,24,273191
52911,4224,-1,Toradora!,"Comedy, Romance, School, Slice of Life",TV,25,633817
22086,10163,9,C: The Money of Soul and Possibility Control,"Action, Mystery, Super Power, Thriller",TV,11,156853
6492,908,-1,Fullmetal Alchemist: Premium Collection,"Comedy, Fantasy, Shounen",OVA,3,44313
4944,621,7,Night Walker: Mayonaka no Tantei,"Action, Comedy, Horror, Mystery, Vampire",TV,12,11143
14185,26243,7,Owari no Seraph,"Action, Drama, Shounen, Supernatural, Vampire",TV,12,315630
64171,8516,9,Baka to Test to Shoukanjuu Ni!,"Comedy, Romance, School, Super Power",TV,13,183722
11536,837,8,Kyou no 5 no 2,"Comedy, Ecchi, School, Seinen",OVA,4,22431
45436,1575,8,Code Geass: Hangyaku no Lelouch,"Action, Mecha, Military, School, Sci-Fi, Super Power",TV,25,715151
38369,10620,4,Mirai Nikki (TV),"Action, Mystery, Psychological, Shounen, Supernatural, Thriller",TV,26,657190
58682,119,7,Final Approach,"Comedy, Drama, Romance, Slice of Life",TV,13,24902
23228,10076,-1,Kämpfer für die Liebe,"Action, Comedy, Ecchi, Shoujo Ai, Super Power",Special,2,37047
7607,1731,8,Tales of Symphonia The Animation: Sylvarant-hen,"Action, Adventure, Fantasy, Magic, Martial Arts, Shounen",OVA,4,35730
57826,20021,-1,Sword Art Online: Extra Edition,"Action, Adventure, Fantasy, Game, Romance",Special,1,121722
22773,13759,-1,Sakurasou no Pet na Kanojo,"Comedy, Drama, Romance, School, Slice of Life",TV,24,380375
22175,32287,6,Kanamewo,"Drama, Romance, Shoujo Ai, Supernatural",ONA,1,3581
39155,27947,8,Lupin III (2015),"Action, Adventure, Comedy, Shounen",TV,24,16938
12386,10087,8,Fate/Zero,"Action, Fantasy, Supernatural",TV,13,453630
40765,16498,9,Shingeki no Kyojin,"Action, Drama, Fantasy, Shounen, Super Power",TV,25,896229
55856,9201,8,Air Gear: Kuro no Hane to Nemuri no Mori - Break on the Sky,"Action, Comedy, Ecchi, Shounen, Sports",OVA,3,40176
22969,11979,10,Mahou Shoujo Madoka★Magica Movie 2: Eien no Monogatari,"Drama, Magic, Psychological, Thriller",Movie,1,85361
25563,1367,7,Detective Conan Movie 08: Magician of the Silver Sky,"Adventure, Comedy, Mystery, Police, Shounen",Movie,1,23130
55135,2031,7,Shining Tears X Wind,"Action, Adventure, Fantasy, Magic",TV,13,23477
60030,5342,10,Asura Cryin&#039;,"Action, Mecha, Supernatural",TV,13,68608
44632,10020,10,Ore no Imouto ga Konnani Kawaii Wake ga Nai Specials,"Comedy, Seinen, Slice of Life",ONA,4,101495
35586,14345,8,Btooom!,"Action, Psychological, Sci-Fi, Seinen",TV,12,329561
42427,4713,9,Heart no Kuni no Alice: Wonderful Wonder World,"Fantasy, Harem, Romance, Shoujo",Movie,1,20532
62480,834,-1,Bleach: The Sealed Sword Frenzy,"Adventure, Comedy, Drama, Fantasy, Shounen, Supernatural",Special,1,73241
46389,2167,6,Clannad,"Comedy, Drama, Romance, School, Slice of Life, Supernatural",TV,23,566690
48565,14713,9,Kamisama Hajimemashita,"Comedy, Demons, Fantasy, Romance, Shoujo, Supernatural",TV,13,189641
72249,11061,9,Hunter x Hunter (2011),"Action, Adventure, Shounen, Super Power",TV,148,425855
21351,192,7,Love Hina Haru Special: Kimi Sakura Chiru Nakare!!,"Adventure, Comedy, Romance",Special,1,40858
57083,2167,7,Clannad,"Comedy, Drama, Romance, School, Slice of Life, Supernatural",TV,23,566690
804,6033,-1,Dragon Ball Kai,"Action, Adventure, Comedy, Fantasy, Martial Arts, Shounen, Super Power",TV,97,116832
66503,2398,10,Digimon Adventure 02: Diablomon no Gyakushuu,"Adventure, Comedy, Drama, Kids, Sci-Fi",Movie,1,31961
14697,8241,-1,Rio: Rainbow Gate!,"Comedy, Ecchi, Game",TV,13,22396
58705,740,8,Bishoujo Senshi Sailor Moon R,"Demons, Magic, Romance, Shoujo",TV,43,73305
13904,223,10,Dragon Ball,"Adventure, Comedy, Fantasy, Martial Arts, Shounen, Super Power",TV,153,316102
10943,1152,8,New Dominion Tank Police,"Comedy, Mecha, Police, Sci-Fi, Shounen",OVA,6,5062
24236,4814,9,Junjou Romantica 2,"Comedy, Drama, Romance, Shounen Ai",TV,12,87617
15009,12729,4,High School DxD OVA,"Comedy, Demons, Ecchi, Romance, School",OVA,2,91154
69232,79,5,Shuffle!,"Comedy, Drama, Ecchi, Fantasy, Harem, Magic, Romance, School, Seinen",TV,24,158772
44383,339,7,Serial Experiments Lain,"Dementia, Drama, Mystery, Psychological, Sci-Fi, Supernatural",TV,13,215829
65178,5690,7,Nodame Cantabile Finale,"Comedy, Josei, Music, Romance",TV,11,67697
49056,7059,10,Black★Rock Shooter (OVA),"Action, Drama, School, Slice of Life",OVA,1,130665
6392,4810,8,Shinzou Ningen Casshern,Action,TV,35,2822
58984,1858,-1,Gakuen Utopia Manabi Straight!,"Comedy, School, Slice of Life",TV,12,19315
53010,5256,-1,"Pokemon Fushigi no Dungeon: Toki no Tankentai, Yami no Tankentai","Adventure, Fantasy",Special,1,6671
20996,1723,10,Clannad Movie,"Drama, Fantasy, Romance, School",Movie,1,99506
7249,2728,8,TWO-MIX: White Reflection,Music,Music,1,1708
20644,11737,9,Ao no Exorcist Movie,"Action, Demons, Fantasy, Shounen, Supernatural",Movie,1,105183
35224,30831,7,Kono Subarashii Sekai ni Shukufuku wo!,"Adventure, Comedy, Fantasy, Supernatural",TV,10,244877
14427,190,8,Love Hina Again,"Comedy, Drama, Ecchi, Romance, Shounen",OVA,3,61154
66731,1536,8,Busou Renkin,"Action, Comedy, Fantasy, School, Shounen, Supernatural",TV,26,104607
43702,2993,8,Rosario to Vampire,"Comedy, Ecchi, Fantasy, Harem, Romance, School, Shounen, Vampire",TV,13,299278
27474,6347,8,Baka to Test to Shoukanjuu,"Comedy, Romance, School, Super Power",TV,13,301282
24561,8841,-1,Kore wa Zombie Desu ka?,"Action, Comedy, Ecchi, Harem, Magic, Supernatural",TV,12,295782
11379,1889,8,Higurashi no Naku Koro ni Kai,"Mystery, Psychological, Supernatural, Thriller",TV,24,218101
70074,20853,8,Hitsugi no Chaika,"Action, Adventure, Comedy, Fantasy, Romance, Shounen",TV,12,164510
51150,550,10,Yu☆Gi☆Oh!,"Action, Comedy, Fantasy, Game, Shounen",TV,27,89243
19572,5525,-1,07-Ghost,"Action, Demons, Fantasy, Magic, Military, Shoujo",TV,25,126083
70449,45,9,Rurouni Kenshin: Meiji Kenkaku Romantan,"Action, Adventure, Comedy, Historical, Romance, Samurai",TV,94,218928
3855,317,10,Final Fantasy VII: Advent Children,"Action, Fantasy, Super Power",Movie,1,138659
7120,11703,8,Code:Breaker,"Action, Comedy, School, Shounen, Super Power, Supernatural",TV,13,135255
52156,554,8,Koutetsu Tenshi Kurumi,"Adventure, Comedy, Drama, Historical, Mecha, Military, Romance, Shounen",TV,24,15653
6015,225,8,Dragon Ball GT,"Action, Adventure, Comedy, Fantasy, Magic, Sci-Fi, Shounen, Super Power",TV,64,226625
29370,752,-1,Osakana wa Ami no Naka,"Drama, Shounen Ai",OVA,1,5435
30895,18,-1,Initial D Fourth Stage,"Action, Cars, Drama, Seinen, Sports",TV,24,41584
38266,5667,6,To LOVE-Ru OVA,"Comedy, Ecchi, Harem, School, Sci-Fi, Shounen",OVA,6,79923
36821,9367,8,Freezing,"Action, Drama, Ecchi, Harem, Martial Arts, Romance, Sci-Fi, Seinen",TV,12,159273
6124,164,8,Mononoke Hime,"Action, Adventure, Fantasy",Movie,1,339556
654,11771,10,Kuroko no Basket,"Comedy, School, Shounen, Sports",TV,25,338315
8629,29854,8,Ushio to Tora (TV),"Action, Adventure, Comedy, Demons, Shounen, Supernatural",TV,26,90931
18030,32268,8,Koyomimonogatari,"Comedy, Mystery, Supernatural",ONA,12,45632
18885,7337,7,"Hetalia Axis Powers Movie: Paint it, White","Comedy, Historical, Parody",Movie,1,36986
42257,16001,9,Kokoro Connect: Michi Random,"Comedy, Drama, Romance, School, Slice of Life, Supernatural",Special,4,106989
12518,31704,7,One Punch Man: Road to Hero,"Action, Comedy, Parody, Sci-Fi, Seinen, Super Power, Supernatural",OVA,1,94839
37062,2418,-1,Stranger: Mukou Hadan,"Action, Adventure, Historical, Samurai",Movie,1,125503
5392,769,7,Burn Up! W,"Comedy, Ecchi, Mecha, Sci-Fi, Shounen",OVA,4,5750
20186,10495,8,Yuru Yuri,"Comedy, School, Shoujo Ai, Slice of Life",TV,12,148140
65469,10647,6,Ao no Exorcist: Ura Ex,"Action, Fantasy, Shounen, Supernatural",Special,10,43615
30613,31859,7,Hai to Gensou no Grimgar,"Action, Adventure, Drama, Fantasy",TV,12,213342
14093,14131,7,Girls und Panzer,"Military, School",TV,12,104275
51267,1519,8,Black Lagoon: The Second Barrage,"Action, Seinen",TV,12,203233
51761,2278,-1,Mahou Yuugi 3D,"Comedy, Magic",OVA,1,1148
70767,14811,9,GJ-bu,"Comedy, School, Slice of Life",TV,12,83838
61122,205,7,Samurai Champloo,"Action, Adventure, Comedy, Historical, Samurai, Shounen",TV,26,390076
38235,1030,6,Heisei Tanuki Gassen Ponpoko,Kids,Movie,1,34263
51100,32681,-1,Uchuu Patrol Luluco,"Action, Adventure, Comedy, Space",TV,13,50236
65857,552,9,Digimon Adventure,"Action, Adventure, Comedy, Fantasy, Kids",TV,54,182208
33185,3457,-1,Vampire Knight,"Drama, Mystery, Romance, Shoujo, Supernatural, Vampire",TV,13,286826
28119,452,7,InuYasha: Toki wo Koeru Omoi,"Adventure, Comedy, Demons, Drama, Fantasy, Historical, Romance, Shounen, Super Power",Movie,1,51354
27723,14237,-1,Busou Shinki,"Action, Sci-Fi, Slice of Life",TV,12,24595
3118,9041,6,IS: Infinite Stratos,"Action, Comedy, Harem, Mecha, Sci-Fi",TV,12,254543
16527,898,-1,Dragon Ball Z Movie 05: Tobikkiri no Saikyou tai Saikyou,"Adventure, Comedy, Fantasy, Sci-Fi, Shounen",Movie,1,59207
10785,104,7,Ayashi no Ceres,"Adventure, Comedy, Drama, Horror, Psychological, Romance, Shoujo, Supernatural",TV,24,38336
51165,5538,7,Tegamibachi: Hikari to Ao no Gensou Yawa,"Adventure, Fantasy, Shounen, Slice of Life, Supernatural",Special,1,10903
34466,10719,8,Boku wa Tomodachi ga Sukunai,"Comedy, Ecchi, Harem, Romance, School, Seinen, Slice of Life",TV,12,325664
37760,16273,10,Acchi Kocchi (TV): Place=Princess,"Comedy, Romance, School, Seinen, Slice of Life",Special,1,26246
6181,457,8,Mushishi,"Adventure, Fantasy, Historical, Mystery, Seinen, Slice of Life, Supernatural",TV,26,300030
21399,8915,-1,Dantalian no Shoka,"Action, Historical, Mystery, Supernatural",TV,12,84779
66260,407,8,Tantei Gakuen Q,"Comedy, Drama, Mystery, Police, Shounen",TV,45,16591
54883,5525,10,07-Ghost,"Action, Demons, Fantasy, Magic, Military, Shoujo",TV,25,126083
40687,534,-1,Slayers,"Adventure, Comedy, Demons, Fantasy, Magic",TV,26,73476
41407,9724,-1,Break Blade 5: Shisen no Hate,"Action, Mecha, Military, Shounen",Movie,1,40053
66653,19369,-1,Outbreak Company,"Comedy, Fantasy, Harem, Parody",TV,12,131520
40018,7593,6,Kiss x Sis (TV),"Comedy, Ecchi, Harem, Romance, School, Seinen",TV,12,215361
30857,66,9,Azumanga Daioh,"Comedy, School, Slice of Life",TV,26,170901
59813,43,3,Ghost in the Shell,"Action, Mecha, Police, Psychological, Sci-Fi, Seinen",Movie,1,223036
10176,4192,8,Hayate no Gotoku!!,"Action, Comedy, Harem, Parody, Romance",TV,25,67323
25953,339,-1,Serial Experiments Lain,"Dementia, Drama, Mystery, Psychological, Sci-Fi, Supernatural",TV,13,215829
23218,16870,8,The Last: Naruto the Movie,"Action, Martial Arts, Romance, Shounen, Super Power",Movie,1,85013
66554,241,-1,Girls Bravo: First Season,"Comedy, Ecchi, Fantasy, Harem, Romance, School",TV,11,84395
34324,270,8,Hellsing,"Action, Horror, Seinen, Supernatural, Vampire",TV,13,308995
60586,19369,6,Outbreak Company,"Comedy, Fantasy, Harem, Parody",TV,12,131520
19791,8514,7,Break Blade 2: Ketsubetsu no Michi,"Action, Fantasy, Mecha, Military, Shounen",Movie,1,44900
6513,243,-1,Gravitation,"Comedy, Music, Romance, Shoujo, Shounen Ai",TV,13,67916
29535,6956,7,Working!!,"Comedy, Slice of Life",TV,13,189367
49553,5,8,Cowboy Bebop: Tengoku no Tobira,"Action, Drama, Mystery, Sci-Fi, Space",Movie,1,137636
492,226,6,Elfen Lied,"Action, Drama, Horror, Psychological, Romance, Seinen, Supernatural",TV,13,623511
23193,11785,7,Haiyore! Nyaruko-san,"Comedy, Parody, Sci-Fi",TV,12,154595
65622,28223,10,Death Parade,"Drama, Game, Mystery, Psychological, Thriller",TV,12,383914
21599,5042,6,Kiss x Sis,"Comedy, Ecchi, Harem, Romance, School, Seinen",OVA,12,125614
47877,5947,6,Tengen Toppa Gurren Lagann Movie: Lagann-hen Special - Viral no Amai Yume,Comedy,OVA,1,19219
64270,6547,-1,Angel Beats!,"Action, Comedy, Drama, School, Supernatural",TV,13,717796
67677,28431,6,Pokemon Omega Ruby &amp; Alpha Sapphire: Mega Special Animation,"Action, Adventure, Fantasy, Kids",ONA,1,4068
39670,6922,8,Fate/stay night Movie: Unlimited Blade Works,"Action, Fantasy, Magic, Supernatural",Movie,1,110983
34364,5030,8,Maria†Holic,"Comedy, Parody, School, Shoujo Ai",TV,12,104663
36613,23233,5,Shinmai Maou no Testament,"Action, Demons, Ecchi, Fantasy, Harem, Romance",TV,12,172321
30496,16498,9,Shingeki no Kyojin,"Action, Drama, Fantasy, Shounen, Super Power",TV,25,896229
64183,6633,7,Queen&#039;s Blade: Gyokuza wo Tsugu Mono,"Action, Adventure, Ecchi, Fantasy",TV,12,31256
16038,781,8,Detective Conan Movie 03: The Last Wizard of the Century,"Adventure, Comedy, Mystery, Police, Shounen",Movie,1,26799
56910,10711,8,Plastic Neesan,"Comedy, School",ONA,12,83977
27333,9253,10,Steins;Gate,"Sci-Fi, Thriller",TV,24,673572
21767,5205,-1,Kara no Kyoukai 7: Satsujin Kousatsu (Kou),"Action, Mystery, Romance, Supernatural, Thriller",Movie,1,95658
51856,1361,10,Final Fantasy: The Spirits Within,Sci-Fi,Movie,1,53822
32551,15117,8,Kami nomi zo Shiru Sekai: Tenri-hen,"Comedy, Harem, Romance, Shounen, Supernatural",OVA,2,68623
58547,5196,8,Aria The Origination Picture Drama,"Fantasy, Sci-Fi, Shounen, Slice of Life",Special,7,7014
21357,20509,-1,Fate/kaleid liner Prisma☆Illya 2wei!,"Action, Comedy, Fantasy, Magic",TV,10,56859
52156,813,7,Dragon Ball Z,"Action, Adventure, Comedy, Fantasy, Martial Arts, Shounen, Super Power",TV,291,375662
24892,431,5,Howl no Ugoku Shiro,"Adventure, Drama, Fantasy, Romance",Movie,1,333186
44993,481,-1,Yu☆Gi☆Oh! Duel Monsters,"Adventure, Game, Shounen",TV,224,132099
40365,10659,7,Naruto Soyokazeden Movie: Naruto to Mashin to Mitsu no Onegai Dattebayo!!,"Action, Comedy, Martial Arts, Shounen, Super Power",Movie,1,25174
7409,1535,8,Death Note,"Mystery, Police, Psychological, Supernatural, Thriller",TV,37,1013917
41325,14807,7,Kara no Kyoukai: Mirai Fukuin,"Drama, Mystery, Seinen, Supernatural",Movie,1,41168
40696,14515,5,Sasami-san@Ganbaranai,"Comedy, Romance, Supernatural",TV,12,55635
8277,419,10,Samurai Deeper Kyou,"Adventure, Comedy, Historical, Shounen, Supernatural",TV,26,38580
2951,788,8,Eiken: Eikenbu yori Ai wo Komete,"Comedy, Ecchi, Harem, School",OVA,2,15764
49503,3982,5,Kairaku Satsujin Chousakan Kouji,Hentai,OVA,3,694
38342,25303,-1,Haikyuu!! OVA,"Shounen, Sports",OVA,2,30063
63909,4224,10,Toradora!,"Comedy, Romance, School, Slice of Life",TV,25,633817
19298,30,9,Neon Genesis Evangelion,"Action, Dementia, Drama, Mecha, Psychological, Sci-Fi",TV,26,461946
57852,2499,8,Slam Dunk: Hoero Basketman-damashii! Hanamichi to Rukawa no Atsuki Natsu,"Comedy, Drama, School, Shounen, Slice of Life, Sports",Movie,1,7856
7273,853,9,Ouran Koukou Host Club,"Comedy, Harem, Romance, School, Shoujo",TV,26,422271
39511,30276,10,One Punch Man,"Action, Comedy, Parody, Sci-Fi, Seinen, Super Power, Supernatural",TV,12,552458
34852,1195,9,Zero no Tsukaima,"Action, Adventure, Comedy, Ecchi, Fantasy, Harem, Magic, Romance, School",TV,13,346828
60577,20,8,Naruto,"Action, Comedy, Martial Arts, Shounen, Super Power",TV,220,683297
66706,445,7,Tales of Eternia The Animation,"Adventure, Comedy, Fantasy, Romance, Shounen",TV,13,11582
45372,12445,7,Tasogare Otome x Amnesia,"Horror, Mystery, Romance, School, Shounen, Supernatural",TV,12,172367
58758,1107,8,Youjuu Toshi,"Action, Adventure, Demons, Drama, Horror, Super Power",Movie,1,13480
16079,472,8,To Heart,"Drama, Harem, Romance, School, Slice of Life",TV,13,16757
48278,6548,-1,Tengen Toppa Gurren Lagann: Kirameki★Yoko Box - Pieces of Sweet Stars,"Ecchi, Music",Music,1,18991
24872,11633,-1,Blood Lad,"Action, Comedy, Demons, Seinen, Supernatural, Vampire",TV,10,241513
2721,28121,-1,Dungeon ni Deai wo Motomeru no wa Machigatteiru Darou ka,"Action, Adventure, Comedy, Fantasy, Romance",TV,13,336349
68104,8514,-1,Break Blade 2: Ketsubetsu no Michi,"Action, Fantasy, Mecha, Military, Shounen",Movie,1,44900
14945,2993,6,Rosario to Vampire,"Comedy, Ecchi, Fantasy, Harem, Romance, School, Shounen, Vampire",TV,13,299278
73426,298,7,.hack//Tasogare no Udewa Densetsu,"Adventure, Comedy, Fantasy, Game, Sci-Fi, Shounen",TV,12,47679
44497,10589,7,Naruto: Shippuuden Movie 5 - Blood Prison,"Action, Adventure, Martial Arts, Mystery, Shounen, Super Power",Movie,1,75660
24296,9513,9,Beelzebub,"Action, Comedy, Demons, School, Shounen, Supernatural",TV,60,217752
49596,979,9,Street Fighter Zero The Animation,"Action, Drama, Martial Arts, Shounen, Super Power",Movie,1,10118
44458,27727,-1,Binan Koukou Chikyuu Bouei-bu LOVE!,"Comedy, Magic, School, Slice of Life",TV,12,45873
56641,65,8,Rozen Maiden: Träumend,"Action, Comedy, Drama, Magic, Seinen",TV,12,72645
44150,7580,-1,Ikkitousen: Xtreme Xecutor,"Action, Ecchi, Martial Arts, School, Super Power",TV,12,28260
32737,13367,7,"Kono Naka ni Hitori, Imouto ga Iru!","Comedy, Ecchi, Harem, Mystery, Romance, School, Seinen",TV,12,92252
25079,5630,8,Higashi no Eden,"Action, Comedy, Drama, Mystery, Romance, Sci-Fi, Thriller",TV,11,276593
55648,6862,9,K-On!: Live House!,"Comedy, Music, School, Slice of Life",Special,1,70787
18270,3359,5,Amatsuki,"Action, Fantasy, Historical, Shoujo, Supernatural",TV,13,41920
16843,2476,5,School Days,"Drama, Harem, Romance, School",TV,12,279183
42235,5231,5,Inazuma Eleven,"Shounen, Sports, Super Power",TV,127,42677
58631,4181,6,Clannad: After Story,"Drama, Fantasy, Romance, Slice of Life, Supernatural",TV,24,456749
25455,1067,7,Kishin Houkou Demonbane (TV),"Action, Ecchi, Harem, Magic, Mecha, Romance, Shounen",TV,12,25443
38423,1594,7,Jigoku Shoujo Futakomori,"Horror, Mystery, Psychological, Supernatural",TV,26,79816
45004,8557,6,Shinryaku! Ika Musume,"Comedy, Shounen, Slice of Life",TV,12,95242
4483,138,9,Hunter x Hunter: Greed Island,"Action, Adventure, Shounen, Super Power",OVA,8,57029
11069,6880,8,Deadman Wonderland,"Action, Horror, Sci-Fi",TV,12,453454
28639,3588,-1,Soul Eater,"Action, Adventure, Comedy, Fantasy, Shounen, Supernatural",TV,51,580184
49086,18153,-1,Kyoukai no Kanata,"Fantasy, Slice of Life, Supernatural",TV,12,359011
30905,6878,-1,Usavich Special,"Adventure, Comedy",Special,1,1352
4572,1535,10,Death Note,"Mystery, Police, Psychological, Supernatural, Thriller",TV,37,1013917
37499,10793,6,Guilty Crown,"Action, Drama, Sci-Fi, Super Power",TV,22,460959
72329,121,7,Fullmetal Alchemist,"Action, Adventure, Comedy, Drama, Fantasy, Magic, Military, Shounen",TV,51,600384
61488,303,7,Aa! Megami-sama!: Chichaitte Koto wa Benri da ne,"Comedy, Magic, Supernatural",TV,48,15937
14128,9539,-1,Cardfight!! Vanguard,"Action, Adventure, Demons, Game, Shounen",TV,65,24821
59988,1604,9,Katekyo Hitman Reborn!,"Action, Comedy, Shounen, Super Power",TV,203,258103
67866,11061,9,Hunter x Hunter (2011),"Action, Adventure, Shounen, Super Power",TV,148,425855
45814,12477,8,Sakasama no Patema,"Sci-Fi, Seinen",Movie,1,89749
911,22319,10,Tokyo Ghoul,"Action, Drama, Horror, Mystery, Psychological, Seinen, Supernatural",TV,12,618056
48375,434,4,Legend of Lemnear: Kyokuguro no Tsubasa Valkisas,"Action, Adventure, Fantasy",OVA,1,3367
20893,8525,-1,Kami nomi zo Shiru Sekai,"Comedy, Harem, Romance, Shounen, Supernatural",TV,12,284846
13168,32664,-1,Bananya,"Comedy, Kids, Slice of Life",TV,13,23724
56542,1699,10,Romeo x Juliet,"Drama, Fantasy, Historical, Romance",TV,24,91530
12595,28497,8,Rokka no Yuusha,"Action, Adventure, Fantasy, Magic, Mystery",TV,12,218747
12835,879,9,Simoun,"Drama, Magic, Military, Romance, Shoujo Ai",TV,26,24664
16914,813,9,Dragon Ball Z,"Action, Adventure, Comedy, Fantasy, Martial Arts, Shounen, Super Power",TV,291,375662
31847,10049,8,Nurarihyon no Mago: Sennen Makyou,"Action, Demons, Shounen, Supernatural",TV,24,75612
33502,11235,9,Amagami SS+ Plus,"Comedy, Romance, School, Slice of Life",TV,13,73813
56449,14653,8,Hayate no Gotoku! Can&#039;t Take My Eyes Off You,"Comedy, Harem, Parody, Shounen",TV,12,31435
63412,9253,-1,Steins;Gate,"Sci-Fi, Thriller",TV,24,673572
53140,9107,9,Pokemon Best Wishes!,"Action, Adventure, Comedy, Fantasy, Kids",TV,84,33730
68056,1506,10,Detective Conan Movie 10: Requiem of the Detectives,"Adventure, Comedy, Mystery, Police, Shounen",Movie,1,21789
67359,4224,8,Toradora!,"Comedy, Romance, School, Slice of Life",TV,25,633817
35371,14813,9,Yahari Ore no Seishun Love Comedy wa Machigatteiru.,"Comedy, Drama, Romance, School",TV,13,353876
3675,14289,5,Sukitte Ii na yo.,"Romance, School, Shoujo",TV,13,233410
33830,31964,7,Boku no Hero Academia,"Action, Comedy, School, Shounen, Super Power",TV,13,282002
35781,11761,5,Medaka Box,"Action, Comedy, Ecchi, Martial Arts, School, Shounen, Super Power",TV,12,110042
36568,13667,9,Naruto: Shippuuden Movie 6 - Road to Ninja,"Action, Adventure, Martial Arts, Shounen, Super Power",Movie,1,87369
16620,14833,9,Maoyuu Maou Yuusha,"Adventure, Demons, Fantasy, Historical, Romance",TV,12,164445
50021,121,8,Fullmetal Alchemist,"Action, Adventure, Comedy, Drama, Fantasy, Magic, Military, Shounen",TV,51,600384
40691,3220,-1,Kanashimi no Belladonna,"Drama, Hentai",Movie,1,6599
16175,16157,8,Choujigen Game Neptune The Animation,"Action, Comedy, Fantasy, Parody, Sci-Fi, Supernatural",TV,12,71901
7915,22547,7,Blade &amp; Soul,"Action, Adventure, Fantasy, Martial Arts",TV,13,72692
29075,6413,1,Go! Go! Ackman,"Action, Comedy, Supernatural",OVA,1,450
27157,13759,9,Sakurasou no Pet na Kanojo,"Comedy, Drama, Romance, School, Slice of Life",TV,24,380375
67032,10659,-1,Naruto Soyokazeden Movie: Naruto to Mashin to Mitsu no Onegai Dattebayo!!,"Action, Comedy, Martial Arts, Shounen, Super Power",Movie,1,25174
70921,13161,-1,Hagure Yuusha no Aesthetica,"Action, Ecchi, Fantasy, Super Power",TV,12,156044
18239,16694,8,Sankarea: Wagahai mo... Zombie de Aru...,"Comedy, Ecchi, Horror, Romance, Shounen, Supernatural",Special,1,36573
68094,2034,8,Lovely★Complex,"Comedy, Romance, Shoujo",TV,24,235003
47018,11837,9,Zetman,"Action, Drama, Horror, Romance, Sci-Fi, Seinen, Supernatural",TV,13,65633
63594,6702,9,Fairy Tail,"Action, Adventure, Comedy, Fantasy, Magic, Shounen",TV,175,584590
16751,2926,9,Myself; Yourself,"Drama, Romance, School",TV,13,115075
51881,856,8,Utawarerumono,"Action, Drama, Fantasy, Sci-Fi",TV,26,91034
25345,4835,8,Bleach Movie 3: Fade to Black - Kimi no Na wo Yobu,"Action, Comedy, Shounen, Super Power, Supernatural",Movie,1,122373
23435,3784,9,Evangelion: 2.0 You Can (Not) Advance,"Action, Mecha, Sci-Fi",Movie,1,182224
13138,257,7,Ikkitousen,"Ecchi, Martial Arts, School, Super Power",TV,13,88969
42368,164,8,Mononoke Hime,"Action, Adventure, Fantasy",Movie,1,339556
53359,21995,7,Ao Haru Ride,"Comedy, Drama, Romance, School, Shoujo, Slice of Life",TV,12,227417
48112,10079,6,Hoshizora e Kakaru Hashi,"Comedy, Ecchi, Harem, Romance, School",TV,12,85178
23631,896,7,Dragon Ball Z Movie 03: Chikyuu Marugoto Choukessen,"Adventure, Comedy, Fantasy, Sci-Fi, Shounen",Movie,1,57840
25118,1174,-1,Munto,"Fantasy, Magic, Romance",OVA,1,12271
27232,1535,8,Death Note,"Mystery, Police, Psychological, Supernatural, Thriller",TV,37,1013917
59516,12255,6,Carnival Phantasm: Illya-jou,"Comedy, Parody",Special,1,19277
52253,3354,5,Zombie-Loan Specials,"Action, Shounen, Supernatural",Special,2,22182
5357,9938,7,Ikoku Meiro no Croisée The Animation,"Historical, Seinen, Slice of Life",TV,12,38652
14670,22319,8,Tokyo Ghoul,"Action, Drama, Horror, Mystery, Psychological, Seinen, Supernatural",TV,12,618056
26963,1698,-1,Nodame Cantabile,"Comedy, Drama, Josei, Music, Romance, Slice of Life",TV,23,157025
66535,8424,-1,MM!,"Comedy, Ecchi, Harem, School",TV,12,129672
57485,1688,8,Nanatsu-iro★Drops,"Magic, Romance, School",TV,12,16604
29831,22147,9,Amagi Brilliant Park,"Comedy, Magic",TV,13,217003
67981,10163,9,C: The Money of Soul and Possibility Control,"Action, Mystery, Super Power, Thriller",TV,11,156853
60968,2236,9,Toki wo Kakeru Shoujo,"Adventure, Drama, Romance, Sci-Fi",Movie,1,289206
52131,191,9,Love Hina Christmas Special: Silent Eve,"Comedy, Romance, Slice of Life",Special,1,45137
7325,11179,5,Papa no Iukoto wo Kikinasai!,"Comedy, Romance, Slice of Life",TV,12,97674
13523,30749,7,Saijaku Muhai no Bahamut,"Action, Ecchi, Fantasy, Harem, Mecha, Romance, School, Supernatural",TV,12,94430
10270,21339,6,Psycho-Pass Movie,"Action, Military, Police, Sci-Fi",Movie,1,94677
63060,23273,8,Shigatsu wa Kimi no Uso,"Drama, Music, Romance, School, Shounen",TV,22,416397
15991,815,5,"Prince of Tennis: The Two Samurai, The First Game","Action, Shounen, Sports",Movie,1,14249
50118,5356,-1,Canaan,"Action, Seinen",TV,13,123217
46520,8769,6,Ore no Imouto ga Konnani Kawaii Wake ga Nai,"Comedy, Seinen, Slice of Life",TV,12,321477
68725,24751,-1,Akuma no Riddle: Shousha wa Dare? Nukiuchi Test,"Action, Comedy, Ecchi, Shoujo Ai",Special,1,19147
18088,11837,8,Zetman,"Action, Drama, Horror, Romance, Sci-Fi, Seinen, Supernatural",TV,13,65633
60906,2002,10,Heroic Age,"Action, Mecha, Military, Sci-Fi, Space",TV,26,62530
48311,20507,7,Noragami,"Action, Adventure, Shounen, Supernatural",TV,12,515378
73118,2994,-1,Death Note Rewrite,"Mystery, Police, Psychological, Supernatural, Thriller",Special,2,88699
20317,4214,7,Rosario to Vampire Capu2,"Comedy, Ecchi, Fantasy, Harem, Romance, School, Vampire",TV,13,203958
34294,8917,-1,Mouretsu Pirates,"Sci-Fi, Space",TV,26,48245
2623,481,9,Yu☆Gi☆Oh! Duel Monsters,"Adventure, Game, Shounen",TV,224,132099
4781,1532,7,Suki na Mono wa Suki Dakara Shou ga Nai!!,"Comedy, Drama, Romance, Shoujo, Shounen Ai, Slice of Life",TV,12,30723
1327,6624,-1,Kara no Kyoukai Remix: Gate of Seventh Heaven,"Action, Mystery, Romance, Super Power, Thriller",Movie,1,24735
35602,23333,10,DRAMAtical Murder,"Action, Psychological, Sci-Fi, Super Power",TV,12,80121
70589,30654,9,Ansatsu Kyoushitsu (TV) 2nd Season,"Action, Comedy, School, Shounen",TV,25,176475
22760,934,-1,Higurashi no Naku Koro ni,"Horror, Mystery, Psychological, Supernatural, Thriller",TV,26,359494
27760,8277,10,Hyakka Ryouran: Samurai Girls,"Action, Comedy, Ecchi, Harem, Samurai, School",TV,12,99201
69627,23341,6,Mahouka Koukou no Rettousei: Yoku Wakaru Mahouka!,"Comedy, Magic",ONA,6,13068
29968,228,6,Jigoku Shoujo,"Horror, Mystery, Psychological, Supernatural",TV,26,172415
32449,874,9,Digimon Tamers,"Adventure, Comedy, Drama, Fantasy, Shounen",TV,51,94391
49714,138,8,Hunter x Hunter: Greed Island,"Action, Adventure, Shounen, Super Power",OVA,8,57029
34416,6213,-1,Toaru Kagaku no Railgun,"Action, Sci-Fi, Super Power",TV,24,231079
57680,8231,7,Princess Lover!: Magical Knight Maria-chan,"Magic, Parody",Special,6,5960
15768,5682,-1,Phantom: Requiem for the Phantom,"Action, Drama, Seinen, Thriller",TV,26,159105
39406,13469,7,Hyouka: Motsubeki Mono wa,Slice of Life,OVA,1,68823
54245,1723,9,Clannad Movie,"Drama, Fantasy, Romance, School",Movie,1,99506
53222,221,-1,Mezzo Forte,"Action, Comedy, Hentai, Sci-Fi",OVA,2,14651
10795,241,7,Girls Bravo: First Season,"Comedy, Ecchi, Fantasy, Harem, Romance, School",TV,11,84395
530,60,7,Chrno Crusade,"Action, Demons, Historical, Romance, Supernatural",TV,24,140865
71302,11079,8,Kill Me Baby,"Comedy, School, Seinen",TV,13,54288
53455,422,8,Stratos 4 OVA,"Comedy, Military, Sci-Fi, Shounen",OVA,2,2133
64510,7058,10,Uragiri wa Boku no Namae wo Shitteiru,"Adventure, Drama, Fantasy, Shoujo, Shounen Ai",TV,24,55040
61184,51,10,Tenshi Kinryouku,"Action, Drama, Romance, Shoujo, Supernatural",OVA,3,36352
65059,431,8,Howl no Ugoku Shiro,"Adventure, Drama, Fantasy, Romance",Movie,1,333186
42635,853,8,Ouran Koukou Host Club,"Comedy, Harem, Romance, School, Shoujo",TV,26,422271
35838,1860,8,Tokyo Majin Gakuen Kenpucho: Tou,"Action, Drama, Fantasy, Horror, Martial Arts, School, Supernatural",TV,14,43632
43282,8675,-1,Seitokai Yakuindomo,"Comedy, School, Shounen, Slice of Life",TV,13,217617
49495,517,5,School Rumble Ichi Gakki Hoshuu,"Comedy, Romance, School, Shounen",OVA,2,40868
58233,228,-1,Jigoku Shoujo,"Horror, Mystery, Psychological, Supernatural",TV,26,172415
47874,11013,-1,Inu x Boku SS,"Comedy, Romance, Shounen, Supernatural",TV,12,216204
5954,9736,9,Astarotte no Omocha!,"Comedy, Demons, Ecchi, Fantasy, Romance, Seinen",TV,12,73064
8342,10110,8,Mayo Chiki!,"Comedy, Ecchi, Harem, Romance, School",TV,13,192219
66688,247,-1,Harukanaru Toki no Naka de: Hachiyou Shou,"Demons, Fantasy, Historical, Magic, Shoujo, Supernatural",TV,26,14550
32899,139,8,Hunter x Hunter: Greed Island Final,"Action, Adventure, Shounen, Super Power",OVA,14,55787
59493,1731,10,Tales of Symphonia The Animation: Sylvarant-hen,"Action, Adventure, Fantasy, Magic, Martial Arts, Shounen",OVA,4,35730
59758,6707,5,Kuroshitsuji II,"Action, Comedy, Demons, Fantasy, Shounen, Supernatural",TV,12,234955
21576,16498,10,Shingeki no Kyojin,"Action, Drama, Fantasy, Shounen, Super Power",TV,25,896229
7212,934,8,Higurashi no Naku Koro ni,"Horror, Mystery, Psychological, Supernatural, Thriller",TV,26,359494
44468,4053,9,Prince of Tennis: The National Tournament Finals,"Comedy, School, Shounen, Sports",OVA,7,21020
14584,20709,7,Sabagebu!,"Action, Comedy, Military, Shoujo",TV,12,67306
5231,61,10,D.N.Angel,"Action, Comedy, Fantasy, Magic, Romance, School, Shoujo",TV,26,126914
30004,61,10,D.N.Angel,"Action, Comedy, Fantasy, Magic, Romance, School, Shoujo",TV,26,126914
65497,27775,8,Plastic Memories,"Drama, Romance, Sci-Fi",TV,13,213493
66218,8937,9,Toaru Majutsu no Index II,"Action, Magic, Sci-Fi, Super Power",TV,24,184520
27500,7059,9,Black★Rock Shooter (OVA),"Action, Drama, School, Slice of Life",OVA,1,130665
46442,9734,6,K-On!!: Keikaku!,"Comedy, Music, School, Slice of Life",Special,1,50496
66021,6880,-1,Deadman Wonderland,"Action, Horror, Sci-Fi",TV,12,453454
18771,17717,-1,Mobile Suit Gundam: The 08th MS Team - A Battle with the Third Dimension,"Action, Mecha, Military",Special,1,3547
38039,23755,9,Nanatsu no Taizai,"Action, Adventure, Ecchi, Fantasy, Shounen, Supernatural",TV,24,331627
13032,2025,-1,Darker than Black: Kuro no Keiyakusha,"Action, Mystery, Sci-Fi, Super Power",TV,25,440334
73114,9181,7,Motto To LOVE-Ru,"Comedy, Ecchi, Harem, School, Sci-Fi, Shounen",TV,12,134988
37396,23269,7,Hello!! Kiniro Mosaic,"Comedy, School, Slice of Life",TV,12,33295
53698,9542,7,Puttsun Make Love,"Comedy, Ecchi, Romance",OVA,6,142
26922,226,8,Elfen Lied,"Action, Drama, Horror, Psychological, Romance, Seinen, Supernatural",TV,13,623511
26465,31043,-1,Boku dake ga Inai Machi,"Mystery, Psychological, Seinen, Supernatural",TV,12,402381
33452,31405,-1,Joker Game,"Drama, Historical, Military",TV,12,102560
22079,387,8,Haibane Renmei,"Drama, Fantasy, Mystery, Psychological, Slice of Life",TV,13,120731
40262,5681,6,Summer Wars,"Comedy, Sci-Fi",Movie,1,223359
47864,47,9,Akira,"Action, Adventure, Horror, Military, Sci-Fi, Supernatural",Movie,1,215897
47440,12149,-1,AKB0048,"Music, Sci-Fi",TV,13,37763
72347,20583,7,Haikyuu!!,"Comedy, Drama, School, Shounen, Sports",TV,25,284498
24545,8425,8,Gosick,"Drama, Historical, Mystery, Romance",TV,24,232113
66804,2167,10,Clannad,"Comedy, Drama, Romance, School, Slice of Life, Supernatural",TV,23,566690
64863,225,-1,Dragon Ball GT,"Action, Adventure, Comedy, Fantasy, Magic, Sci-Fi, Shounen, Super Power",TV,64,226625
59953,240,7,Genshiken,"Comedy, Parody, Slice of Life",TV,12,104258
9224,7647,-1,Arakawa Under the Bridge,"Comedy, Romance, Seinen",TV,13,162622
4498,3702,8,Detroit Metal City,"Comedy, Music",OVA,12,104893
7718,1726,8,Devil May Cry,"Action, Demons, Fantasy",TV,12,166398
12086,4181,10,Clannad: After Story,"Drama, Fantasy, Romance, Slice of Life, Supernatural",TV,24,456749
58712,5764,7,Zero no Tsukaima: Princesses no Rondo - Yuuwaku no Sunahama,"Comedy, Ecchi, Fantasy, Harem, Magic",Special,1,51816
22706,8425,7,Gosick,"Drama, Historical, Mystery, Romance",TV,24,232113
57640,9253,9,Steins;Gate,"Sci-Fi, Thriller",TV,24,673572
38965,6408,8,&quot;Bungaku Shoujo&quot; Movie,"Drama, Mystery, Romance, School",Movie,1,40984
23486,5204,7,Kara no Kyoukai 6: Boukyaku Rokuon,"Action, Magic, Mystery, Romance, Supernatural, Thriller",Movie,1,93803
35802,20977,8,Tonari no Seki-kun OVA,"Comedy, School, Seinen",OVA,1,20774
26923,256,8,Hoshi no Koe,"Drama, Mecha, Romance, Sci-Fi, Space",OVA,1,85492
59643,98,9,Mai-HiME,"Action, Comedy, Drama, Fantasy, Magic, Mecha, Romance, School, Shoujo Ai",TV,26,76492
63125,3297,10,Aria The Origination,"Fantasy, Sci-Fi, Shounen, Slice of Life",TV,13,56162
67412,2476,8,School Days,"Drama, Harem, Romance, School",TV,12,279183
53419,28069,8,Shigatsu wa Kimi no Uso: Moments,"Music, Shounen",OVA,1,41368
34259,23487,7,Witch Craft Works Specials,"Comedy, Magic",Special,6,4311
48144,20,8,Naruto,"Action, Comedy, Martial Arts, Shounen, Super Power",TV,220,683297
21974,14967,8,Boku wa Tomodachi ga Sukunai Next,"Comedy, Harem, Romance, School, Seinen, Slice of Life",TV,12,214319
65728,4087,9,Michiko to Hatchin,"Action, Adventure",TV,22,82625
57249,5682,7,Phantom: Requiem for the Phantom,"Action, Drama, Seinen, Thriller",TV,26,159105
48367,19815,8,No Game No Life,"Adventure, Comedy, Ecchi, Fantasy, Game, Supernatural",TV,12,602291
1890,16417,7,Tamako Market,"Comedy, Slice of Life",TV,12,128529
61288,20,8,Naruto,"Action, Comedy, Martial Arts, Shounen, Super Power",TV,220,683297
68931,9969,9,Gintama&#039;,"Action, Comedy, Historical, Parody, Samurai, Sci-Fi, Shounen",TV,51,151266
15606,19815,8,No Game No Life,"Adventure, Comedy, Ecchi, Fantasy, Game, Supernatural",TV,12,602291
8074,9241,8,Super Robot Taisen OG: The Inspector,"Action, Mecha, Sci-Fi, Space",TV,26,5962
73152,4719,5,Queen&#039;s Blade: Rurou no Senshi,"Action, Adventure, Ecchi, Fantasy",TV,12,51170
66816,22831,7,Abarenbou Rikishi!! Matsutarou,"Seinen, Sports",TV,23,5568
5533,419,6,Samurai Deeper Kyou,"Adventure, Comedy, Historical, Shounen, Supernatural",TV,26,38580
38635,879,-1,Simoun,"Drama, Magic, Military, Romance, Shoujo Ai",TV,26,24664
27364,5501,-1,Gun x Sword-san,"Action, Dementia, Parody",Special,13,2168
48682,585,8,Mimi wo Sumaseba,"Adventure, Drama, Fantasy, Romance, Slice of Life",Movie,1,94435
54350,4970,10,Afro Samurai: Resurrection,"Action, Adventure, Samurai",Movie,1,51064
49192,15883,6,Fantasista Doll,"Fantasy, Magic, Sci-Fi",TV,12,18799
40901,12403,10,Yuru Yuri♪♪,"Comedy, School, Shoujo Ai, Slice of Life",TV,12,83097
26655,539,8,Tenchi Muyou! Ryououki,"Action, Comedy, Sci-Fi, Shounen, Space",OVA,6,25902
3214,30276,10,One Punch Man,"Action, Comedy, Parody, Sci-Fi, Seinen, Super Power, Supernatural",TV,12,552458
39408,1016,7,Gunnm,"Drama, Mecha, Sci-Fi, Shounen",OVA,2,22648
4067,372,8,Cardcaptor Sakura Movie 2: Fuuin Sareta Card,"Comedy, Drama, Fantasy, Magic, Romance, Shoujo",Movie,1,60637
60363,370,8,Burn Up Excess,"Action, Adventure, Comedy, Ecchi, Police, Sci-Fi, Shounen",TV,13,6402
62969,9260,8,Kizumonogatari I: Tekketsu-hen,"Mystery, Supernatural, Vampire",Movie,1,99579
26619,15583,9,Date A Live,"Comedy, Harem, Mecha, Romance, School, Sci-Fi",TV,12,301358
38578,3470,7,Special A,"Comedy, Romance, School, Shoujo",TV,24,173603
54429,238,8,Rekka no Honoo,"Action, Adventure, Martial Arts, Shounen, Super Power",TV,42,35258
57423,16894,10,Kuroko no Basket 2nd Season,"Comedy, School, Shounen, Sports",TV,25,243325
47831,4182,7,Darker than Black: Kuro no Keiyakusha Special,"Comedy, Parody, Sci-Fi",Special,1,87609
60025,2899,7,Higurashi no Naku Koro ni Special: Nekogoroshi-hen,"Comedy, Mystery",Special,1,46415
61547,17269,8,Captain Harlock,"Action, Drama, Sci-Fi, Space",Movie,1,25484
72305,14837,9,Dragon Ball Z Movie 14: Kami to Kami,"Action, Adventure, Fantasy, Martial Arts, Shounen, Super Power",Movie,1,66471
67480,262,7,Happy☆Lesson: The Final,"Comedy, Harem, Romance, School",OVA,3,6371
27156,1559,7,Shijou Saikyou no Deshi Kenichi,"Action, Comedy, Martial Arts, School, Shounen",TV,50,129112
73286,763,-1,Zoids,"Action, Adventure, Comedy, Mecha, Sci-Fi",TV,67,27614
51836,2570,9,Ochame na Futago: Claire Gakuin Monogatari,"Comedy, Historical, Kids, School, Shoujo, Slice of Life",TV,26,1228
33097,9253,10,Steins;Gate,"Sci-Fi, Thriller",TV,24,673572
32160,3456,7,Candy☆Boy: Side Story For Archive,"Romance, School, Shoujo Ai",ONA,1,20294
69044,6165,6,White Album 2nd Season,"Drama, Harem, Music, Romance",TV,13,24889
36862,8841,6,Kore wa Zombie Desu ka?,"Action, Comedy, Ecchi, Harem, Magic, Supernatural",TV,12,295782
34709,9253,9,Steins;Gate,"Sci-Fi, Thriller",TV,24,673572
56581,4282,9,Kara no Kyoukai 5: Mujun Rasen,"Action, Drama, Mystery, Romance, Supernatural, Thriller",Movie,1,111074
54953,853,-1,Ouran Koukou Host Club,"Comedy, Harem, Romance, School, Shoujo",TV,26,422271
2580,27787,7,Nisekoi:,"Comedy, Harem, Romance, School, Shounen",TV,12,180686
61438,1840,7,Zero no Tsukaima: Futatsuki no Kishi,"Action, Adventure, Comedy, Ecchi, Fantasy, Harem, Magic, Romance, School",TV,12,235684
53942,186,8,Initial D Second Stage,"Action, Cars, Drama, Seinen, Sports",TV,13,45825
67303,5681,8,Summer Wars,"Comedy, Sci-Fi",Movie,1,223359
866,11241,9,Brave 10,"Action, Adventure, Historical, Samurai, Seinen, Super Power",TV,12,82205
24880,232,7,Cardcaptor Sakura,"Adventure, Comedy, Drama, Fantasy, Magic, Romance, School, Shoujo",TV,70,181249
66375,610,7,Popotan,"Comedy, Drama, Ecchi, Supernatural",TV,12,15230
64514,6547,10,Angel Beats!,"Action, Comedy, Drama, School, Supernatural",TV,13,717796
8308,3974,7,Tetsuwan Birdy Decode,"Action, Comedy, Sci-Fi",TV,13,50384
23877,10162,10,Usagi Drop,"Josei, Slice of Life",TV,11,194855
5346,5205,10,Kara no Kyoukai 7: Satsujin Kousatsu (Kou),"Action, Mystery, Romance, Supernatural, Thriller",Movie,1,95658
67032,4581,-1,Shikabane Hime: Aka,"Action, Horror, Martial Arts",TV,13,71502
48625,4752,-1,Vampire Knight Guilty,"Drama, Mystery, Romance, Shoujo, Supernatural, Vampire",TV,13,198492
37210,16498,10,Shingeki no Kyojin,"Action, Drama, Fantasy, Shounen, Super Power",TV,25,896229
48515,8074,-1,Highschool of the Dead,"Action, Ecchi, Horror, Supernatural",TV,12,535892
34466,17831,8,Inu to Hasami wa Tsukaiyou,"Comedy, Supernatural",TV,12,69526
22158,11617,7,High School DxD,"Comedy, Demons, Ecchi, Harem, Romance, School",TV,12,398660
58950,28,8,Yakitate!! Japan,"Comedy, Shounen",TV,69,50876
24166,1929,7,Futari wa Precure: Max Heart,"Action, Comedy, Fantasy, Magic, Shoujo",TV,47,7189
23920,10711,-1,Plastic Neesan,"Comedy, School",ONA,12,83977
24098,16001,7,Kokoro Connect: Michi Random,"Comedy, Drama, Romance, School, Slice of Life, Supernatural",Special,4,106989
58994,2462,6,Toushinden,"Action, Martial Arts",OVA,2,2400
43023,4081,-1,Natsume Yuujinchou,"Drama, Fantasy, Shoujo, Slice of Life, Supernatural",TV,13,210736
38224,5680,9,K-On!,"Comedy, Music, School, Slice of Life",TV,13,386048
45457,9000,8,Toaru Hikuushi e no Tsuioku,"Adventure, Military, Romance",Movie,1,28857
23286,29976,6,Dance with Devils,"Demons, Harem, Romance, Shoujo, Supernatural",TV,12,38618
5057,3247,7,Love Hina Final Selection,"Comedy, Ecchi, Harem, Romance",OVA,1,21824
39366,357,10,Bokusatsu Tenshi Dokuro-chan,"Comedy, Ecchi, Magic",OVA,4,117080
62863,21755,8,New Prince of Tennis OVA vs. Genius10,"Action, Comedy, Shounen, Sports",OVA,10,6238
48820,9756,9,Mahou Shoujo Madoka★Magica,"Drama, Magic, Psychological, Thriller",TV,12,462974
50974,408,7,Final Fantasy VII: Last Order,"Action, Adventure, Drama, Fantasy, Sci-Fi",OVA,1,48041
40733,245,10,Great Teacher Onizuka,"Comedy, Drama, School, Shounen, Slice of Life",TV,43,268487
5892,298,8,.hack//Tasogare no Udewa Densetsu,"Adventure, Comedy, Fantasy, Game, Sci-Fi, Shounen",TV,12,47679
12580,18441,10,Blood Lad: Wagahai wa Neko de wa Nai,"Action, Comedy, Demons, Seinen, Supernatural, Vampire",OVA,1,48728
49591,1519,8,Black Lagoon: The Second Barrage,"Action, Seinen",TV,12,203233
5413,15,9,Eyeshield 21,"Action, Comedy, Shounen, Sports",TV,145,83648
5766,210,8,Ranma ½,"Comedy, Fantasy, Martial Arts, Slice of Life",TV,161,105212
45391,28249,8,Arslan Senki (TV),"Action, Adventure, Drama, Fantasy, Historical, Shounen",TV,25,152811
37646,199,8,Sen to Chihiro no Kamikakushi,"Adventure, Drama, Supernatural",Movie,1,466254
24413,4715,-1,Shigofumi Special,"Drama, Fantasy, Psychological, Thriller",Special,1,11797
10298,5233,-1,Slayers Evolution-R,"Adventure, Comedy, Fantasy",TV,13,20508
31297,10719,8,Boku wa Tomodachi ga Sukunai,"Comedy, Ecchi, Harem, Romance, School, Seinen, Slice of Life",TV,12,325664
47202,16528,10,Hal,"Romance, Sci-Fi, Shoujo",Movie,1,50812
61778,22535,8,Kiseijuu: Sei no Kakuritsu,"Action, Drama, Horror, Psychological, Sci-Fi, Seinen",TV,24,425457
57965,25,8,Sunabouzu,"Action, Adventure, Comedy, Ecchi, Sci-Fi, Shounen",TV,24,65516
7502,509,6,I My Me! Strawberry Eggs,"Comedy, Drama, Romance, School, Slice of Life",TV,13,25043
42551,28223,7,Death Parade,"Drama, Game, Mystery, Psychological, Thriller",TV,12,383914
18469,11465,6,Tsuma no Haha Sayuri,Hentai,OVA,2,2071
28025,164,10,Mononoke Hime,"Action, Adventure, Fantasy",Movie,1,339556
60896,5675,7,Basquash!,"Ecchi, Mecha, Shounen, Sports",TV,26,30323
21970,10620,-1,Mirai Nikki (TV),"Action, Mystery, Psychological, Shounen, Supernatural, Thriller",TV,26,657190
35021,29786,-1,Shimoneta to Iu Gainen ga Sonzai Shinai Taikutsu na Sekai,"Comedy, Ecchi, School",TV,12,193822
58388,849,9,Suzumiya Haruhi no Yuuutsu,"Comedy, Mystery, Parody, School, Sci-Fi, Slice of Life",TV,14,428569
28631,3058,8,Darling,Hentai,OVA,3,3600
48188,1823,7,Shin Hakkenden,"Action, Adventure, Martial Arts, Sci-Fi",TV,26,2692
1497,17777,6,"Saikin, Imouto no Yousu ga Chotto Okashiinda ga.","Comedy, Ecchi, Romance, Shounen, Supernatural",TV,12,74320
46555,11633,-1,Blood Lad,"Action, Comedy, Demons, Seinen, Supernatural, Vampire",TV,10,241513
25998,762,10,Bleach: Memories in the Rain,"Action, Adventure, Drama, Shounen, Supernatural",Special,1,78111
42938,28861,-1,Takamiya Nasuno Desu!: Teekyuu Spin-off,"Comedy, Shounen",TV,12,8213
71278,24133,8,Taimadou Gakuen 35 Shiken Shoutai,"Action, Ecchi, Fantasy, Harem, Military, Romance, Supernatural",TV,12,99133
25055,10196,6,Baby Princess 3D Paradise 0 [Love],"Ecchi, Harem, Seinen",OVA,1,17570
62657,7791,-1,K-On!!,"Comedy, Music, School, Slice of Life",TV,26,246276
44727,7592,-1,Nurarihyon no Mago,"Action, Demons, Shounen, Supernatural",TV,24,122976
19700,15809,10,Hataraku Maou-sama!,"Comedy, Demons, Fantasy, Romance, Shounen",TV,13,409037
152,1519,8,Black Lagoon: The Second Barrage,"Action, Seinen",TV,12,203233
29092,11617,5,High School DxD,"Comedy, Demons, Ecchi, Harem, Romance, School",TV,12,398660
68053,10087,9,Fate/Zero,"Action, Fantasy, Supernatural",TV,13,453630
72257,12967,5,Arcana Famiglia,"Action, Harem, Romance, Shoujo",TV,12,106391
56994,11771,10,Kuroko no Basket,"Comedy, School, Shounen, Sports",TV,25,338315
54186,2236,8,Toki wo Kakeru Shoujo,"Adventure, Drama, Romance, Sci-Fi",Movie,1,289206
6647,11499,5,Sankarea,"Comedy, Ecchi, Horror, Romance, Shounen, Supernatural",TV,12,222657
27395,7088,6,Ichiban Ushiro no Daimaou,"Action, Comedy, Ecchi, Fantasy, Harem, Magic, School, Shounen",TV,12,203618
58693,539,6,Tenchi Muyou! Ryououki,"Action, Comedy, Sci-Fi, Shounen, Space",OVA,6,25902
29895,31637,10,"Gate: Jieitai Kanochi nite, Kaku Tatakaeri 2nd Season","Action, Adventure, Fantasy, Military",TV,12,153501
39366,437,-1,Perfect Blue,"Dementia, Drama, Horror, Psychological",Movie,1,117565
2745,13939,8,Accel World EX,"Action, Game, Romance, School, Sci-Fi",OVA,2,61198
43124,21939,9,Mushishi Zoku Shou,"Adventure, Fantasy, Historical, Mystery, Seinen, Slice of Life, Supernatural",TV,10,101351
19598,892,8,Dragon Ball Movie 3: Makafushigi Daibouken,"Action, Adventure, Comedy, Fantasy, Sci-Fi, Shounen, Super Power",Movie,1,25740
29064,7593,-1,Kiss x Sis (TV),"Comedy, Ecchi, Harem, Romance, School, Seinen",TV,12,215361
29014,14893,6,"Dakara Boku wa, H ga Dekinai. OVA","Comedy, Ecchi, Romance",OVA,1,32195
62824,1535,9,Death Note,"Mystery, Police, Psychological, Supernatural, Thriller",TV,37,1013917
51454,66,8,Azumanga Daioh,"Comedy, School, Slice of Life",TV,26,170901
62827,6746,-1,Durarara!!,"Action, Mystery, Supernatural",TV,24,556431
40204,3665,8,Ginga Eiyuu Densetsu Gaiden: Rasen Meikyuu,"Drama, Military, Sci-Fi, Space",OVA,28,7712
59495,2759,8,Evangelion: 1.0 You Are (Not) Alone,"Action, Mecha, Sci-Fi",Movie,1,194561
27765,12467,7,Nazo no Kanojo X,"Ecchi, Romance, School, Seinen",TV,13,99788
40912,18115,9,Magi: The Kingdom of Magic,"Action, Adventure, Fantasy, Magic, Shounen",TV,25,245026
23515,534,7,Slayers,"Adventure, Comedy, Demons, Fantasy, Magic",TV,26,73476
56619,25313,8,Gintama: Jump Festa 2014 Special,"Action, Comedy, Historical, Parody, Samurai, Sci-Fi, Shounen",Special,1,13764
35902,1,9,Cowboy Bebop,"Action, Adventure, Comedy, Drama, Sci-Fi, Space",TV,26,486824
52636,587,5,Hanbun no Tsuki ga Noboru Sora,"Comedy, Drama, Romance",TV,6,65125
72682,21185,-1,Baby Steps,"Romance, School, Shounen, Sports",TV,25,59818
59872,790,8,Ergo Proxy,"Mystery, Psychological, Sci-Fi",TV,23,265005
63617,13161,7,Hagure Yuusha no Aesthetica,"Action, Ecchi, Fantasy, Super Power",TV,12,156044
11526,10079,-1,Hoshizora e Kakaru Hashi,"Comedy, Ecchi, Harem, Romance, School",TV,12,85178
32923,30015,8,ReLIFE,"Romance, School, Slice of Life",TV,13,202249
18270,17491,-1,Garden,Hentai,OVA,2,4334
15339,121,10,Fullmetal Alchemist,"Action, Adventure, Comedy, Drama, Fantasy, Magic, Military, Shounen",TV,51,600384
68863,16512,-1,Devil Survivor 2 The Animation,"Action, Demons, Supernatural",TV,13,101266
33285,18677,-1,Yuusha ni Narenakatta Ore wa Shibushibu Shuushoku wo Ketsui Shimashita.,"Comedy, Ecchi, Fantasy, Romance",TV,12,115338
50944,4182,-1,Darker than Black: Kuro no Keiyakusha Special,"Comedy, Parody, Sci-Fi",Special,1,87609
3979,170,7,Slam Dunk,"Comedy, Drama, School, Shounen, Sports",TV,101,82570
58625,2204,10,Karakuri Zoushi Ayatsuri Sakon,"Horror, Mystery, Thriller",TV,26,6197
9977,9926,8,Sekaiichi Hatsukoi,"Comedy, Drama, Romance, Shounen Ai",TV,12,94820
22738,11597,9,Nisemonogatari,"Comedy, Mystery, Supernatural",TV,11,260062
27976,11785,-1,Haiyore! Nyaruko-san,"Comedy, Parody, Sci-Fi",TV,12,154595
48203,16009,7,Kamisama no Inai Nichiyoubi,"Fantasy, Mystery",TV,12,122031
51693,905,7,Dragon Ball Z Movie 12: Fukkatsu no Fusion!! Gokuu to Vegeta,"Adventure, Comedy, Fantasy, Sci-Fi, Shounen",Movie,1,56994
33116,482,7,Yu☆Gi☆Oh!: Duel Monsters GX,"Action, Comedy, Fantasy, Game, Shounen",TV,180,74331
48325,15583,6,Date A Live,"Comedy, Harem, Mecha, Romance, School, Sci-Fi",TV,12,301358
55908,23301,7,Pokemon XY: Mega Evolution,"Action, Adventure, Comedy, Fantasy, Kids",Special,4,10227
38676,14199,6,Oniichan dakedo Ai Sae Areba Kankeinai yo ne!,"Comedy, Ecchi, Harem, Romance, School",TV,12,113166
64780,10863,7,Steins;Gate: Oukoubakko no Poriomania,"Sci-Fi, Thriller",Special,1,159548
49020,14833,8,Maoyuu Maou Yuusha,"Adventure, Demons, Fantasy, Historical, Romance",TV,12,164445
56540,8476,9,Otome Youkai Zakuro,"Demons, Historical, Military, Romance, Seinen, Supernatural",TV,13,61957
29514,11077,8,Hellsing: The Dawn,"Action, Horror, Seinen, Supernatural, Vampire",Special,3,40548
43262,10087,10,Fate/Zero,"Action, Fantasy, Supernatural",TV,13,453630
34684,6956,8,Working!!,"Comedy, Slice of Life",TV,13,189367
71443,6547,9,Angel Beats!,"Action, Comedy, Drama, School, Supernatural",TV,13,717796
12391,2904,10,Code Geass: Hangyaku no Lelouch R2,"Action, Drama, Mecha, Military, Sci-Fi, Super Power",TV,25,572888
24330,1004,-1,Kanojo to Kanojo no Neko,"Drama, Psychological, Romance, Slice of Life",OVA,1,53463
50149,4975,9,ChäoS;HEAd,"Harem, Mystery, Psychological, Sci-Fi, Supernatural",TV,12,174337
2200,30919,8,Sora no Method: Aru Shoujo no Kyuujitsu★,"Comedy, Fantasy, Slice of Life",Special,1,4215
71274,22135,9,Ping Pong The Animation,"Psychological, Seinen, Sports",TV,11,97187
26655,16762,7,Mirai Nikki Redial,"Action, Psychological, Shounen, Supernatural",OVA,1,135604
18024,16067,-1,Nagi no Asukara,"Drama, Fantasy, Romance",TV,26,224947
19827,11617,7,High School DxD,"Comedy, Demons, Ecchi, Harem, Romance, School",TV,12,398660
49734,2581,10,Mobile Suit Gundam 00,"Action, Drama, Mecha, Military, Sci-Fi, Space",TV,25,120351
62345,23079,7,Glasslip,"Romance, Slice of Life, Supernatural",TV,13,94108
1813,12531,8,Sakamichi no Apollon,"Drama, Josei, Music, Romance, School",TV,12,146592
56319,237,9,Eureka Seven,"Adventure, Drama, Mecha, Romance, Sci-Fi",TV,50,239570
61561,431,9,Howl no Ugoku Shiro,"Adventure, Drama, Fantasy, Romance",Movie,1,333186
7958,1985,10,UFO Robo Grendizer,"Mecha, Sci-Fi, Shounen",TV,74,4381
12807,6512,10,Nyan Koi!,"Comedy, Harem, Romance",TV,12,142264
42635,2542,7,Lady Georgie,"Drama, Historical, Romance, Shoujo",TV,45,4157
26461,20031,5,D-Frag!,"Comedy, Game, School, Seinen",TV,12,154548
51680,3342,8,Mnemosyne: Mnemosyne no Musume-tachi,"Action, Horror, Sci-Fi, Shoujo Ai, Supernatural",TV,6,96092
33648,21679,8,"Saikin, Imouto no Yousu ga Chotto Okashiinda ga. OVA","Comedy, Ecchi, Romance, Shounen, Supernatural",OVA,1,14564
17224,404,-1,Bastard!!: Ankoku no Hakaishin,"Action, Adventure, Comedy, Ecchi, Fantasy, Seinen",OVA,6,20619
49167,3674,8,Sayonara Zetsubou Sensei Jo: Zetsubou Shoujo Senshuu,"Comedy, Parody, School",Special,1,12097
36890,30503,8,Noragami Aragoto,"Action, Adventure, Shounen, Supernatural",TV,13,299434
2139,20,3,Naruto,"Action, Comedy, Martial Arts, Shounen, Super Power",TV,220,683297
36523,1681,7,Brave Story,"Action, Adventure, Fantasy, Kids, Magic, Supernatural",Movie,1,24523
26076,550,-1,Yu☆Gi☆Oh!,"Action, Comedy, Fantasy, Game, Shounen",TV,27,89243
31997,6547,10,Angel Beats!,"Action, Comedy, Drama, School, Supernatural",TV,13,717796
30905,16592,-1,Danganronpa: Kibou no Gakuen to Zetsubou no Koukousei The Animation,"Action, Horror, Mystery, Psychological",TV,13,298550
19774,10161,7,No.6,"Action, Sci-Fi",TV,11,168017
11471,23283,-1,Zankyou no Terror,"Psychological, Thriller",TV,11,342893
21613,10213,7,Maji de Watashi ni Koi Shinasai!,"Comedy, Ecchi, Harem, Martial Arts, Romance, School, Super Power",TV,12,116683
14316,1723,7,Clannad Movie,"Drama, Fantasy, Romance, School",Movie,1,99506
60994,4214,7,Rosario to Vampire Capu2,"Comedy, Ecchi, Fantasy, Harem, Romance, School, Vampire",TV,13,203958
11650,372,-1,Cardcaptor Sakura Movie 2: Fuuin Sareta Card,"Comedy, Drama, Fantasy, Magic, Romance, Shoujo",Movie,1,60637
58755,1956,5,Ikkitousen: Dragon Destiny,"Action, Ecchi, Martial Arts, School, Super Power",TV,12,47117
52213,2457,9,Majokko Tsukune-chan,"Comedy, Magic, Seinen",OVA,6,1622
68261,1579,7,Kiniro no Corda: Primo Passo,"Comedy, Drama, Harem, Magic, Music, Romance, School, Shoujo",TV,25,63134
1251,10321,9,Uta no☆Prince-sama♪ Maji Love 1000%,"Comedy, Harem, Music, Romance, School, Shoujo",TV,13,105723
21351,18497,7,Yozakura Quartet: Hana no Uta,"Action, Comedy, Magic, Shounen, Super Power, Supernatural",TV,13,58245
62946,11633,-1,Blood Lad,"Action, Comedy, Demons, Seinen, Supernatural, Vampire",TV,10,241513
49662,139,5,Hunter x Hunter: Greed Island Final,"Action, Adventure, Shounen, Super Power",OVA,14,55787
51982,460,7,One Piece Movie 2: Nejimaki-jima no Daibouken,"Action, Adventure, Comedy, Fantasy, Shounen, Super Power",Movie,1,37792
32049,9366,10,Kaichou wa Maid-sama!: Omake dayo!,"Comedy, School, Shoujo",Special,1,52752
50096,31043,7,Boku dake ga Inai Machi,"Mystery, Psychological, Seinen, Supernatural",TV,12,402381
68147,4898,7,Kuroshitsuji,"Action, Comedy, Demons, Fantasy, Historical, Shounen, Supernatural",TV,24,424919
3392,6023,8,Nogizaka Haruka no Himitsu: Purezza,"Comedy, Ecchi, Romance",TV,12,45161
8472,27601,8,Chuunibyou demo Koi ga Shitai! Ren: The Rikka Wars,"Comedy, Drama, Romance, School, Slice of Life",Special,1,31808
6518,3470,9,Special A,"Comedy, Romance, School, Shoujo",TV,24,173603
32284,9253,-1,Steins;Gate,"Sci-Fi, Thriller",TV,24,673572
25566,892,3,Dragon Ball Movie 3: Makafushigi Daibouken,"Action, Adventure, Comedy, Fantasy, Sci-Fi, Shounen, Super Power",Movie,1,25740
59362,2562,8,Shion no Ou,"Drama, Game, Mystery, Thriller",TV,22,20553
57678,1894,6,Yu☆Gi☆Oh!: Hikari no Pyramid,"Adventure, Comedy, Fantasy, Game",Movie,1,37398
36936,12355,8,Ookami Kodomo no Ame to Yuki,"Fantasy, Slice of Life",Movie,1,226193
22983,10163,9,C: The Money of Soul and Possibility Control,"Action, Mystery, Super Power, Thriller",TV,11,156853
3812,9041,-1,IS: Infinite Stratos,"Action, Comedy, Harem, Mecha, Sci-Fi",TV,12,254543
62137,199,8,Sen to Chihiro no Kamikakushi,"Adventure, Drama, Supernatural",Movie,1,466254
52947,684,6,Tenshi no Shippo Chu!,"Fantasy, Magic, Romance",TV,11,3674
50221,1324,5,Earthian,"Drama, Shoujo, Shounen Ai",OVA,4,5394
33991,22199,10,Akame ga Kill!,"Action, Adventure, Fantasy",TV,24,492133
26313,19489,-1,Little Witch Academia: Mahoujikake no Parade,"Adventure, Comedy, Fantasy, Magic, School",Movie,1,53024
62954,19815,10,No Game No Life,"Adventure, Comedy, Ecchi, Fantasy, Game, Supernatural",TV,12,602291
29156,644,7,Hachimitsu to Clover Specials,"Comedy, Drama, Josei, Romance, Slice of Life",Special,2,21164
58514,287,7,Grappler Baki (TV),"Shounen, Sports",TV,24,23220
54157,3841,6,Chi&#039;s Sweet Home,"Comedy, Slice of Life",TV,104,36307
32733,22729,8,Aldnoah.Zero,"Action, Mecha, Sci-Fi",TV,12,244193
58799,652,7,Galaxy Angel Z,"Comedy, Sci-Fi",TV,9,6616
8425,1195,9,Zero no Tsukaima,"Action, Adventure, Comedy, Ecchi, Fantasy, Harem, Magic, Romance, School",TV,13,346828
67282,1698,7,Nodame Cantabile,"Comedy, Drama, Josei, Music, Romance, Slice of Life",TV,23,157025
34333,31704,10,One Punch Man: Road to Hero,"Action, Comedy, Parody, Sci-Fi, Seinen, Super Power, Supernatural",OVA,1,94839
3561,20931,6,Oneechan ga Kita,"Comedy, Slice of Life",TV,12,45457
58216,4872,9,Goku Sayonara Zetsubou Sensei,"Comedy, Parody, School",OVA,3,40358
18799,21809,6,Kenzen Robo Daimidaler,"Comedy, Ecchi, Mecha, Seinen",TV,12,33059
25733,1540,7,"Touch: Miss Lonely Yesterday - Are kara, Kimi wa...","Romance, Shounen, Sports",Special,1,1627
45232,29589,-1,Denpa Kyoushi (TV),"Comedy, Romance, School, Shounen",TV,24,67336
2000,4654,9,Toaru Majutsu no Index,"Action, Magic, Sci-Fi, Super Power",TV,24,313114
42907,22265,-1,Free!: Eternal Summer,"Comedy, School, Slice of Life, Sports",TV,13,150596
49834,569,-1,Musekinin Kanchou Tylor,"Comedy, Military, Parody, Sci-Fi, Space",TV,26,19841
45659,166,7,Samurai 7,"Historical, Mecha, Samurai, Sci-Fi",TV,26,74991
15746,10793,8,Guilty Crown,"Action, Drama, Sci-Fi, Super Power",TV,22,460959
14168,19369,8,Outbreak Company,"Comedy, Fantasy, Harem, Parody",TV,12,131520
67451,22199,6,Akame ga Kill!,"Action, Adventure, Fantasy",TV,24,492133
65110,31240,9,Re:Zero kara Hajimeru Isekai Seikatsu,"Drama, Fantasy, Psychological, Thriller",TV,25,355839
62060,16742,8,Watashi ga Motenai no wa Dou Kangaetemo Omaera ga Warui!,"Comedy, School, Shounen, Slice of Life",TV,12,257925
69596,18153,8,Kyoukai no Kanata,"Fantasy, Slice of Life, Supernatural",TV,12,359011
12200,11751,8,"Senki Zesshou Symphogear: Meteoroid-Falling, Burning, and Disappear, Then...","Action, Music, Sci-Fi",TV,13,47588
35896,20031,8,D-Frag!,"Comedy, Game, School, Seinen",TV,12,154548
60989,6682,6,11eyes,"Action, Ecchi, Super Power, Supernatural",TV,12,133971
70549,13759,7,Sakurasou no Pet na Kanojo,"Comedy, Drama, Romance, School, Slice of Life",TV,24,380375
5630,933,10,Dai Mahou Touge,"Comedy, Magic, Supernatural",OVA,4,19555
15395,293,5,Di Gi Charat,"Comedy, Fantasy, Sci-Fi",TV,16,12227
33055,29803,-1,Overlord,"Action, Adventure, Fantasy, Game, Magic, Supernatural",TV,13,244268
14299,6702,8,Fairy Tail,"Action, Adventure, Comedy, Fantasy, Magic, Shounen",TV,175,584590
5717,59,9,Chobits,"Comedy, Drama, Ecchi, Romance, Sci-Fi, Seinen",TV,26,266846
9510,2472,9,Naruto: Shippuuden Movie 1,"Action, Adventure, Comedy, Fantasy, Shounen",Movie,1,108170
14423,21855,-1,Hanamonogatari,"Comedy, Mystery, Supernatural",TV,5,124886
42361,48,6,.hack//Sign,"Adventure, Fantasy, Game, Magic, Mystery, Sci-Fi",TV,26,110304
2646,2904,-1,Code Geass: Hangyaku no Lelouch R2,"Action, Drama, Mecha, Military, Sci-Fi, Super Power",TV,25,572888
30996,339,10,Serial Experiments Lain,"Dementia, Drama, Mystery, Psychological, Sci-Fi, Supernatural",TV,13,215829
34620,11617,9,High School DxD,"Comedy, Demons, Ecchi, Harem, Romance, School",TV,12,398660
10532,297,8,Grenadier: Hohoemi no Senshi,"Action, Adventure, Comedy, Ecchi, Shounen",TV,12,37919
37568,10715,8,Towa no Quon 4: Guren no Shoushin,"Action, Super Power, Supernatural",Movie,1,18545
44481,5041,6,Guin Saga,"Adventure, Fantasy",TV,26,26176
1259,10620,-1,Mirai Nikki (TV),"Action, Mystery, Psychological, Shounen, Supernatural, Thriller",TV,26,657190
49173,1049,8,Cello Hiki no Gauche (1982),"Drama, Fantasy, Kids, Music",Movie,1,6524
59504,3199,7,Nanatsu no Umi no Tico,"Adventure, Slice of Life",TV,39,2123
13224,2904,10,Code Geass: Hangyaku no Lelouch R2,"Action, Drama, Mecha, Military, Sci-Fi, Super Power",TV,25,572888
30357,16524,9,Suisei no Gargantia,"Action, Adventure, Mecha, Sci-Fi",TV,13,170754
14645,25907,7,Glass no Hana to Kowasu Sekai,Sci-Fi,Movie,1,17105
44889,12187,9,Carnival Phantasm EX Season,"Comedy, Supernatural",OVA,1,22955
7081,13659,7,Ore no Imouto ga Konnani Kawaii Wake ga Nai.,"Comedy, Seinen, Slice of Life",TV,13,194791
72970,28223,6,Death Parade,"Drama, Game, Mystery, Psychological, Thriller",TV,12,383914
57505,1808,9,Kamichama Karin,"Comedy, Fantasy, Magic, Romance, School, Shoujo",TV,26,30747
62431,23277,8,Saenai Heroine no Sodatekata,"Comedy, Ecchi, Harem, Romance, School",TV,12,155795
64254,4063,9,Sekirei,"Action, Comedy, Ecchi, Harem, Super Power",TV,12,182713
63377,31763,-1,Accel World: Infinite∞Burst,"Action, Game, Romance, School, Sci-Fi",Movie,1,21916
40838,9330,-1,Dragon Crisis!,"Action, Magic, Romance, School, Seinen, Supernatural",TV,12,94922
44704,9159,9,Kaibutsu Oujo (OVA),"Action, Comedy, Horror, Shounen, Supernatural",OVA,3,8690
60655,3588,9,Soul Eater,"Action, Adventure, Comedy, Fantasy, Shounen, Supernatural",TV,51,580184
28187,4063,10,Sekirei,"Action, Comedy, Ecchi, Harem, Super Power",TV,12,182713
39288,21405,-1,Bokura wa Minna Kawaisou,"Comedy, Romance, School, Slice of Life",TV,12,159793
67424,417,4,Ragnarök the Animation,"Action, Fantasy, Magic",TV,26,32711
47692,3901,7,Baccano! Specials,"Action, Comedy, Historical, Mystery, Seinen, Supernatural",Special,3,100412
5766,4013,6,Paul no Miracle Daisakusen,"Action, Adventure, Kids",TV,51,413
32265,28883,7,Hidan no Aria AA,"Action, School, Shoujo Ai",TV,12,39538
60798,2034,9,Lovely★Complex,"Comedy, Romance, Shoujo",TV,24,235003
5672,476,9,Ginban Kaleidoscope,"Drama, Romance, Sports",TV,12,29837
51012,3429,4,Blame! Special,"Mecha, Sci-Fi",Special,1,4087
5343,4473,5,Shoujo Sect,"Comedy, Hentai, Romance, Yuri",OVA,3,16527
50995,9790,8,Sora no Otoshimono: Tokeijikake no Angeloid,"Comedy, Drama, Ecchi, Harem, Romance, Sci-Fi, Shounen, Supernatural",Movie,1,70391
58604,16051,8,Ro-Kyu-Bu! SS,"Comedy, Ecchi, School, Sports",TV,12,21125
65680,6324,8,Omamori Himari,"Action, Comedy, Demons, Ecchi, Harem, Romance, Supernatural",TV,12,119572
24239,6954,7,Kara no Kyoukai: Shuushou,Mystery,Special,1,45718
7231,16894,-1,Kuroko no Basket 2nd Season,"Comedy, School, Shounen, Sports",TV,25,243325
43679,10719,10,Boku wa Tomodachi ga Sukunai,"Comedy, Ecchi, Harem, Romance, School, Seinen, Slice of Life",TV,12,325664
21920,149,10,Loveless,"Action, Drama, Fantasy, Mystery, Romance, Shoujo, Shounen Ai, Supernatural",TV,12,85554
39912,918,9,Gintama,"Action, Comedy, Historical, Parody, Samurai, Sci-Fi, Shounen",TV,201,336376
61752,10213,8,Maji de Watashi ni Koi Shinasai!,"Comedy, Ecchi, Harem, Martial Arts, Romance, School, Super Power",TV,12,116683
46339,27,-1,Trinity Blood,"Action, Supernatural, Vampire",TV,24,113791
73389,1690,9,Bokurano,"Drama, Mecha, Psychological, Sci-Fi",TV,24,81408
52135,30,8,Neon Genesis Evangelion,"Action, Dementia, Drama, Mecha, Psychological, Sci-Fi",TV,26,461946
43903,269,-1,Bleach,"Action, Comedy, Shounen, Super Power, Supernatural",TV,366,624055
35434,15609,4,"Kono Naka ni Hitori, Imouto ga Iru!: Ani, Imouto, Koibito","Comedy, Ecchi, Harem, Romance, School, Seinen",OVA,1,21636
6728,339,-1,Serial Experiments Lain,"Dementia, Drama, Mystery, Psychological, Sci-Fi, Supernatural",TV,13,215829
8021,2593,10,Kara no Kyoukai 1: Fukan Fuukei,"Action, Mystery, Supernatural, Thriller",Movie,1,178880
28018,6213,-1,Toaru Kagaku no Railgun,"Action, Sci-Fi, Super Power",TV,24,231079
66049,1144,10,Tenchi Muyou! in Love 2: Haruka Naru Omoi,"Drama, Romance, Sci-Fi, Shounen",Movie,1,10233
27653,6920,6,Blade,"Action, Drama, Horror, Vampire",TV,12,14100
42529,2025,10,Darker than Black: Kuro no Keiyakusha,"Action, Mystery, Sci-Fi, Super Power",TV,25,440334
64002,19163,7,Date A Live II,"Comedy, Harem, Mecha, Romance, School, Sci-Fi",TV,10,186187
63334,18507,8,Free!,"Comedy, School, Slice of Life, Sports",TV,12,265791
22684,7674,10,Bakuman.,"Comedy, Romance, Shounen",TV,25,246899
44680,98,6,Mai-HiME,"Action, Comedy, Drama, Fantasy, Magic, Mecha, Romance, School, Shoujo Ai",TV,26,76492
51421,400,7,Seihou Bukyou Outlaw Star,"Action, Adventure, Comedy, Sci-Fi, Space",TV,24,78600
44634,3218,8,Gensoumaden Saiyuuki OVA,"Adventure, Shounen, Supernatural",OVA,2,3223
54224,174,8,Tenjou Tenge,"Action, Comedy, Ecchi, Martial Arts, School, Shounen, Super Power",TV,24,103449
34456,30240,9,Prison School,"Comedy, Ecchi, Romance, School, Seinen",TV,12,227734
44090,357,5,Bokusatsu Tenshi Dokuro-chan,"Comedy, Ecchi, Magic",OVA,4,117080
72877,17741,8,Kimi no Iru Machi,"Drama, Romance, Slice of Life",TV,12,63418
11012,1571,8,Ghost Hunt,"Comedy, Horror, Mystery, Shoujo, Supernatural",TV,25,126426
11582,3392,9,Kiniro no Corda: Primo Passo - Hitonatsu no Encore,"Harem, Music, Romance, School, Shoujo",Special,1,17967
3388,7059,9,Black★Rock Shooter (OVA),"Action, Drama, School, Slice of Life",OVA,1,130665
66731,10049,8,Nurarihyon no Mago: Sennen Makyou,"Action, Demons, Shounen, Supernatural",TV,24,75612
48360,857,7,Air Gear,"Action, Comedy, Ecchi, Shounen, Sports",TV,25,194611
53596,66,8,Azumanga Daioh,"Comedy, School, Slice of Life",TV,26,170901
52041,6211,8,Tokyo Magnitude 8.0,Drama,TV,11,121349
6525,12967,-1,Arcana Famiglia,"Action, Harem, Romance, Shoujo",TV,12,106391
6937,2131,8,Bokusatsu Tenshi Dokuro-chan 2,"Comedy, Ecchi, Magic",OVA,2,70734
62319,9790,-1,Sora no Otoshimono: Tokeijikake no Angeloid,"Comedy, Drama, Ecchi, Harem, Romance, Sci-Fi, Shounen, Supernatural",Movie,1,70391
65863,288,7,Bakuten Shoot Beyblade,"Action, Adventure, Comedy, Sci-Fi, Shounen, Sports",TV,51,49467
72998,23587,8,The iDOLM@STER Cinderella Girls,"Comedy, Drama, Music",TV,13,33042
40430,31964,8,Boku no Hero Academia,"Action, Comedy, School, Shounen, Super Power",TV,13,282002
11740,8074,8,Highschool of the Dead,"Action, Ecchi, Horror, Supernatural",TV,12,535892
58969,4177,8,Bounen no Xamdou,"Action, Military, Sci-Fi",ONA,26,79026
52922,811,7,I&#039;&#039;s Pure,"Comedy, Drama, Ecchi, Romance, School",OVA,6,17276
23885,30,7,Neon Genesis Evangelion,"Action, Dementia, Drama, Mecha, Psychological, Sci-Fi",TV,26,461946
32687,890,7,Yuusha-Ou GaoGaiGar,"Adventure, Mecha, Sci-Fi, Shounen",TV,49,10031
22720,1519,9,Black Lagoon: The Second Barrage,"Action, Seinen",TV,12,203233
51677,2298,6,Mobile Suit Gundam Seed: After-Phase Between the Stars,"Action, Drama, Mecha, Sci-Fi",Special,1,9594
3455,22199,8,Akame ga Kill!,"Action, Adventure, Fantasy",TV,24,492133
57563,899,-1,Dragon Ball Z Movie 06: Gekitotsu!! 100-oku Power no Senshi-tachi,"Adventure, Comedy, Fantasy, Sci-Fi, Shounen",Movie,1,55789
38370,4898,10,Kuroshitsuji,"Action, Comedy, Demons, Fantasy, Historical, Shounen, Supernatural",TV,24,424919
70094,31173,10,Akagami no Shirayuki-hime 2nd Season,"Drama, Fantasy, Romance, Shoujo",TV,12,80862
45181,16005,8,Zettai Karen Children: The Unlimited - Hyoubu Kyousuke,"Shounen, Supernatural",TV,12,61919
22681,712,5,Zoids Genesis,"Action, Adventure, Comedy, Mecha, Military",TV,50,9559
6334,5526,2,Pokemon: Pikachu no Natsuyasumi,"Comedy, Fantasy, Kids",Movie,1,19960
5782,635,8,Juubee-chan: Lovely Gantai no Himitsu,"Action, Adventure, Comedy, Drama, Shounen",TV,13,11531
52414,3731,-1,Itazura na Kiss,"Comedy, Romance, Shoujo",TV,25,136279
30834,1726,8,Devil May Cry,"Action, Demons, Fantasy",TV,12,166398
48425,20,10,Naruto,"Action, Comedy, Martial Arts, Shounen, Super Power",TV,220,683297
71339,6324,6,Omamori Himari,"Action, Comedy, Demons, Ecchi, Harem, Romance, Supernatural",TV,12,119572
60551,2025,8,Darker than Black: Kuro no Keiyakusha,"Action, Mystery, Sci-Fi, Super Power",TV,25,440334
60402,377,6,eX-Driver,"Action, Adventure, Cars, Comedy, Sci-Fi, Shounen",OVA,6,5217
40161,6201,6,Princess Lover!,"Comedy, Ecchi, Harem, School",TV,12,104098
62926,10620,4,Mirai Nikki (TV),"Action, Mystery, Psychological, Shounen, Supernatural, Thriller",TV,26,657190
68482,14189,7,Tasogare Otome x Amnesia: Taima Otome,"Horror, Mystery, Romance, School, Shounen, Supernatural",Special,1,38176
56285,10794,5,IS: Infinite Stratos Encore - Koi ni Kogareru Rokujuusou,"Action, Comedy, Harem, Mecha, Sci-Fi",OVA,1,56577
23977,7724,10,Shiki,"Mystery, Supernatural, Thriller, Vampire",TV,22,251093
2681,13203,10,Lupin the Third: Mine Fujiko to Iu Onna,"Action, Adventure, Comedy, Ecchi, Samurai, Seinen",TV,13,22796
27772,31404,8,Netoge no Yome wa Onnanoko ja Nai to Omotta?,"Comedy, Ecchi, Game, Romance, School",TV,12,137102
62410,15583,8,Date A Live,"Comedy, Harem, Mecha, Romance, School, Sci-Fi",TV,12,301358
31267,13667,-1,Naruto: Shippuuden Movie 6 - Road to Ninja,"Action, Adventure, Martial Arts, Shounen, Super Power",Movie,1,87369
49526,3297,10,Aria The Origination,"Fantasy, Sci-Fi, Shounen, Slice of Life",TV,13,56162
32758,4181,10,Clannad: After Story,"Drama, Fantasy, Romance, Slice of Life, Supernatural",TV,24,456749
26695,23281,10,Psycho-Pass 2,"Action, Police, Psychological, Sci-Fi",TV,11,228435
67480,4063,8,Sekirei,"Action, Comedy, Ecchi, Harem, Super Power",TV,12,182713
64803,790,7,Ergo Proxy,"Mystery, Psychological, Sci-Fi",TV,23,265005
55387,27899,6,Tokyo Ghoul √A,"Action, Drama, Horror, Mystery, Psychological, Seinen, Supernatural",TV,12,408357
9891,10162,8,Usagi Drop,"Josei, Slice of Life",TV,11,194855
70998,16894,9,Kuroko no Basket 2nd Season,"Comedy, School, Shounen, Sports",TV,25,243325
44583,10162,8,Usagi Drop,"Josei, Slice of Life",TV,11,194855
21926,874,9,Digimon Tamers,"Adventure, Comedy, Drama, Fantasy, Shounen",TV,51,94391
42759,19163,9,Date A Live II,"Comedy, Harem, Mecha, Romance, School, Sci-Fi",TV,10,186187
21568,1091,9,Mobile Suit Gundam II: Soldiers of Sorrow,"Action, Drama, Mecha, Military, Sci-Fi, Space",Movie,1,11325
38342,13585,-1,Natsuyuki Rendezvous,"Drama, Josei, Romance, Supernatural",TV,11,40958
42812,6,7,Trigun,"Action, Comedy, Sci-Fi",TV,26,283069
30033,15195,7,Hetalia: The Beautiful World,"Comedy, Historical, Parody",ONA,20,34960
64728,5690,7,Nodame Cantabile Finale,"Comedy, Josei, Music, Romance",TV,11,67697
71729,226,5,Elfen Lied,"Action, Drama, Horror, Psychological, Romance, Seinen, Supernatural",TV,13,623511
62147,20939,9,"Ore no Nounai Sentakushi ga, Gakuen Love Comedy wo Zenryoku de Jama Shiteiru OVA","Comedy, Romance, School",OVA,1,35583
27247,7193,7,Aoi Bungaku Series,"Drama, Historical, Psychological, Seinen, Thriller",TV,12,93074
27442,14513,7,Magi: The Labyrinth of Magic,"Action, Adventure, Fantasy, Magic, Shounen",TV,25,317513
39586,232,-1,Cardcaptor Sakura,"Adventure, Comedy, Drama, Fantasy, Magic, Romance, School, Shoujo",TV,70,181249
50752,1512,-1,Court no Naka no Tenshi-tachi,"Hentai, School, Sports",OVA,2,1771
14078,10719,9,Boku wa Tomodachi ga Sukunai,"Comedy, Ecchi, Harem, Romance, School, Seinen, Slice of Life",TV,12,325664
53927,30,9,Neon Genesis Evangelion,"Action, Dementia, Drama, Mecha, Psychological, Sci-Fi",TV,26,461946
18695,19489,8,Little Witch Academia: Mahoujikake no Parade,"Adventure, Comedy, Fantasy, Magic, School",Movie,1,53024
44994,24,-1,School Rumble,"Comedy, Romance, School, Shounen",TV,26,178553
41124,15119,7,Senran Kagura,"Action, Comedy, Ecchi, School",TV,12,55607
44341,4551,5,Hakushaku to Yousei,"Adventure, Fantasy, Historical, Magic",TV,12,63915
30174,1195,8,Zero no Tsukaima,"Action, Adventure, Comedy, Ecchi, Fantasy, Harem, Magic, Romance, School",TV,13,346828
12048,16498,8,Shingeki no Kyojin,"Action, Drama, Fantasy, Shounen, Super Power",TV,25,896229
59593,813,7,Dragon Ball Z,"Action, Adventure, Comedy, Fantasy, Martial Arts, Shounen, Super Power",TV,291,375662
38145,3545,-1,Kochira Katsushikaku Kameari Kouenmae Hashutsujo (TV),"Comedy, Police, Slice of Life",TV,373,4734
31493,9888,9,Shinryaku! Ika Musume Specials,Comedy,Special,2,14497
70721,21033,4,Seikoku no Dragonar,"Comedy, Ecchi, Fantasy, School",TV,12,83068
57808,24,10,School Rumble,"Comedy, Romance, School, Shounen",TV,26,178553
16488,6880,9,Deadman Wonderland,"Action, Horror, Sci-Fi",TV,12,453454
54766,738,7,MÄR,"Action, Adventure, Comedy, Fantasy, Shounen",TV,102,28968
6890,512,10,Majo no Takkyuubin,"Adventure, Comedy, Drama, Fantasy, Magic, Romance",Movie,1,152331
3467,13561,4,Guilty Crown: 4-koma Gekijou,Comedy,Special,11,13053
31325,15197,-1,Code Geass: Boukoku no Akito 2 - Hikisakareshi Yokuryuu,"Action, Mecha, Military",Movie,1,61020
40493,902,-1,Dragon Ball Z Movie 09: Ginga Girigiri!! Bucchigiri no Sugoi Yatsu,"Adventure, Comedy, Fantasy, Sci-Fi, Shounen",Movie,1,51083
26480,12967,6,Arcana Famiglia,"Action, Harem, Romance, Shoujo",TV,12,106391
40631,565,7,Steamboy,"Action, Adventure, Drama, Historical, Military, Sci-Fi",Movie,1,40812
15877,25183,8,Gangsta.,"Action, Drama, Seinen",TV,12,210752
69893,20507,8,Noragami,"Action, Adventure, Shounen, Supernatural",TV,12,515378
22480,15847,7,Iron Man: Rise of Technovore,"Action, Mecha",OVA,1,3656
66885,225,9,Dragon Ball GT,"Action, Adventure, Comedy, Fantasy, Magic, Sci-Fi, Shounen, Super Power",TV,64,226625
28338,5114,10,Fullmetal Alchemist: Brotherhood,"Action, Adventure, Drama, Fantasy, Magic, Military, Shounen",TV,64,793665
21190,4793,7,Pokemon: Pichu to Pikachu,"Adventure, Comedy, Fantasy, Kids",Movie,1,22352
30672,27411,8,Ghost in the Shell (2015),"Action, Mecha, Police, Psychological, Sci-Fi",Movie,1,19872
67515,11235,8,Amagami SS+ Plus,"Comedy, Romance, School, Slice of Life",TV,13,73813
11170,355,8,Shakugan no Shana,"Action, Drama, Fantasy, Romance, School, Supernatural",TV,24,297058
42193,11665,9,Natsume Yuujinchou Shi,"Drama, Fantasy, Shoujo, Slice of Life, Supernatural",TV,13,98431
2487,1604,8,Katekyo Hitman Reborn!,"Action, Comedy, Shounen, Super Power",TV,203,258103
70641,3712,-1,Zero no Tsukaima: Princesses no Rondo,"Action, Adventure, Comedy, Ecchi, Fantasy, Harem, Magic, Romance, School",TV,12,210891
50241,8133,-1,Precure All Stars Movie DX2: Kibou no Hikari☆Rainbow Jewel wo Mamore!,"Action, Fantasy, Magic, Shoujo",Movie,1,3046
34738,33,7,Berserk,"Action, Adventure, Demons, Drama, Fantasy, Horror, Military, Romance, Seinen, Supernatural",TV,25,226430
11406,1021,8,Kaikan Phrase,"Drama, Music, Romance, Shoujo",TV,44,8142
23594,4744,8,Akaneiro ni Somaru Saka,"Comedy, Harem, Romance, School",TV,12,91453
27499,4565,9,Tengen Toppa Gurren Lagann Movie: Lagann-hen,"Action, Mecha, Sci-Fi, Space, Super Power",Movie,1,82253
41557,10379,8,Natsume Yuujinchou San,"Drama, Fantasy, Shoujo, Slice of Life, Supernatural",TV,13,102322
24019,13333,9,Tari Tari,"Music, School, Slice of Life",TV,13,80960
24904,3210,-1,Ikoku Irokoi Romantan,"Comedy, Romance, Yaoi",OVA,2,24223
32571,28683,7,One Piece: Episode of Alabasta - Prologue,"Action, Adventure, Fantasy, Shounen",OVA,1,4225
51176,618,8,Juubee Ninpuuchou: Ryuuhougyoku-hen,"Adventure, Horror, Magic, Martial Arts, Shounen, Supernatural",TV,13,22860
71182,2904,8,Code Geass: Hangyaku no Lelouch R2,"Action, Drama, Mecha, Military, Sci-Fi, Super Power",TV,25,572888
32395,25731,8,Cross Ange: Tenshi to Ryuu no Rondo,"Action, Mecha, Sci-Fi",TV,25,75807
61616,9055,8,Tamayura,"Comedy, Drama, Slice of Life",OVA,4,23883
56701,10622,8,Tengen Toppa Gurren Lagann: Ore no Gurren wa Pikka-Pika!!,"Action, Adventure, Comedy, Mecha, Sci-Fi",OVA,1,17209
5899,448,8,Tenjou Tenge: The Ultimate Fight,"Adventure, Drama, Martial Arts, Romance, Shounen, Supernatural",OVA,2,29039
33819,20047,8,Sakura Trick,"Comedy, Romance, School, Seinen, Shoujo Ai, Slice of Life",TV,12,108011
54,3653,-1,Kurogane no Linebarrels,"Action, Mecha, Sci-Fi",TV,24,30225
7231,11241,-1,Brave 10,"Action, Adventure, Historical, Samurai, Seinen, Super Power",TV,12,82205
29584,4177,7,Bounen no Xamdou,"Action, Military, Sci-Fi",ONA,26,79026
8407,1506,6,Detective Conan Movie 10: Requiem of the Detectives,"Adventure, Comedy, Mystery, Police, Shounen",Movie,1,21789
52109,10067,9,Angel Beats!: Another Epilogue,"Drama, School, Supernatural",Special,1,134180
2735,904,-1,Dragon Ball Z Movie 11: Super Senshi Gekiha!! Katsu no wa Ore da,"Action, Adventure, Comedy, Fantasy, Martial Arts, Shounen, Super Power",Movie,1,49949
65300,25805,6,Pokemon the Movie XY: Ring no Choumajin Hoopa,"Adventure, Fantasy, Kids",Movie,1,7636
32334,11617,6,High School DxD,"Comedy, Demons, Ecchi, Harem, Romance, School",TV,12,398660
50761,460,9,One Piece Movie 2: Nejimaki-jima no Daibouken,"Action, Adventure, Comedy, Fantasy, Shounen, Super Power",Movie,1,37792
12746,11235,9,Amagami SS+ Plus,"Comedy, Romance, School, Slice of Life",TV,13,73813
21586,11597,7,Nisemonogatari,"Comedy, Mystery, Supernatural",TV,11,260062
35140,31704,8,One Punch Man: Road to Hero,"Action, Comedy, Parody, Sci-Fi, Seinen, Super Power, Supernatural",OVA,1,94839
46985,24833,8,Ansatsu Kyoushitsu (TV),"Action, Comedy, School, Shounen",TV,22,312654
33060,777,8,Hellsing Ultimate,"Action, Horror, Military, Seinen, Supernatural, Vampire",OVA,10,297454
6344,2025,8,Darker than Black: Kuro no Keiyakusha,"Action, Mystery, Sci-Fi, Super Power",TV,25,440334
35338,14513,8,Magi: The Labyrinth of Magic,"Action, Adventure, Fantasy, Magic, Shounen",TV,25,317513
34520,974,-1,Dead Leaves,"Adventure, Comedy, Psychological, Sci-Fi",Movie,1,40717
4136,11757,10,Sword Art Online,"Action, Adventure, Fantasy, Game, Romance",TV,25,893100
68076,2210,6,Tooi Sekai,"Drama, Romance",ONA,1,11347
22304,430,9,Fullmetal Alchemist: The Conqueror of Shamballa,"Comedy, Drama, Fantasy, Historical, Military, Shounen",Movie,1,186465
58485,1225,6,3x3 Eyes Seima Densetsu,"Action, Adventure, Demons, Fantasy, Horror, Romance",OVA,3,8892
35767,22043,9,Fairy Tail (2014),"Action, Adventure, Comedy, Fantasy, Magic, Shounen",TV,102,255076
19207,32,10,Neon Genesis Evangelion: The End of Evangelion,"Dementia, Drama, Mecha, Psychological, Sci-Fi",Movie,1,215630
13606,4214,5,Rosario to Vampire Capu2,"Comedy, Ecchi, Fantasy, Harem, Romance, School, Vampire",TV,13,203958
43606,5945,-1,Element Hunters,"Sci-Fi, Shounen",TV,39,9115
40606,297,7,Grenadier: Hohoemi no Senshi,"Action, Adventure, Comedy, Ecchi, Shounen",TV,12,37919
8795,4752,8,Vampire Knight Guilty,"Drama, Mystery, Romance, Shoujo, Supernatural, Vampire",TV,13,198492
11452,195,4,Onegai☆Teacher,"Comedy, Drama, Romance, School, Sci-Fi",TV,12,99558
27511,43,6,Ghost in the Shell,"Action, Mecha, Police, Psychological, Sci-Fi, Seinen",Movie,1,223036
33479,28929,7,Vampire Holmes,"Comedy, Mystery, Supernatural, Vampire",TV,12,10403
9353,18295,10,Kakumeiki Valvrave 2nd Season,"Action, Mecha, Space",TV,12,57434
42391,22147,6,Amagi Brilliant Park,"Comedy, Magic",TV,13,217003
35413,1703,-1,Tokyo Tribe 2,"Action, Drama",TV,13,5060
46675,25867,-1,Rolling☆Girls,"Action, Adventure, Slice of Life, Super Power",TV,12,48310
26405,1130,10,Windaria,"Action, Drama, Fantasy, Romance, Sci-Fi",Movie,1,4905
26119,11837,9,Zetman,"Action, Drama, Horror, Romance, Sci-Fi, Seinen, Supernatural",TV,13,65633
9066,16868,3,Sukitte Ii na yo.: Dareka ga,"Romance, School, Shoujo",OVA,1,27802
68797,10897,5,Boku wa Tomodachi ga Sukunai Episode 0,"Comedy, Romance, School, Seinen, Slice of Life",OVA,1,69233
61768,30,8,Neon Genesis Evangelion,"Action, Dementia, Drama, Mecha, Psychological, Sci-Fi",TV,26,461946
68782,3652,9,Higurashi no Naku Koro ni Rei,"Comedy, Mystery, Psychological, Supernatural, Thriller",OVA,5,99463
69418,19815,7,No Game No Life,"Adventure, Comedy, Ecchi, Fantasy, Game, Supernatural",TV,12,602291
28785,4786,7,Kodomo no Jikan Recap,"Comedy, Ecchi, School",OVA,1,8228
3598,6773,7,Shakugan no Shana III (Final),"Action, Drama, Fantasy, Romance, Supernatural",TV,24,133010
38679,13833,6,Nagareboshi Lens,"Romance, Shoujo",OVA,1,12437
64168,6702,5,Fairy Tail,"Action, Adventure, Comedy, Fantasy, Magic, Shounen",TV,175,584590
69159,227,10,FLCL,"Action, Comedy, Dementia, Mecha, Parody, Sci-Fi",OVA,6,305165
7396,13655,7,Little Busters!,"Comedy, Drama, School, Slice of Life, Supernatural",TV,26,138655
51693,5228,6,Initial D Extra Stage 2,"Action, Cars, Drama, Seinen, Sports",OVA,1,11468
1937,356,5,Fate/stay night,"Action, Fantasy, Magic, Romance, Supernatural",TV,24,374880
13343,2135,6,"Sora no Iro, Mizu no Iro",Hentai,OVA,2,9633
69595,2167,-1,Clannad,"Comedy, Drama, Romance, School, Slice of Life, Supernatural",TV,23,566690
4991,3089,9,The Sky Crawlers,"Drama, Military",Movie,1,32660
56925,10495,7,Yuru Yuri,"Comedy, School, Shoujo Ai, Slice of Life",TV,12,148140
45358,412,7,Kore ga Watashi no Goshujinsama,"Comedy, Ecchi, Slice of Life",TV,12,57646
51848,4565,-1,Tengen Toppa Gurren Lagann Movie: Lagann-hen,"Action, Mecha, Sci-Fi, Space, Super Power",Movie,1,82253
39294,11241,10,Brave 10,"Action, Adventure, Historical, Samurai, Seinen, Super Power",TV,12,82205
49382,1815,8,Shakugan no Shana Movie,"Action, Fantasy, Supernatural",Movie,1,43962
22736,11111,8,Another,"Horror, Mystery, School, Supernatural, Thriller",TV,12,534657
26891,353,-1,Ojamajo Doremi Dokkaan!,"Comedy, Magic, Shoujo",TV,51,5971
65650,33,8,Berserk,"Action, Adventure, Demons, Drama, Fantasy, Horror, Military, Romance, Seinen, Supernatural",TV,25,226430
37745,8460,9,Mirai Nikki,"Action, Shounen, Supernatural",OVA,1,114217
19968,5530,8,Pandora Hearts,"Adventure, Fantasy, Mystery, Shounen, Supernatural",TV,25,229567
21242,10719,8,Boku wa Tomodachi ga Sukunai,"Comedy, Ecchi, Harem, Romance, School, Seinen, Slice of Life",TV,12,325664
66529,6033,10,Dragon Ball Kai,"Action, Adventure, Comedy, Fantasy, Martial Arts, Shounen, Super Power",TV,97,116832
3115,16,9,Hachimitsu to Clover,"Comedy, Drama, Josei, Romance",TV,24,130646
49536,536,8,Slayers: The Motion Picture,"Adventure, Comedy, Fantasy, Magic, Shounen",Movie,1,16046
35187,31964,8,Boku no Hero Academia,"Action, Comedy, School, Shounen, Super Power",TV,13,282002
63444,11843,9,Danshi Koukousei no Nichijou,"Comedy, School, Shounen, Slice of Life",TV,12,258914
42511,210,9,Ranma ½,"Comedy, Fantasy, Martial Arts, Slice of Life",TV,161,105212
5908,14741,8,Chuunibyou demo Koi ga Shitai!,"Comedy, Drama, Romance, School, Slice of Life",TV,12,394399
32064,1195,7,Zero no Tsukaima,"Action, Adventure, Comedy, Ecchi, Fantasy, Harem, Magic, Romance, School",TV,13,346828
21501,10049,-1,Nurarihyon no Mago: Sennen Makyou,"Action, Demons, Shounen, Supernatural",TV,24,75612
40552,5150,9,Hatsukoi Limited,"Comedy, Romance, School, Shounen",TV,12,54796
19427,10731,7,Prince of Tennis: Eikokushiki Teikyuu Shiro Kessen!,"Action, Comedy, School, Shounen, Sports",Movie,1,6162
4777,4715,10,Shigofumi Special,"Drama, Fantasy, Psychological, Thriller",Special,1,11797
55388,10620,8,Mirai Nikki (TV),"Action, Mystery, Psychological, Shounen, Supernatural, Thriller",TV,26,657190
42635,11433,7,Ano Natsu de Matteru,"Comedy, Drama, Romance, Sci-Fi, Slice of Life",TV,12,169718
63827,6641,5,Tonari no 801-chan R,"Comedy, Music",OVA,1,1947
3345,45,8,Rurouni Kenshin: Meiji Kenkaku Romantan,"Action, Adventure, Comedy, Historical, Romance, Samurai",TV,94,218928
18229,28121,-1,Dungeon ni Deai wo Motomeru no wa Machigatteiru Darou ka,"Action, Adventure, Comedy, Fantasy, Romance",TV,13,336349
22613,6581,7,Sengoku Basara: Setonai no Gekitotsu! Hi wo Fuku Umi no Daiyousai - Fugaku!!,"Action, Historical, Martial Arts, Samurai",Special,1,9553
55813,761,-1,Naruto: Akaki Yotsuba no Clover wo Sagase,"Adventure, Comedy, Shounen",Special,1,47587
24787,878,6,Zegapain,"Action, Mecha, Romance, Sci-Fi",TV,26,20644
4857,8424,6,MM!,"Comedy, Ecchi, Harem, School",TV,12,129672
24651,874,9,Digimon Tamers,"Adventure, Comedy, Drama, Fantasy, Shounen",TV,51,94391
1216,857,6,Air Gear,"Action, Comedy, Ecchi, Shounen, Sports",TV,25,194611
6932,24655,8,Date A Live Movie: Mayuri Judgment,"Harem, Romance, Sci-Fi",Movie,1,48673
57531,290,8,Seikai no Monshou,"Action, Military, Romance, Sci-Fi, Space",TV,13,26379
10664,8937,10,Toaru Majutsu no Index II,"Action, Magic, Sci-Fi, Super Power",TV,24,184520
48625,457,-1,Mushishi,"Adventure, Fantasy, Historical, Mystery, Seinen, Slice of Life, Supernatural",TV,26,300030
51276,2596,9,Shinreigari: Ghost Hound,"Mystery, Psychological, Sci-Fi, Supernatural",TV,22,78469
26750,20787,8,Black Bullet,"Action, Mystery, Sci-Fi, Seinen",TV,13,320267
958,8247,9,Bleach Movie 4: Jigoku-hen,"Action, Comedy, Shounen, Super Power, Supernatural",Movie,1,94074
72520,21507,8,Soul Eater NOT!,"Action, Comedy, Ecchi, Shounen, Supernatural",TV,12,92269
72554,18507,9,Free!,"Comedy, School, Slice of Life, Sports",TV,12,265791
59537,31043,7,Boku dake ga Inai Machi,"Mystery, Psychological, Seinen, Supernatural",TV,12,402381
9996,5081,8,Bakemonogatari,"Mystery, Romance, Supernatural, Vampire",TV,15,482268
68459,889,9,Black Lagoon,"Action, Seinen",TV,12,332562
66092,1,10,Cowboy Bebop,"Action, Adventure, Comedy, Drama, Sci-Fi, Space",TV,26,486824
14807,9941,-1,Tiger &amp; Bunny,"Action, Comedy, Mystery, Super Power",TV,25,104075
44111,16067,10,Nagi no Asukara,"Drama, Fantasy, Romance",TV,26,224947
53112,340,10,Mutsu Enmei Ryuu Gaiden: Shura no Toki,"Action, Historical, Martial Arts, Samurai, Shounen",TV,26,13959
52784,12115,10,Berserk: Ougon Jidai-hen III - Kourin,"Action, Adventure, Demons, Drama, Fantasy, Horror, Military, Seinen, Supernatural",Movie,1,65594
26535,2144,7,Naruto Movie 3: Dai Koufun! Mikazuki Jima no Animaru Panikku Dattebayo!,"Action, Adventure",Movie,1,91526
15171,120,8,Fruits Basket,"Comedy, Drama, Fantasy, Romance, Shoujo, Slice of Life",TV,26,242553
45713,3712,8,Zero no Tsukaima: Princesses no Rondo,"Action, Adventure, Comedy, Ecchi, Fantasy, Harem, Magic, Romance, School",TV,12,210891
64409,11757,10,Sword Art Online,"Action, Adventure, Fantasy, Game, Romance",TV,25,893100
65874,452,9,InuYasha: Toki wo Koeru Omoi,"Adventure, Comedy, Demons, Drama, Fantasy, Historical, Romance, Shounen, Super Power",Movie,1,51354
7125,2167,8,Clannad,"Comedy, Drama, Romance, School, Slice of Life, Supernatural",TV,23,566690
71945,11741,7,Fate/Zero 2nd Season,"Action, Fantasy, Supernatural, Thriller",TV,12,340973
45998,5081,9,Bakemonogatari,"Mystery, Romance, Supernatural, Vampire",TV,15,482268
24152,10719,9,Boku wa Tomodachi ga Sukunai,"Comedy, Ecchi, Harem, Romance, School, Seinen, Slice of Life",TV,12,325664
24893,10080,8,Kami nomi zo Shiru Sekai II,"Comedy, Harem, Romance, Shounen, Supernatural",TV,12,194300
4518,1889,8,Higurashi no Naku Koro ni Kai,"Mystery, Psychological, Supernatural, Thriller",TV,24,218101
23812,205,9,Samurai Champloo,"Action, Adventure, Comedy, Historical, Samurai, Shounen",TV,26,390076
21234,2993,-1,Rosario to Vampire,"Comedy, Ecchi, Fantasy, Harem, Romance, School, Shounen, Vampire",TV,13,299278
14432,8074,8,Highschool of the Dead,"Action, Ecchi, Horror, Supernatural",TV,12,535892
66105,4214,8,Rosario to Vampire Capu2,"Comedy, Ecchi, Fantasy, Harem, Romance, School, Vampire",TV,13,203958
57446,2293,-1,Kyoushoku Soukou Guyver,"Action, Horror, Sci-Fi, Super Power",Movie,1,3185
49930,48,9,.hack//Sign,"Adventure, Fantasy, Game, Magic, Mystery, Sci-Fi",TV,26,110304
51430,33558,8,Tales of Zestiria the X: Saiyaku no Jidai,"Action, Fantasy",Special,1,26647
25463,6948,-1,Bakemonogatari Recap,"Mystery, Romance, Supernatural",Special,1,28557
18182,18411,-1,Gingitsune,"Seinen, Slice of Life, Supernatural",TV,12,33429
68171,7720,8,Ookiku Furikabutte: Natsu no Taikai-hen,"Comedy, Sports",TV,13,22190
59294,587,9,Hanbun no Tsuki ga Noboru Sora,"Comedy, Drama, Romance",TV,6,65125
31581,5719,8,Sex Pistols,"Comedy, Drama, Supernatural, Yaoi",OVA,2,15885
1664,6288,8,Mobile Suit Gundam 00 The Movie: A Wakening of the Trailblazer,"Action, Mecha, Sci-Fi, Space",Movie,1,37069
62498,5391,1,Pico to Chico,"Hentai, Yaoi",OVA,1,29463
53812,1840,8,Zero no Tsukaima: Futatsuki no Kishi,"Action, Adventure, Comedy, Ecchi, Fantasy, Harem, Magic, Romance, School",TV,12,235684
47098,31245,8,Zutto Mae kara Suki deshita.: Kokuhaku Jikkou Iinkai,"Romance, School",Movie,1,35058
42744,953,-1,Jyu Oh Sei,"Action, Adventure, Drama, Mystery, Sci-Fi, Shoujo",TV,11,44766
40931,33032,-1,Drifters: Special Edition,"Action, Adventure, Comedy, Fantasy, Historical, Samurai, Seinen",OVA,1,9807
20441,8440,-1,Black Lagoon Omake,Comedy,Special,7,33923
56618,457,6,Mushishi,"Adventure, Fantasy, Historical, Mystery, Seinen, Slice of Life, Supernatural",TV,26,300030
777,25897,7,Love Live! School Idol Project: μ&#039;s →NEXT LoveLive! 2014 - Endless Parade Makuai Drama,Comedy,Special,3,5282
64185,11771,9,Kuroko no Basket,"Comedy, School, Shounen, Sports",TV,25,338315
52966,6586,10,Yume-iro Pâtissière,"Kids, School, Shoujo",TV,50,36921
43652,5941,7,Cross Game,"Comedy, Drama, Romance, School, Sports",TV,50,53108
41272,4181,6,Clannad: After Story,"Drama, Fantasy, Romance, Slice of Life, Supernatural",TV,24,456749
2572,1887,8,Lucky☆Star,"Comedy, Parody, School, Slice of Life",TV,24,305837
41993,73,9,Full Metal Panic! The Second Raid,"Action, Mecha, Military",TV,13,155340
46822,20021,-1,Sword Art Online: Extra Edition,"Action, Adventure, Fantasy, Game, Romance",Special,1,121722
2815,13601,-1,Psycho-Pass,"Action, Police, Psychological, Sci-Fi",TV,22,509109
49900,554,8,Koutetsu Tenshi Kurumi,"Adventure, Comedy, Drama, Historical, Mecha, Military, Romance, Shounen",TV,24,15653
55616,1575,10,Code Geass: Hangyaku no Lelouch,"Action, Mecha, Military, School, Sci-Fi, Super Power",TV,25,715151
57376,1210,8,NHK ni Youkoso!,"Comedy, Drama, Psychological, Romance",TV,24,291228
11560,570,8,Jin-Rou,"Drama, Military, Police, Psychological, Romance",Movie,1,62464
12998,22673,10,Kuroko no Basket 2nd Season NG-shuu,"Comedy, Sports",Special,9,20477
28944,877,9,Nana,"Comedy, Drama, Music, Romance, Shoujo, Slice of Life",TV,47,197256
8446,382,-1,Futari Ecchi,"Comedy, Ecchi, Romance, Seinen, Slice of Life",OVA,4,19907
26412,31559,7,Prince of Stride: Alternative,Sports,TV,12,79630
38797,780,8,Detective Conan Movie 02: The Fourteenth Target,"Adventure, Comedy, Mystery, Police, Shounen",Movie,1,26284
58597,31680,8,Super Lovers,"Comedy, Drama, Romance, Shounen Ai, Slice of Life",TV,10,36781
38219,32370,9,D.Gray-man Hallow,"Action, Demons, Shounen, Super Power",TV,13,72499
24684,1889,10,Higurashi no Naku Koro ni Kai,"Mystery, Psychological, Supernatural, Thriller",TV,24,218101
3121,10521,10,Working&#039;!!,"Comedy, Slice of Life",TV,13,117328
57875,4059,10,"Clannad: Mou Hitotsu no Sekai, Tomoyo-hen","Drama, Romance, School, Slice of Life",Special,1,160423
58927,393,6,Escaflowne,"Adventure, Drama, Fantasy, Mecha, Romance, Sci-Fi, Shoujo",Movie,1,37379
15698,31848,-1,Ojisan to Marshmallow,"Comedy, Slice of Life",TV,12,31005
27219,30915,7,Kekkai Sensen: Soresaemo Saitei de Saikou na Hibi,"Action, Fantasy, Shounen, Super Power, Supernatural, Vampire",Special,1,14934
28515,30307,10,Monster Musume no Iru Nichijou,"Comedy, Ecchi, Fantasy, Harem, Romance, Seinen",TV,12,181845
58527,688,8,Uta Kata,"Drama, Magic",TV,12,16688
2029,17549,10,Non Non Biyori,"Comedy, School, Seinen, Slice of Life",TV,12,133475
25447,846,8,School Rumble Ni Gakki,"Comedy, Romance, School, Shounen",TV,26,93095
44444,7472,9,Gintama Movie: Shinyaku Benizakura-hen,"Action, Comedy, Historical, Parody, Samurai, Sci-Fi, Shounen",Movie,1,51185
16549,20767,9,Noragami OVA,"Action, Adventure, Shounen",OVA,2,104775
45872,6547,8,Angel Beats!,"Action, Comedy, Drama, School, Supernatural",TV,13,717796
41602,898,9,Dragon Ball Z Movie 05: Tobikkiri no Saikyou tai Saikyou,"Adventure, Comedy, Fantasy, Sci-Fi, Shounen",Movie,1,59207
34087,30,8,Neon Genesis Evangelion,"Action, Dementia, Drama, Mecha, Psychological, Sci-Fi",TV,26,461946
19893,245,9,Great Teacher Onizuka,"Comedy, Drama, School, Shounen, Slice of Life",TV,43,268487
28493,2508,6,Genshiken 2,"Comedy, Parody, Slice of Life",TV,12,55825
53584,457,9,Mushishi,"Adventure, Fantasy, Historical, Mystery, Seinen, Slice of Life, Supernatural",TV,26,300030
29941,32,8,Neon Genesis Evangelion: The End of Evangelion,"Dementia, Drama, Mecha, Psychological, Sci-Fi",Movie,1,215630
29405,1530,8,Kanon (2006),"Drama, Romance, Slice of Life, Supernatural",TV,24,163171
36898,20,10,Naruto,"Action, Comedy, Martial Arts, Shounen, Super Power",TV,220,683297
18512,10793,9,Guilty Crown,"Action, Drama, Sci-Fi, Super Power",TV,22,460959
45212,22865,8,Rokujouma no Shinryakusha!? (TV),"Comedy, Harem, Romance, School, Supernatural",TV,12,76880
3831,18677,7,Yuusha ni Narenakatta Ore wa Shibushibu Shuushoku wo Ketsui Shimashita.,"Comedy, Ecchi, Fantasy, Romance",TV,12,115338
48226,6547,-1,Angel Beats!,"Action, Comedy, Drama, School, Supernatural",TV,13,717796
59196,1195,8,Zero no Tsukaima,"Action, Adventure, Comedy, Ecchi, Fantasy, Harem, Magic, Romance, School",TV,13,346828
30988,16498,9,Shingeki no Kyojin,"Action, Drama, Fantasy, Shounen, Super Power",TV,25,896229
44758,1210,9,NHK ni Youkoso!,"Comedy, Drama, Psychological, Romance",TV,24,291228
59643,14515,8,Sasami-san@Ganbaranai,"Comedy, Romance, Supernatural",TV,12,55635
48652,170,-1,Slam Dunk,"Comedy, Drama, School, Shounen, Sports",TV,101,82570
63531,256,9,Hoshi no Koe,"Drama, Mecha, Romance, Sci-Fi, Space",OVA,1,85492
56266,10110,8,Mayo Chiki!,"Comedy, Ecchi, Harem, Romance, School",TV,13,192219
57450,156,9,X,"Action, Drama, Fantasy, Magic, Romance, Shoujo, Super Power",TV,24,51004
9820,898,-1,Dragon Ball Z Movie 05: Tobikkiri no Saikyou tai Saikyou,"Adventure, Comedy, Fantasy, Sci-Fi, Shounen",Movie,1,59207
39646,23623,9,Non Non Biyori Repeat,"Comedy, School, Seinen, Slice of Life",TV,12,64230
58402,6512,-1,Nyan Koi!,"Comedy, Harem, Romance",TV,12,142264
49646,876,7,Street Fighter II V,"Adventure, Drama, Mystery, Shounen",TV,29,14002
50752,1311,-1,Chobits Recap,"Comedy, Drama, Ecchi, Romance, Sci-Fi",Special,1,29986
32865,487,6,Girls Bravo: Second Season,"Comedy, Ecchi, Fantasy, Harem, Romance, School",TV,13,57110
58252,1579,-1,Kiniro no Corda: Primo Passo,"Comedy, Drama, Harem, Magic, Music, Romance, School, Shoujo",TV,25,63134
17033,5205,9,Kara no Kyoukai 7: Satsujin Kousatsu (Kou),"Action, Mystery, Romance, Supernatural, Thriller",Movie,1,95658
68064,918,10,Gintama,"Action, Comedy, Historical, Parody, Samurai, Sci-Fi, Shounen",TV,201,336376
62192,527,7,Pokemon,"Action, Adventure, Comedy, Fantasy, Kids",TV,276,229157
66128,189,9,Love Hina,"Comedy, Ecchi, Harem, Romance, Shounen, Slice of Life",TV,24,156627
39176,30205,9,Aoharu x Kikanjuu,"Action, Comedy, Shounen, Sports",TV,12,97674
49215,3702,7,Detroit Metal City,"Comedy, Music",OVA,12,104893
41082,11597,-1,Nisemonogatari,"Comedy, Mystery, Supernatural",TV,11,260062
61164,13659,7,Ore no Imouto ga Konnani Kawaii Wake ga Nai.,"Comedy, Seinen, Slice of Life",TV,13,194791
52145,31633,5,Sushi Police,"Comedy, Police",TV,13,9096
40009,8768,7,Hiyokoi,"Romance, School, Shoujo",Special,1,51072
49813,61,6,D.N.Angel,"Action, Comedy, Fantasy, Magic, Romance, School, Shoujo",TV,26,126914
17532,15359,-1,Kyousou Giga (2012),"Action, Fantasy, Supernatural",ONA,5,17584
30400,2787,8,Shakugan no Shana II (Second),"Action, Drama, Fantasy, Romance, School, Supernatural",TV,24,184525
65382,2386,-1,One Piece: Yume no Soccer Ou!,"Comedy, Fantasy, Shounen, Sports",Movie,1,23915
58864,566,7,Tetsuwan Birdy,"Action, Comedy, Sci-Fi, Shounen",OVA,4,13855
56594,5530,-1,Pandora Hearts,"Adventure, Fantasy, Mystery, Shounen, Supernatural",TV,25,229567
21727,9963,-1,Detective Conan Movie 15: Quarter of Silence,"Adventure, Comedy, Mystery, Police, Shounen",Movie,1,17165
71829,437,10,Perfect Blue,"Dementia, Drama, Horror, Psychological",Movie,1,117565
23908,10863,10,Steins;Gate: Oukoubakko no Poriomania,"Sci-Fi, Thriller",Special,1,159548
53786,226,9,Elfen Lied,"Action, Drama, Horror, Psychological, Romance, Seinen, Supernatural",TV,13,623511
41178,2655,-1,Doraemon Movie 23: Nobita to Robot Kingdom,"Adventure, Comedy, Fantasy, Kids, Shounen",Movie,1,2139
37186,270,7,Hellsing,"Action, Horror, Seinen, Supernatural, Vampire",TV,13,308995
23752,2605,8,Sayonara Zetsubou Sensei,"Comedy, Parody, School",TV,12,174531
47458,469,7,Karin,"Comedy, Romance, School, Shounen, Vampire",TV,24,106142
73286,899,-1,Dragon Ball Z Movie 06: Gekitotsu!! 100-oku Power no Senshi-tachi,"Adventure, Comedy, Fantasy, Sci-Fi, Shounen",Movie,1,55789
3990,8129,9,Kuragehime,"Comedy, Josei, Slice of Life",TV,11,108053
52246,4884,7,Tales of the Abyss,"Adventure, Drama, Fantasy",TV,26,74901
53937,3392,-1,Kiniro no Corda: Primo Passo - Hitonatsu no Encore,"Harem, Music, Romance, School, Shoujo",Special,1,17967
37909,6162,7,Tailenders,"Action, Adventure, Cars, Sci-Fi",Movie,1,8474
25423,1102,-1,Urda,"Action, Historical, Military, Sci-Fi",ONA,5,2248
8707,790,10,Ergo Proxy,"Mystery, Psychological, Sci-Fi",TV,23,265005
73278,2418,8,Stranger: Mukou Hadan,"Action, Adventure, Historical, Samurai",Movie,1,125503
33309,3446,7,Biohazard: Degeneration,"Action, Horror, Sci-Fi",Movie,1,20172
35203,18039,8,Rescue Me!,"Ecchi, Harem, Romance",OVA,1,14381
66506,11239,6,Hidamari Sketch x Honeycomb,"Comedy, School, Slice of Life",TV,12,12590
32588,11111,-1,Another,"Horror, Mystery, School, Supernatural, Thriller",TV,12,534657
24893,2787,6,Shakugan no Shana II (Second),"Action, Drama, Fantasy, Romance, School, Supernatural",TV,24,184525
51014,19117,8,Toaru Hikuushi e no Koiuta,"Adventure, Drama, Romance",TV,13,53375
70725,7662,8,Shinrei Tantei Yakumo,"Horror, Mystery, Shoujo, Supernatural",TV,13,78952
63459,16498,10,Shingeki no Kyojin,"Action, Drama, Fantasy, Shounen, Super Power",TV,25,896229
58510,3680,-1,Ai no Katachi: Ecchi na Onnanoko wa Kirai... Desu ka?,Hentai,OVA,2,3720
65953,937,5,Appleseed,"Action, Adventure, Mecha, Police, Sci-Fi",OVA,1,16552
73188,21797,8,Chuunibyou demo Koi ga Shitai! Ren Lite,"Comedy, School",ONA,6,31544
34645,9941,8,Tiger &amp; Bunny,"Action, Comedy, Mystery, Super Power",TV,25,104075
9484,21843,7,Shingeki no Bahamut: Genesis,"Action, Adventure, Demons, Fantasy, Magic, Supernatural",TV,12,143701
9500,10863,6,Steins;Gate: Oukoubakko no Poriomania,"Sci-Fi, Thriller",Special,1,159548
68841,9379,6,Denpa Onna to Seishun Otoko,"Comedy, Sci-Fi, Seinen, Slice of Life",TV,12,149497
53631,10713,7,Towa no Quon 2: Konton no Ranbu,"Action, Mystery, Super Power, Supernatural",Movie,1,20132
9725,30,10,Neon Genesis Evangelion,"Action, Dementia, Drama, Mecha, Psychological, Sci-Fi",TV,26,461946
59225,440,10,Shoujo Kakumei Utena,"Drama, Fantasy, Psychological, Shoujo",TV,39,77464
5960,22297,7,Fate/stay night: Unlimited Blade Works,"Action, Fantasy, Magic, Shounen, Supernatural",TV,12,267484
27395,25731,8,Cross Ange: Tenshi to Ryuu no Rondo,"Action, Mecha, Sci-Fi",TV,25,75807
37122,8074,7,Highschool of the Dead,"Action, Ecchi, Horror, Supernatural",TV,12,535892
9032,16738,7,Wooser no Sono Higurashi: Ken to Pants to Wooser to,"Comedy, Fantasy, Slice of Life",Special,1,2209
67946,10232,6,Tamayura: Hitotose,"Comedy, Drama, Slice of Life",TV,12,25760
16755,5681,8,Summer Wars,"Comedy, Sci-Fi",Movie,1,223359
66450,889,10,Black Lagoon,"Action, Seinen",TV,12,332562
70543,20507,6,Noragami,"Action, Adventure, Shounen, Supernatural",TV,12,515378
27073,12467,9,Nazo no Kanojo X,"Ecchi, Romance, School, Seinen",TV,13,99788
35815,10408,-1,Hotarubi no Mori e,"Drama, Romance, Shoujo, Supernatural",Movie,1,197439
21819,23273,9,Shigatsu wa Kimi no Uso,"Drama, Music, Romance, School, Shounen",TV,22,416397
2743,6880,7,Deadman Wonderland,"Action, Horror, Sci-Fi",TV,12,453454
21562,11757,8,Sword Art Online,"Action, Adventure, Fantasy, Game, Romance",TV,25,893100
49292,155,5,X/1999,"Action, Drama, Fantasy, Horror, Magic, Sci-Fi, Supernatural",Movie,1,23038
21980,1029,-1,Omoide Poroporo,"Drama, Romance, Slice of Life",Movie,1,39589
47377,20545,7,Yuusha ni Narenakatta Ore wa Shibushibu Shuushoku wo Ketsui Shimashita. OVA,"Comedy, Ecchi, Fantasy, Romance",OVA,1,20680
18579,14293,10,Nerawareta Gakuen,"Romance, School, Sci-Fi",Movie,1,44787
36827,7768,-1,Tantei Opera Milky Holmes,"Comedy, Mystery, Super Power",TV,12,28812
44561,8769,6,Ore no Imouto ga Konnani Kawaii Wake ga Nai,"Comedy, Seinen, Slice of Life",TV,12,321477
6583,2994,8,Death Note Rewrite,"Mystery, Police, Psychological, Supernatural, Thriller",Special,2,88699
46792,27899,8,Tokyo Ghoul √A,"Action, Drama, Horror, Mystery, Psychological, Seinen, Supernatural",TV,12,408357
1853,25159,7,Inou-Battle wa Nichijou-kei no Naka de,"Comedy, Romance, School, Slice of Life, Supernatural",TV,12,144370
10117,16918,-1,Gin no Saji,"Comedy, School, Shounen, Slice of Life",TV,11,116261
47799,3782,-1,Kara no Kyoukai 2: Satsujin Kousatsu (Zen),"Action, Mystery, Romance, Supernatural, Thriller",Movie,1,114415
35560,3457,5,Vampire Knight,"Drama, Mystery, Romance, Shoujo, Supernatural, Vampire",TV,13,286826
8058,53,7,Ai Yori Aoshi,"Comedy, Drama, Harem, Romance, Slice of Life",TV,24,66597
58068,467,10,Ghost in the Shell: Stand Alone Complex,"Action, Mecha, Military, Police, Sci-Fi, Seinen",TV,26,194491
11493,22189,7,Futsuu no Joshikousei ga [Locodol] Yattemita.,"Comedy, Seinen",TV,12,27417
27101,126,-1,Futakoi Alternative,"Comedy, Drama, Romance",TV,13,21516
29831,3927,9,Mobile Suit Gundam 00 Second Season,"Action, Drama, Mecha, Military, Sci-Fi, Space",TV,25,86972
22307,9919,10,Ao no Exorcist,"Action, Demons, Fantasy, Shounen, Supernatural",TV,25,583823
29793,437,8,Perfect Blue,"Dementia, Drama, Horror, Psychological",Movie,1,117565
51419,867,10,Slayers Gorgeous,"Adventure, Comedy, Fantasy, Magic, Supernatural",Movie,1,12755
14465,9330,7,Dragon Crisis!,"Action, Magic, Romance, School, Seinen, Supernatural",TV,12,94922
19350,14173,9,Upotte!! OVA,"Comedy, Ecchi, Military, School, Seinen",OVA,1,10076
68134,227,4,FLCL,"Action, Comedy, Dementia, Mecha, Parody, Sci-Fi",OVA,6,305165
15432,33,8,Berserk,"Action, Adventure, Demons, Drama, Fantasy, Horror, Military, Romance, Seinen, Supernatural",TV,25,226430
29135,8425,9,Gosick,"Drama, Historical, Mystery, Romance",TV,24,232113
13063,93,3,Mobile Suit Gundam Seed,"Action, Drama, Mecha, Military, Romance, Sci-Fi, Space",TV,50,96973
73075,22687,8,Terra Formars,"Action, Drama, Horror, Sci-Fi, Seinen, Space",TV,13,95964
55510,1530,-1,Kanon (2006),"Drama, Romance, Slice of Life, Supernatural",TV,24,163171
36737,25159,7,Inou-Battle wa Nichijou-kei no Naka de,"Comedy, Romance, School, Slice of Life, Supernatural",TV,12,144370
35006,452,-1,InuYasha: Toki wo Koeru Omoi,"Adventure, Comedy, Demons, Drama, Fantasy, Historical, Romance, Shounen, Super Power",Movie,1,51354
11338,465,8,One Piece Movie 7: Karakuri-jou no Mecha Kyohei,"Adventure, Comedy, Fantasy, Shounen",Movie,1,33028
372,25519,-1,Yuuki Yuuna wa Yuusha de Aru,"Drama, Fantasy, Magic, Slice of Life",TV,12,59192
32359,16498,10,Shingeki no Kyojin,"Action, Drama, Fantasy, Shounen, Super Power",TV,25,896229
19898,5204,-1,Kara no Kyoukai 6: Boukyaku Rokuon,"Action, Magic, Mystery, Romance, Supernatural, Thriller",Movie,1,93803
22198,8934,8,Star Driver: Kagayaki no Takuto,"Action, Mecha, Romance, Shounen",TV,25,66084
56346,43,9,Ghost in the Shell,"Action, Mecha, Police, Psychological, Sci-Fi, Seinen",Movie,1,223036
19661,6707,-1,Kuroshitsuji II,"Action, Comedy, Demons, Fantasy, Shounen, Supernatural",TV,12,234955
59257,6045,6,Kimi ni Todoke,"Romance, School, Shoujo, Slice of Life",TV,25,309339
61287,430,7,Fullmetal Alchemist: The Conqueror of Shamballa,"Comedy, Drama, Fantasy, Historical, Military, Shounen",Movie,1,186465
36932,5681,7,Summer Wars,"Comedy, Sci-Fi",Movie,1,223359
38183,4752,8,Vampire Knight Guilty,"Drama, Mystery, Romance, Shoujo, Supernatural, Vampire",TV,13,198492
15989,4938,10,Tsubasa: Shunraiki,"Action, Adventure, Drama, Fantasy, Magic, Mystery, Romance, Shounen, Supernatural",OVA,2,40420
58951,974,6,Dead Leaves,"Adventure, Comedy, Psychological, Sci-Fi",Movie,1,40717
50160,121,-1,Fullmetal Alchemist,"Action, Adventure, Comedy, Drama, Fantasy, Magic, Military, Shounen",TV,51,600384
49452,419,5,Samurai Deeper Kyou,"Adventure, Comedy, Historical, Shounen, Supernatural",TV,26,38580
15051,8769,7,Ore no Imouto ga Konnani Kawaii Wake ga Nai,"Comedy, Seinen, Slice of Life",TV,12,321477
68666,11499,6,Sankarea,"Comedy, Ecchi, Horror, Romance, Shounen, Supernatural",TV,12,222657
12450,7054,-1,Kaichou wa Maid-sama!,"Comedy, Romance, School, Shoujo",TV,26,391628
35937,11759,10,Accel World,"Action, Game, Romance, School, Sci-Fi",TV,24,324284
17034,6956,9,Working!!,"Comedy, Slice of Life",TV,13,189367
8287,3503,7,Kanokon,"Comedy, Ecchi, Harem, Romance, School, Shounen, Slice of Life, Supernatural",TV,12,122288
27225,23623,9,Non Non Biyori Repeat,"Comedy, School, Seinen, Slice of Life",TV,12,64230
8408,1535,8,Death Note,"Mystery, Police, Psychological, Supernatural, Thriller",TV,37,1013917
39121,10020,-1,Ore no Imouto ga Konnani Kawaii Wake ga Nai Specials,"Comedy, Seinen, Slice of Life",ONA,4,101495
59261,849,-1,Suzumiya Haruhi no Yuuutsu,"Comedy, Mystery, Parody, School, Sci-Fi, Slice of Life",TV,14,428569
47348,9513,9,Beelzebub,"Action, Comedy, Demons, School, Shounen, Supernatural",TV,60,217752
52722,6573,8,Darker than Black: Ryuusei no Gemini,"Action, Mystery, Sci-Fi, Super Power",TV,12,222243
32872,230,7,Air Master,"Action, Comedy, Martial Arts, Seinen",TV,27,22433
56183,4382,8,Suzumiya Haruhi no Yuuutsu (2009),"Comedy, Mystery, Parody, Romance, School, Sci-Fi, Slice of Life",TV,14,243448
29969,3702,-1,Detroit Metal City,"Comedy, Music",OVA,12,104893
68723,31043,8,Boku dake ga Inai Machi,"Mystery, Psychological, Seinen, Supernatural",TV,12,402381
15696,4358,9,Aniyome wa Ijippari,Hentai,OVA,2,7882
5374,528,8,Pokemon: Mewtwo no Gyakushuu,"Action, Adventure, Comedy, Drama, Fantasy, Kids",Movie,1,100089
53588,18295,9,Kakumeiki Valvrave 2nd Season,"Action, Mecha, Space",TV,12,57434
59050,5764,6,Zero no Tsukaima: Princesses no Rondo - Yuuwaku no Sunahama,"Comedy, Ecchi, Fantasy, Harem, Magic",Special,1,51816
23727,21033,8,Seikoku no Dragonar,"Comedy, Ecchi, Fantasy, School",TV,12,83068
72371,1690,8,Bokurano,"Drama, Mecha, Psychological, Sci-Fi",TV,24,81408
49218,10278,8,The iDOLM@STER,"Comedy, Drama, Music",TV,25,81155
44949,4214,8,Rosario to Vampire Capu2,"Comedy, Ecchi, Fantasy, Harem, Romance, School, Vampire",TV,13,203958
59700,27631,5,God Eater,"Action, Fantasy, Military, Sci-Fi",TV,13,192433
52358,225,-1,Dragon Ball GT,"Action, Adventure, Comedy, Fantasy, Magic, Sci-Fi, Shounen, Super Power",TV,64,226625
56562,10249,6,Toaru Majutsu no Index-tan II,"Comedy, Parody",Special,2,20942
33377,21511,9,Kantai Collection: KanColle,"Action, Military, School, Sci-Fi, Slice of Life",TV,12,100999
60917,3455,7,To LOVE-Ru,"Comedy, Ecchi, Harem, Romance, School, Sci-Fi",TV,26,237563
27907,2001,10,Tengen Toppa Gurren Lagann,"Action, Adventure, Comedy, Mecha, Sci-Fi",TV,27,562962
5461,30,8,Neon Genesis Evangelion,"Action, Dementia, Drama, Mecha, Psychological, Sci-Fi",TV,26,461946
50639,2285,7,D.I.C.E.,"Action, Adventure, Kids, Mecha, Sci-Fi, Shounen",TV,40,2744
41375,1469,8,Monster Farm: Enbanseki no Himitsu,"Action, Adventure, Comedy, Fantasy",TV,48,22170
33787,821,-1,Initial D Battle Stage,"Action, Cars, Drama, Seinen, Sports",OVA,1,13633
43867,6746,8,Durarara!!,"Action, Mystery, Supernatural",TV,24,556431
12439,22729,8,Aldnoah.Zero,"Action, Mecha, Sci-Fi",TV,12,244193
55266,3759,8,School Days: Valentine Days,"Comedy, Romance, School",OVA,1,32917
21195,981,5,Ichigo 100% OVA,"Comedy, Ecchi, Harem, Romance, School, Shounen",OVA,4,19508
68633,29095,7,Grisaia no Rakuen,"Drama, Harem, Psychological, Romance",TV,10,111962
71600,7311,9,Suzumiya Haruhi no Shoushitsu,"Comedy, Mystery, Romance, School, Sci-Fi, Supernatural",Movie,1,240297
34400,1142,10,Hachimitsu to Clover II,"Drama, Josei, Romance",TV,12,61493
58667,1609,7,Mai-Otome Zwei,"Action, Magic",OVA,4,14615
22906,6581,-1,Sengoku Basara: Setonai no Gekitotsu! Hi wo Fuku Umi no Daiyousai - Fugaku!!,"Action, Historical, Martial Arts, Samurai",Special,1,9553
10016,2236,10,Toki wo Kakeru Shoujo,"Adventure, Drama, Romance, Sci-Fi",Movie,1,289206
29272,15729,6,Hagure Yuusha no Aesthetica: Hajirai Ippai,"Comedy, Ecchi",Special,6,19407
18621,21843,6,Shingeki no Bahamut: Genesis,"Action, Adventure, Demons, Fantasy, Magic, Supernatural",TV,12,143701
36923,2026,9,Hayate no Gotoku!,"Action, Comedy, Harem, Parody, Romance",TV,52,130085
6866,135,7,Hikaru no Go,"Comedy, Game, Shounen, Supernatural",TV,75,69000
4518,2476,6,School Days,"Drama, Harem, Romance, School",TV,12,279183
17999,849,8,Suzumiya Haruhi no Yuuutsu,"Comedy, Mystery, Parody, School, Sci-Fi, Slice of Life",TV,14,428569
52109,19221,8,"Ore no Nounai Sentakushi ga, Gakuen Love Comedy wo Zenryoku de Jama Shiteiru","Comedy, Romance, School",TV,10,179569
50721,5681,4,Summer Wars,"Comedy, Sci-Fi",Movie,1,223359
49750,30831,7,Kono Subarashii Sekai ni Shukufuku wo!,"Adventure, Comedy, Fantasy, Supernatural",TV,10,244877
1873,1218,7,Tonagura!,"Comedy, Drama, Ecchi, Romance, School",TV,13,31856
20620,6675,9,Redline,"Action, Cars, Sci-Fi, Sports",Movie,1,109392
46550,20021,7,Sword Art Online: Extra Edition,"Action, Adventure, Fantasy, Game, Romance",Special,1,121722
38915,339,10,Serial Experiments Lain,"Dementia, Drama, Mystery, Psychological, Sci-Fi, Supernatural",TV,13,215829
54166,15809,9,Hataraku Maou-sama!,"Comedy, Demons, Fantasy, Romance, Shounen",TV,13,409037
55955,31442,8,Musaigen no Phantom World,"Action, Comedy, Fantasy, Slice of Life, Supernatural",TV,13,168482
25223,10863,10,Steins;Gate: Oukoubakko no Poriomania,"Sci-Fi, Thriller",Special,1,159548
49390,1813,7,Genshiken OVA,"Comedy, Parody, Slice of Life",OVA,3,35493
51464,492,7,Armitage III: Dual-Matrix,"Action, Adventure, Mecha, Sci-Fi",Movie,1,11524
4783,2245,8,Seraphim Call,"Drama, Romance, Sci-Fi",TV,12,2434
26855,225,10,Dragon Ball GT,"Action, Adventure, Comedy, Fantasy, Magic, Sci-Fi, Shounen, Super Power",TV,64,226625
8215,395,9,Gantz 2nd Stage,"Action, Drama, Horror, Psychological, Sci-Fi, Supernatural",TV,13,87240
8846,585,-1,Mimi wo Sumaseba,"Adventure, Drama, Fantasy, Romance, Slice of Life",Movie,1,94435
28243,5978,7,Kannagi: Moshimo Kannagi ga Attara...,"Comedy, School, Shounen, Supernatural",Special,1,22155
27759,9941,9,Tiger &amp; Bunny,"Action, Comedy, Mystery, Super Power",TV,25,104075
49180,169,8,Shingetsutan Tsukihime,"Action, Horror, Mystery, Romance, Super Power, Supernatural, Vampire",TV,12,90713
57665,467,9,Ghost in the Shell: Stand Alone Complex,"Action, Mecha, Military, Police, Sci-Fi, Seinen",TV,26,194491
47005,11617,8,High School DxD,"Comedy, Demons, Ecchi, Harem, Romance, School",TV,12,398660
12344,9203,7,K-On!!: Ura-On!!,Comedy,Special,9,23216
63856,29067,10,Danna ga Nani wo Itteiru ka Wakaranai Ken 2 Sure-me,"Comedy, Seinen, Slice of Life",TV,13,73285
58559,495,-1,Bakuretsu Hunters,"Adventure, Comedy, Ecchi, Fantasy, Magic, Shounen, Supernatural",TV,26,10667
49290,3468,-1,Maria-sama ga Miteru Specials,"Drama, Romance, School, Shoujo, Shoujo Ai, Slice of Life",Special,7,6085
73135,5784,9,Ai no Kusabi (2012),"Drama, Romance, Sci-Fi, Yaoi",OVA,4,17943
55989,19221,-1,"Ore no Nounai Sentakushi ga, Gakuen Love Comedy wo Zenryoku de Jama Shiteiru","Comedy, Romance, School",TV,10,179569
64737,7590,-1,Mayoi Neko Overrun!,"Comedy, Harem, Romance",TV,13,75517
40257,21995,10,Ao Haru Ride,"Comedy, Drama, Romance, School, Shoujo, Slice of Life",TV,12,227417
62125,4181,9,Clannad: After Story,"Drama, Fantasy, Romance, Slice of Life, Supernatural",TV,24,456749
6819,4725,10,Ga-Rei: Zero,"Action, Super Power, Supernatural, Thriller",TV,12,145102
10655,1535,-1,Death Note,"Mystery, Police, Psychological, Supernatural, Thriller",TV,37,1013917
28784,2248,6,Naruto: Dai Katsugeki!! Yuki Hime Shinobu Houjou Dattebayo! Special: Konoha Annual Sports Festival,"Action, Comedy, Fantasy, Martial Arts, Shounen, Sports",Special,1,47988
32588,5958,-1,Sora no Otoshimono,"Comedy, Ecchi, Harem, Romance, Sci-Fi, Shounen, Supernatural",TV,13,227681
44515,2964,7,Blue Drop: Tenshi-tachi no Gikyoku,"Drama, Sci-Fi, Shoujo Ai",TV,13,19968
33318,9776,7,A-Channel,"Comedy, School, Seinen, Slice of Life",TV,12,58564
49179,4063,8,Sekirei,"Action, Comedy, Ecchi, Harem, Super Power",TV,12,182713
47771,5940,7,Seiken no Blacksmith,"Action, Adventure, Fantasy",TV,12,81738
30033,14467,7,K,"Action, Super Power, Supernatural",TV,13,297051
21409,23755,9,Nanatsu no Taizai,"Action, Adventure, Ecchi, Fantasy, Shounen, Supernatural",TV,24,331627
69514,424,-1,Dirty Pair,"Adventure, Comedy, Police, Sci-Fi",TV,24,9131
40174,412,7,Kore ga Watashi no Goshujinsama,"Comedy, Ecchi, Slice of Life",TV,12,57646
56601,5678,10,Kobato.,"Comedy, Drama, Fantasy",TV,24,88986
62667,225,8,Dragon Ball GT,"Action, Adventure, Comedy, Fantasy, Magic, Sci-Fi, Shounen, Super Power",TV,64,226625
3401,31,10,Neon Genesis Evangelion: Death &amp; Rebirth,"Drama, Mecha, Psychological, Sci-Fi",Movie,1,102093
21165,17397,7,Cyclops Shoujo Saipuu,"Comedy, Ecchi, School, Slice of Life",ONA,12,15329
3116,904,5,Dragon Ball Z Movie 11: Super Senshi Gekiha!! Katsu no wa Ore da,"Action, Adventure, Comedy, Fantasy, Martial Arts, Shounen, Super Power",Movie,1,49949
39558,8915,7,Dantalian no Shoka,"Action, Historical, Mystery, Supernatural",TV,12,84779
41919,460,10,One Piece Movie 2: Nejimaki-jima no Daibouken,"Action, Adventure, Comedy, Fantasy, Shounen, Super Power",Movie,1,37792
23380,732,-1,Vampire Hunter D,"Action, Horror, Sci-Fi, Supernatural, Vampire",Movie,1,42377
29586,14829,-1,Fate/kaleid liner Prisma☆Illya,"Action, Comedy, Fantasy, Magic",TV,10,100392
71625,28171,10,Shokugeki no Souma,"Ecchi, School, Shounen",TV,24,348951
53936,2251,8,Baccano!,"Action, Comedy, Historical, Mystery, Seinen, Supernatural",TV,13,363215
37811,7647,4,Arakawa Under the Bridge,"Comedy, Romance, Seinen",TV,13,162622
23983,3089,9,The Sky Crawlers,"Drama, Military",Movie,1,32660
44055,21327,10,Isshuukan Friends.,"Comedy, School, Shounen, Slice of Life",TV,12,139601
39935,841,8,Colorful,"Comedy, Ecchi, Slice of Life",TV,16,13960
55252,3091,8,xxxHOLiC Kei,"Comedy, Drama, Mystery, Psychological, Supernatural",TV,13,74941
29878,13055,-1,Sankarea OVA,"Comedy, Ecchi, Horror, Romance, Shounen, Supernatural",OVA,2,51997
18283,24833,6,Ansatsu Kyoushitsu (TV),"Action, Comedy, School, Shounen",TV,22,312654
57005,8676,8,Amagami SS,"Comedy, Romance, School, Slice of Life",TV,25,157223
49224,849,10,Suzumiya Haruhi no Yuuutsu,"Comedy, Mystery, Parody, School, Sci-Fi, Slice of Life",TV,14,428569
14032,2167,2,Clannad,"Comedy, Drama, Romance, School, Slice of Life, Supernatural",TV,23,566690
49662,860,5,Makai Senki Disgaea,"Action, Comedy, Demons, Fantasy, Magic",TV,12,30146
69991,210,7,Ranma ½,"Comedy, Fantasy, Martial Arts, Slice of Life",TV,161,105212
9026,10161,10,No.6,"Action, Sci-Fi",TV,11,168017
5555,9656,9,Kimi ni Todoke 2nd Season,"Romance, School, Shoujo, Slice of Life",TV,12,171866
70882,763,-1,Zoids,"Action, Adventure, Comedy, Mecha, Sci-Fi",TV,67,27614
50254,3174,4,Sola Specials,"Comedy, Romance, Slice of Life, Supernatural",Special,2,12223
14872,16742,-1,Watashi ga Motenai no wa Dou Kangaetemo Omaera ga Warui!,"Comedy, School, Shounen, Slice of Life",TV,12,257925
20330,14345,10,Btooom!,"Action, Psychological, Sci-Fi, Seinen",TV,12,329561
71908,856,9,Utawarerumono,"Action, Drama, Fantasy, Sci-Fi",TV,26,91034
51674,10029,7,Coquelicot-zaka kara,"Historical, Romance, School, Shoujo",Movie,1,50689
35406,20785,9,Mahouka Koukou no Rettousei,"Magic, Romance, School, Sci-Fi, Supernatural",TV,26,285317
20602,3712,7,Zero no Tsukaima: Princesses no Rondo,"Action, Adventure, Comedy, Ecchi, Fantasy, Harem, Magic, Romance, School",TV,12,210891
56806,2993,-1,Rosario to Vampire,"Comedy, Ecchi, Fantasy, Harem, Romance, School, Shounen, Vampire",TV,13,299278
17515,21881,8,Sword Art Online II,"Action, Adventure, Fantasy, Game, Romance",TV,24,537892
687,12503,-1,Mirai Nikki (TV): Ura Mirai Nikki,"Action, Comedy, Mystery, Psychological, Shounen, Supernatural, Thriller",Special,10,32565
51612,9006,5,Rei Zero,Hentai,OVA,2,1707
69313,121,7,Fullmetal Alchemist,"Action, Adventure, Comedy, Drama, Fantasy, Magic, Military, Shounen",TV,51,600384
70763,88,8,Mobile Suit Gundam F91,"Drama, Mecha, Military, Sci-Fi, Space",Movie,1,13456
68804,384,7,Gantz,"Action, Drama, Horror, Psychological, Sci-Fi, Supernatural",TV,13,165335
10765,3529,6,Kowaremono II,Hentai,OVA,2,988
39245,2889,6,Bleach Movie 2: The DiamondDust Rebellion - Mou Hitotsu no Hyourinmaru,"Action, Adventure, Shounen, Supernatural",Movie,1,134739
63240,30585,8,Taifuu no Noruda,"Drama, School, Sci-Fi, Supernatural",Movie,1,14281
52244,3655,7,Nabari no Ou,"Action, Comedy, Drama, Fantasy, Shounen, Supernatural",TV,26,107384
19677,11013,9,Inu x Boku SS,"Comedy, Romance, Shounen, Supernatural",TV,12,216204
11511,71,9,Full Metal Panic!,"Action, Comedy, Mecha, Military, Sci-Fi",TV,24,256325
14911,164,7,Mononoke Hime,"Action, Adventure, Fantasy",Movie,1,339556
54118,10553,7,Betsu ni Anta no Tame ni Ookiku Nattan Janain Dakara ne!!,Hentai,OVA,1,3516
19898,1727,-1,Shinkyoku Soukai Polyphonica,"Drama, Fantasy, Music, Romance, School",TV,12,22282
40028,857,7,Air Gear,"Action, Comedy, Ecchi, Shounen, Sports",TV,25,194611
16180,5306,-1,Tales of Symphonia The Animation: Tethe&#039;alla-hen,"Action, Adventure, Fantasy, Magic, Martial Arts, Shounen",OVA,4,20355
31054,20785,7,Mahouka Koukou no Rettousei,"Magic, Romance, School, Sci-Fi, Supernatural",TV,26,285317
6291,527,5,Pokemon,"Action, Adventure, Comedy, Fantasy, Kids",TV,276,229157
70208,479,7,The Law of Ueki,"Adventure, Comedy, Drama, Shounen, Supernatural",TV,51,60027
51327,9014,7,Kuttsukiboshi,"Drama, Romance, Shoujo Ai, Supernatural",OVA,2,21805
34454,28999,-1,Charlotte,"Drama, School, Super Power",TV,13,310137
27335,9253,10,Steins;Gate,"Sci-Fi, Thriller",TV,24,673572
64049,16099,6,Sword Art Online: Sword Art Offline,Comedy,Special,9,50012
39935,47,8,Akira,"Action, Adventure, Horror, Military, Sci-Fi, Supernatural",Movie,1,215897
4842,7627,7,Mitsudomoe,"Comedy, School, Slice of Life",TV,13,56483
48766,3192,-1,Tobira wo Akete,"Action, Adventure, Fantasy, Sci-Fi",Movie,1,894
2592,2926,9,Myself; Yourself,"Drama, Romance, School",TV,13,115075
10297,1041,8,Zetsuai 1989,"Drama, Music, Romance, Sports, Yaoi",OVA,1,7117
20881,9201,10,Air Gear: Kuro no Hane to Nemuri no Mori - Break on the Sky,"Action, Comedy, Ecchi, Shounen, Sports",OVA,3,40176
72196,44,9,Rurouni Kenshin: Meiji Kenkaku Romantan - Tsuioku-hen,"Action, Drama, Historical, Martial Arts, Romance, Samurai",OVA,4,129307
6559,849,7,Suzumiya Haruhi no Yuuutsu,"Comedy, Mystery, Parody, School, Sci-Fi, Slice of Life",TV,14,428569
64780,14719,9,JoJo no Kimyou na Bouken (TV),"Action, Adventure, Shounen, Supernatural, Vampire",TV,26,190197
30905,376,-1,Elfen Lied Special,"Drama, Ecchi, Horror, Psychological, Supernatural",Special,1,116129
49095,192,10,Love Hina Haru Special: Kimi Sakura Chiru Nakare!!,"Adventure, Comedy, Romance",Special,1,40858
69947,1575,9,Code Geass: Hangyaku no Lelouch,"Action, Mecha, Military, School, Sci-Fi, Super Power",TV,25,715151
7793,11111,-1,Another,"Horror, Mystery, School, Supernatural, Thriller",TV,12,534657
1713,18055,8,Hakkenden: Touhou Hakken Ibun 2nd Season,"Action, Fantasy, Shoujo, Supernatural",TV,13,33466
66596,3002,8,Gyakkyou Burai Kaiji: Ultimate Survivor,"Game, Psychological, Seinen, Thriller",TV,26,98996
54087,2593,8,Kara no Kyoukai 1: Fukan Fuukei,"Action, Mystery, Supernatural, Thriller",Movie,1,178880
31272,223,8,Dragon Ball,"Adventure, Comedy, Fantasy, Martial Arts, Shounen, Super Power",TV,153,316102
47848,840,-1,Narue no Sekai,"Comedy, Romance, Sci-Fi",TV,12,11544
36492,4246,8,Eureka Seven: Pocket ga Niji de Ippai,"Adventure, Mecha, Romance, Sci-Fi",Movie,1,32514
41822,10711,-1,Plastic Neesan,"Comedy, School",ONA,12,83977
26717,418,9,Ranma ½: Chuugoku Nekonron Daikessen! Okite Yaburi no Gekitou-hen!!,"Adventure, Comedy, Shounen",Movie,1,13073
17562,5114,9,Fullmetal Alchemist: Brotherhood,"Action, Adventure, Drama, Fantasy, Magic, Military, Shounen",TV,64,793665
14015,790,9,Ergo Proxy,"Mystery, Psychological, Sci-Fi",TV,23,265005
50293,9201,6,Air Gear: Kuro no Hane to Nemuri no Mori - Break on the Sky,"Action, Comedy, Ecchi, Shounen, Sports",OVA,3,40176
2711,9367,7,Freezing,"Action, Drama, Ecchi, Harem, Martial Arts, Romance, Sci-Fi, Seinen",TV,12,159273
47109,31790,4,Active Raid: Kidou Kyoushuushitsu Dai Hachi Gakari,"Comedy, Mecha, Police, Sci-Fi",TV,12,37993
28990,12729,10,High School DxD OVA,"Comedy, Demons, Ecchi, Romance, School",OVA,2,91154
71362,463,7,One Piece Movie 5: Norowareta Seiken,"Action, Adventure, Comedy, Fantasy, Shounen, Super Power",Movie,1,35357
68349,10161,8,No.6,"Action, Sci-Fi",TV,11,168017
73012,47,7,Akira,"Action, Adventure, Horror, Military, Sci-Fi, Supernatural",Movie,1,215897
14090,479,9,The Law of Ueki,"Adventure, Comedy, Drama, Shounen, Supernatural",TV,51,60027
12694,22839,9,Cross Road,"School, Slice of Life",Special,1,23038
42182,14227,-1,Tonari no Kaibutsu-kun,"Comedy, Romance, School, Shoujo, Slice of Life",TV,13,349836
24137,8247,8,Bleach Movie 4: Jigoku-hen,"Action, Comedy, Shounen, Super Power, Supernatural",Movie,1,94074
57731,1657,4,Byston Well Monogatari: Garzey no Tsubasa,Fantasy,OVA,3,5822
65260,21405,9,Bokura wa Minna Kawaisou,"Comedy, Romance, School, Slice of Life",TV,12,159793
65400,530,5,Bishoujo Senshi Sailor Moon,"Demons, Magic, Romance, Shoujo",TV,46,146521
6627,10418,-1,Deadman Wonderland OVA,"Action, Horror, Sci-Fi",OVA,1,78878
41042,257,8,Ikkitousen,"Ecchi, Martial Arts, School, Super Power",TV,13,88969
21037,3588,9,Soul Eater,"Action, Adventure, Comedy, Fantasy, Shounen, Supernatural",TV,51,580184
19070,13759,8,Sakurasou no Pet na Kanojo,"Comedy, Drama, Romance, School, Slice of Life",TV,24,380375
52550,25939,7,Mahou Shoujo Lyrical Nanoha ViVid,"Action, Adventure, Magic",TV,12,11952
69317,134,8,Gunslinger Girl,"Action, Drama, Military, Psychological, Sci-Fi",TV,13,106865
22411,8197,7,So Ra No Wo To Specials,"Military, Music, Sci-Fi, Slice of Life",Special,2,16491
25439,6045,-1,Kimi ni Todoke,"Romance, School, Shoujo, Slice of Life",TV,25,309339
60090,31144,-1,Mottainai,Slice of Life,Special,1,2234
72088,530,7,Bishoujo Senshi Sailor Moon,"Demons, Magic, Romance, Shoujo",TV,46,146521
33950,18,8,Initial D Fourth Stage,"Action, Cars, Drama, Seinen, Sports",TV,24,41584
73132,790,10,Ergo Proxy,"Mystery, Psychological, Sci-Fi",TV,23,265005
8933,8675,7,Seitokai Yakuindomo,"Comedy, School, Shounen, Slice of Life",TV,13,217617
72136,4581,-1,Shikabane Hime: Aka,"Action, Horror, Martial Arts",TV,13,71502
14026,9617,7,K-On! Movie,"Comedy, Music, Slice of Life",Movie,1,115252
68056,898,10,Dragon Ball Z Movie 05: Tobikkiri no Saikyou tai Saikyou,"Adventure, Comedy, Fantasy, Sci-Fi, Shounen",Movie,1,59207
31810,22319,8,Tokyo Ghoul,"Action, Drama, Horror, Mystery, Psychological, Seinen, Supernatural",TV,12,618056
60378,6205,7,Kämpfer,"Action, Comedy, Ecchi, Romance, School, Shoujo Ai, Super Power",TV,12,146631
15966,2236,10,Toki wo Kakeru Shoujo,"Adventure, Drama, Romance, Sci-Fi",Movie,1,289206
32511,864,6,Mobile Suit Gundam Seed MSV Astray,"Mecha, Military, Sci-Fi, Shounen, Space",OVA,2,7336
29479,10110,-1,Mayo Chiki!,"Comedy, Ecchi, Harem, Romance, School",TV,13,192219
1069,5341,10,Ookami to Koushinryou II,"Adventure, Fantasy, Historical, Romance",TV,12,210491
40267,241,7,Girls Bravo: First Season,"Comedy, Ecchi, Fantasy, Harem, Romance, School",TV,11,84395
32148,10620,9,Mirai Nikki (TV),"Action, Mystery, Psychological, Shounen, Supernatural, Thriller",TV,26,657190
35301,226,-1,Elfen Lied,"Action, Drama, Horror, Psychological, Romance, Seinen, Supernatural",TV,13,623511
8861,1565,9,Pokemon Diamond &amp; Pearl,"Action, Adventure, Comedy, Fantasy, Kids",TV,191,48203
59643,1365,8,Detective Conan Movie 06: The Phantom of Baker Street,"Adventure, Mystery, Police, Shounen",Movie,1,28462
36090,20,8,Naruto,"Action, Comedy, Martial Arts, Shounen, Super Power",TV,220,683297
24245,462,7,One Piece Movie 4: Dead End no Bouken,"Action, Adventure, Comedy, Fantasy, Shounen, Super Power",Movie,1,39946
22464,13833,7,Nagareboshi Lens,"Romance, Shoujo",OVA,1,12437
30956,558,9,Major S2,"Comedy, Drama, Shounen, Sports",TV,26,30689
46546,17074,-1,Monogatari Series: Second Season,"Comedy, Mystery, Romance, Supernatural, Vampire",TV,26,205959
49310,3174,7,Sola Specials,"Comedy, Romance, Slice of Life, Supernatural",Special,2,12223
54763,357,7,Bokusatsu Tenshi Dokuro-chan,"Comedy, Ecchi, Magic",OVA,4,117080
46379,3457,6,Vampire Knight,"Drama, Mystery, Romance, Shoujo, Supernatural, Vampire",TV,13,286826
11982,9919,8,Ao no Exorcist,"Action, Demons, Fantasy, Shounen, Supernatural",TV,25,583823
59455,1566,8,Ghost in the Shell: Stand Alone Complex - Solid State Society,"Mecha, Military, Mystery, Police, Sci-Fi, Seinen",Special,1,55247
55378,4181,-1,Clannad: After Story,"Drama, Fantasy, Romance, Slice of Life, Supernatural",TV,24,456749
49503,6324,7,Omamori Himari,"Action, Comedy, Demons, Ecchi, Harem, Romance, Supernatural",TV,12,119572
33883,8074,8,Highschool of the Dead,"Action, Ecchi, Horror, Supernatural",TV,12,535892
12936,31098,9,Ushio to Tora (TV) 2nd Season,"Comedy, Demons, Shounen, Supernatural",TV,13,43916
3379,528,7,Pokemon: Mewtwo no Gyakushuu,"Action, Adventure, Comedy, Drama, Fantasy, Kids",Movie,1,100089
44330,8676,8,Amagami SS,"Comedy, Romance, School, Slice of Life",TV,25,157223
18564,442,-1,Naruto Movie 1: Dai Katsugeki!! Yuki Hime Shinobu Houjou Dattebayo!,"Adventure, Comedy, Drama, Historical, Shounen, Supernatural",Movie,1,120571
27544,23847,7,Yahari Ore no Seishun Love Comedy wa Machigatteiru. Zoku,"Comedy, Drama, Romance, School",TV,13,222994
60803,4181,-1,Clannad: After Story,"Drama, Fantasy, Romance, Slice of Life, Supernatural",TV,24,456749
65878,20541,10,Mikakunin de Shinkoukei,"Comedy, Romance, School, Slice of Life",TV,12,133385
34074,8407,10,Sora no Otoshimono: Forte,"Comedy, Ecchi, Harem, Romance, Sci-Fi, Shounen, Supernatural",TV,12,146697
60392,6351,9,"Clannad: After Story - Mou Hitotsu no Sekai, Kyou-hen","Drama, Romance, School",Special,1,138364
71130,4382,3,Suzumiya Haruhi no Yuuutsu (2009),"Comedy, Mystery, Parody, Romance, School, Sci-Fi, Slice of Life",TV,14,243448
61288,528,7,Pokemon: Mewtwo no Gyakushuu,"Action, Adventure, Comedy, Drama, Fantasy, Kids",Movie,1,100089
44705,21995,8,Ao Haru Ride,"Comedy, Drama, Romance, School, Shoujo, Slice of Life",TV,12,227417
24631,199,10,Sen to Chihiro no Kamikakushi,"Adventure, Drama, Supernatural",Movie,1,466254
32807,18679,10,Kill la Kill,"Action, Comedy, School, Super Power",TV,24,508118
50656,5116,5,Candy Boy Episode: EX01 - Mirai Yohouzu,"School, Shoujo Ai, Slice of Life",OVA,1,16405
23875,2167,8,Clannad,"Comedy, Drama, Romance, School, Slice of Life, Supernatural",TV,23,566690
44945,22273,8,Selector Infected WIXOSS,"Game, Psychological",TV,12,80964
70357,1210,9,NHK ni Youkoso!,"Comedy, Drama, Psychological, Romance",TV,24,291228
59641,30,7,Neon Genesis Evangelion,"Action, Dementia, Drama, Mecha, Psychological, Sci-Fi",TV,26,461946
29758,6045,-1,Kimi ni Todoke,"Romance, School, Shoujo, Slice of Life",TV,25,309339
15763,1482,7,D.Gray-man,"Action, Adventure, Comedy, Shounen",TV,103,334399
39019,11123,8,Sekaiichi Hatsukoi 2,"Comedy, Drama, Romance, Shounen Ai",TV,12,69253
7941,18617,10,Girls und Panzer der Film,"Military, School",Movie,1,25641
44653,9656,10,Kimi ni Todoke 2nd Season,"Romance, School, Shoujo, Slice of Life",TV,12,171866
21436,18411,8,Gingitsune,"Seinen, Slice of Life, Supernatural",TV,12,33429
44906,121,9,Fullmetal Alchemist,"Action, Adventure, Comedy, Drama, Fantasy, Magic, Military, Shounen",TV,51,600384
46373,19671,9,Free!: FrFr - Short Movie,"Comedy, Sports",Special,7,35956
27305,907,-1,Princess Princess,"Comedy, School, Shoujo",TV,12,38778
30845,30276,-1,One Punch Man,"Action, Comedy, Parody, Sci-Fi, Seinen, Super Power, Supernatural",TV,12,552458
47838,1192,5,Kakurenbo,"Horror, Psychological, Supernatural",Movie,1,22853
4211,9041,7,IS: Infinite Stratos,"Action, Comedy, Harem, Mecha, Sci-Fi",TV,12,254543
30445,225,5,Dragon Ball GT,"Action, Adventure, Comedy, Fantasy, Magic, Sci-Fi, Shounen, Super Power",TV,64,226625
65713,20,10,Naruto,"Action, Comedy, Martial Arts, Shounen, Super Power",TV,220,683297
41389,523,8,Tonari no Totoro,"Adventure, Comedy, Supernatural",Movie,1,271484
1108,9989,8,Ano Hi Mita Hana no Namae wo Bokutachi wa Mada Shiranai.,"Drama, Slice of Life, Supernatural",TV,11,463835
9362,11061,10,Hunter x Hunter (2011),"Action, Adventure, Shounen, Super Power",TV,148,425855
32185,1004,9,Kanojo to Kanojo no Neko,"Drama, Psychological, Romance, Slice of Life",OVA,1,53463
49992,785,6,Otaku no Video,"Comedy, Drama, Historical, Magic, Mecha, Sci-Fi",OVA,2,13885
71250,2593,7,Kara no Kyoukai 1: Fukan Fuukei,"Action, Mystery, Supernatural, Thriller",Movie,1,178880
29223,6045,8,Kimi ni Todoke,"Romance, School, Shoujo, Slice of Life",TV,25,309339
28112,9958,8,Hayate no Gotoku! Heaven Is a Place on Earth,"Comedy, Harem, Parody",Movie,1,22973
15663,19221,5,"Ore no Nounai Sentakushi ga, Gakuen Love Comedy wo Zenryoku de Jama Shiteiru","Comedy, Romance, School",TV,10,179569
53748,3457,8,Vampire Knight,"Drama, Mystery, Romance, Shoujo, Supernatural, Vampire",TV,13,286826
56532,7311,9,Suzumiya Haruhi no Shoushitsu,"Comedy, Mystery, Romance, School, Sci-Fi, Supernatural",Movie,1,240297
53241,11697,-1,Area no Kishi,"Comedy, School, Shounen, Sports",TV,37,38310
16497,9760,7,Hoshi wo Ou Kodomo,"Adventure, Fantasy, Romance",Movie,1,76286
57488,430,8,Fullmetal Alchemist: The Conqueror of Shamballa,"Comedy, Drama, Fantasy, Historical, Military, Shounen",Movie,1,186465
6387,3342,7,Mnemosyne: Mnemosyne no Musume-tachi,"Action, Horror, Sci-Fi, Shoujo Ai, Supernatural",TV,6,96092
670,6956,10,Working!!,"Comedy, Slice of Life",TV,13,189367
49234,1085,-1,Interlude,"Adventure, Horror, Mystery",OVA,3,7573
61344,9181,-1,Motto To LOVE-Ru,"Comedy, Ecchi, Harem, School, Sci-Fi, Shounen",TV,12,134988
30429,8063,7,Sekaiichi Hatsukoi OVA,"Comedy, Drama, Romance, Shounen Ai",OVA,2,35225
57246,23311,8,Garo: Honoo no Kokuin,"Action, Demons, Fantasy, Magic, Supernatural",TV,24,64214
72533,4898,-1,Kuroshitsuji,"Action, Comedy, Demons, Fantasy, Historical, Shounen, Supernatural",TV,24,424919
4759,5391,10,Pico to Chico,"Hentai, Yaoi",OVA,1,29463
58677,193,7,Maburaho,"Comedy, Drama, Ecchi, Harem, Magic, Romance, School",TV,24,61004
43992,527,8,Pokemon,"Action, Adventure, Comedy, Fantasy, Kids",TV,276,229157
11863,2167,-1,Clannad,"Comedy, Drama, Romance, School, Slice of Life, Supernatural",TV,23,566690
36382,8190,8,Nodame Cantabile OVA 2,"Comedy, Josei, Romance",OVA,1,17226
71438,15583,7,Date A Live,"Comedy, Harem, Mecha, Romance, School, Sci-Fi",TV,12,301358
60955,1255,7,Saint Seiya: Shinku no Shounen Densetsu,"Adventure, Fantasy, Sci-Fi, Shounen",Movie,1,8849
63900,2787,-1,Shakugan no Shana II (Second),"Action, Drama, Fantasy, Romance, School, Supernatural",TV,24,184525
53927,232,8,Cardcaptor Sakura,"Adventure, Comedy, Drama, Fantasy, Magic, Romance, School, Shoujo",TV,70,181249
14631,15225,7,Hentai Ouji to Warawanai Neko.,"Comedy, Harem, Romance, School, Seinen, Supernatural",TV,12,201735
37832,102,-1,Aishiteruze Baby★★,"Comedy, Drama, Romance, Shoujo",TV,26,63959
22513,5680,-1,K-On!,"Comedy, Music, School, Slice of Life",TV,13,386048
44981,16444,9,Mondaiji-tachi ga Isekai kara Kuru Sou Desu yo?: Onsen Manyuuki,"Fantasy, Supernatural",OVA,1,44450
44957,6702,6,Fairy Tail,"Action, Adventure, Comedy, Fantasy, Magic, Shounen",TV,175,584590
3047,7711,9,Karigurashi no Arrietty,Fantasy,Movie,1,97910
13511,4382,9,Suzumiya Haruhi no Yuuutsu (2009),"Comedy, Mystery, Parody, Romance, School, Sci-Fi, Slice of Life",TV,14,243448
6288,14045,7,Mangirl!,"Comedy, Slice of Life",TV,13,19015
25334,16656,-1,Zettai Junpaku♡Mahou Shoujo,"Action, Ecchi, Harem, Magic",OVA,1,5410
52919,68,7,Black Cat,"Adventure, Comedy, Sci-Fi, Shounen, Super Power",TV,23,150512
54348,262,-1,Happy☆Lesson: The Final,"Comedy, Harem, Romance, School",OVA,3,6371
34504,4181,9,Clannad: After Story,"Drama, Fantasy, Romance, Slice of Life, Supernatural",TV,24,456749
21496,874,7,Digimon Tamers,"Adventure, Comedy, Drama, Fantasy, Shounen",TV,51,94391
64478,27989,8,Hibike! Euphonium,"Drama, Music, School",TV,13,134694
64112,16051,7,Ro-Kyu-Bu! SS,"Comedy, Ecchi, School, Sports",TV,12,21125
4302,4999,7,Asu no Yoichi!,"Comedy, Ecchi, Harem, Martial Arts, Romance, Shounen",TV,12,110748
48057,4063,9,Sekirei,"Action, Comedy, Ecchi, Harem, Super Power",TV,12,182713
60040,1689,9,Byousoku 5 Centimeter,"Drama, Romance, Slice of Life",Movie,3,324035
15716,17909,10,Uchouten Kazoku,"Comedy, Drama, Fantasy, Slice of Life",TV,13,64897
3629,8675,8,Seitokai Yakuindomo,"Comedy, School, Shounen, Slice of Life",TV,13,217617
4462,8609,10,Detective Conan OVA 10: Kid in Trap Island,"Adventure, Comedy, Mystery, Police, Shounen",OVA,1,7757
32734,26349,8,Danna ga Nani wo Itteiru ka Wakaranai Ken,"Comedy, Seinen, Slice of Life",TV,13,122271
67487,4726,10,Druaga no Tou: The Sword of Uruk,"Adventure, Fantasy",TV,12,46237
45492,9926,9,Sekaiichi Hatsukoi,"Comedy, Drama, Romance, Shounen Ai",TV,12,94820
10260,356,8,Fate/stay night,"Action, Fantasy, Magic, Romance, Supernatural",TV,24,374880
21644,17259,7,Kuroko no Basket: Oshaberi Shiyokka,"Comedy, School, Shounen, Sports",Special,1,23937
61939,25183,7,Gangsta.,"Action, Drama, Seinen",TV,12,210752
49789,667,-1,Kashimashi: Girl Meets Girl,"Comedy, Drama, Romance, School, Shoujo Ai, Slice of Life",TV,12,32198
23361,5690,10,Nodame Cantabile Finale,"Comedy, Josei, Music, Romance",TV,11,67697
56994,31163,8,Dimension W,"Action, Sci-Fi, Seinen",TV,12,130028
42732,4835,-1,Bleach Movie 3: Fade to Black - Kimi no Na wo Yobu,"Action, Comedy, Shounen, Super Power, Supernatural",Movie,1,122373
48010,11887,-1,Kokoro Connect,"Comedy, Drama, Romance, School, Slice of Life, Supernatural",TV,13,283847
13916,22319,-1,Tokyo Ghoul,"Action, Drama, Horror, Mystery, Psychological, Seinen, Supernatural",TV,12,618056
20338,16706,10,Kami nomi zo Shiru Sekai: Megami-hen,"Comedy, Harem, Romance, Shounen, Supernatural",TV,12,142612
37663,14833,5,Maoyuu Maou Yuusha,"Adventure, Demons, Fantasy, Historical, Romance",TV,12,164445
2721,13759,-1,Sakurasou no Pet na Kanojo,"Comedy, Drama, Romance, School, Slice of Life",TV,24,380375
50448,10163,7,C: The Money of Soul and Possibility Control,"Action, Mystery, Super Power, Thriller",TV,11,156853
59468,910,6,Himawari!,"Adventure, Comedy, Martial Arts",TV,13,15549
37619,23755,8,Nanatsu no Taizai,"Action, Adventure, Ecchi, Fantasy, Shounen, Supernatural",TV,24,331627
25123,3713,9,Jigoku Shoujo Mitsuganae,"Mystery, Psychological, Supernatural",TV,26,58993
10658,5205,-1,Kara no Kyoukai 7: Satsujin Kousatsu (Kou),"Action, Mystery, Romance, Supernatural, Thriller",Movie,1,95658
28984,2251,9,Baccano!,"Action, Comedy, Historical, Mystery, Seinen, Supernatural",TV,13,363215
73410,154,3,Shaman King,"Action, Adventure, Comedy, Drama, Shounen, Supernatural",TV,64,169517
73234,21431,5,Gokukoku no Brynhildr,"Drama, Mystery, Sci-Fi, Seinen",TV,13,159899
65884,164,9,Mononoke Hime,"Action, Adventure, Fantasy",Movie,1,339556
44295,1686,9,Bleach Movie 1: Memories of Nobody,"Action, Adventure, Super Power",Movie,1,151598
63511,21085,9,Witch Craft Works,"Action, Fantasy, Magic, Seinen, Supernatural",TV,12,106381
20584,1526,10,Pokemon Advanced Generation: Mew to Hadou no Yuusha Lucario,"Action, Adventure, Drama, Fantasy, Kids",Movie,1,46887
30078,28805,-1,Bakemono no Ko,"Adventure, Supernatural",Movie,1,80825
62969,14467,9,K,"Action, Super Power, Supernatural",TV,13,297051
7596,1589,-1,Bartender,"Drama, Seinen, Slice of Life",TV,11,44394
16170,395,10,Gantz 2nd Stage,"Action, Drama, Horror, Psychological, Sci-Fi, Supernatural",TV,13,87240
46172,6213,-1,Toaru Kagaku no Railgun,"Action, Sci-Fi, Super Power",TV,24,231079
57752,934,9,Higurashi no Naku Koro ni,"Horror, Mystery, Psychological, Supernatural, Thriller",TV,26,359494
6382,981,-1,Ichigo 100% OVA,"Comedy, Ecchi, Harem, Romance, School, Shounen",OVA,4,19508
52527,5030,8,Maria†Holic,"Comedy, Parody, School, Shoujo Ai",TV,12,104663
567,1689,7,Byousoku 5 Centimeter,"Drama, Romance, Slice of Life",Movie,3,324035
29895,12115,10,Berserk: Ougon Jidai-hen III - Kourin,"Action, Adventure, Demons, Drama, Fantasy, Horror, Military, Seinen, Supernatural",Movie,1,65594
29453,9989,9,Ano Hi Mita Hana no Namae wo Bokutachi wa Mada Shiranai.,"Drama, Slice of Life, Supernatural",TV,11,463835
69830,10793,6,Guilty Crown,"Action, Drama, Sci-Fi, Super Power",TV,22,460959
29476,9513,-1,Beelzebub,"Action, Comedy, Demons, School, Shounen, Supernatural",TV,60,217752
61443,5238,9,Chocolate Underground: Bokura no Chocolate Sensou,Adventure,Movie,1,1432
55104,4789,9,ef: A Tale of Melodies.,"Drama, Mystery, Romance, Supernatural",TV,12,103657
60240,1531,7,Shakugan no Shana SP: Koi to Onsen no Kougai Gakushuu!,"Comedy, Ecchi, Fantasy, Romance, Slice of Life",OVA,1,26234
36919,21845,10,Ushinawareta Mirai wo Motomete,"Drama, Romance, School, Sci-Fi",TV,12,47565
55643,1260,-1,Saint Seiya: Saishuu Seisen no Senshi-tachi,"Adventure, Sci-Fi, Shounen",Movie,1,8217
46467,17391,-1,Senyuu. Specials,"Action, Comedy, Fantasy, Shounen",Special,4,10194
49599,861,9,xxxHOLiC,"Comedy, Drama, Mystery, Psychological, Supernatural",TV,24,150872
24628,27989,8,Hibike! Euphonium,"Drama, Music, School",TV,13,134694
34248,8425,-1,Gosick,"Drama, Historical, Mystery, Romance",TV,24,232113
22061,4789,10,ef: A Tale of Melodies.,"Drama, Mystery, Romance, Supernatural",TV,12,103657
69537,4901,9,Black Lagoon: Roberta&#039;s Blood Trail,"Action, Seinen",OVA,5,108099
51245,7148,7,Ladies versus Butlers!,"Comedy, Ecchi, Harem, Romance, School, Seinen",TV,12,94820
62070,16033,7,Karneval,"Fantasy, Sci-Fi, Shoujo",OVA,1,11320
62763,11111,7,Another,"Horror, Mystery, School, Supernatural, Thriller",TV,12,534657
54511,119,6,Final Approach,"Comedy, Drama, Romance, Slice of Life",TV,13,24902
63434,11757,9,Sword Art Online,"Action, Adventure, Fantasy, Game, Romance",TV,25,893100
37600,10842,8,Fullmetal Alchemist: The Sacred Star of Milos Specials,"Comedy, Fantasy, Magic",ONA,4,11981
52432,1088,7,Macross,"Action, Mecha, Military, Music, Romance, Sci-Fi, Space",TV,36,44157
41550,5941,9,Cross Game,"Comedy, Drama, Romance, School, Sports",TV,50,53108
44077,6325,6,Naruto: Shippuuden Movie 3 - Hi no Ishi wo Tsugu Mono,"Action, Comedy, Martial Arts, Shounen, Super Power",Movie,1,83515
61475,199,10,Sen to Chihiro no Kamikakushi,"Adventure, Drama, Supernatural",Movie,1,466254
72593,4551,-1,Hakushaku to Yousei,"Adventure, Fantasy, Historical, Magic",TV,12,63915
4312,33004,5,Tanaka-kun wa Kyou mo Kedaruge,"Comedy, School",Special,35,10434
67506,1250,9,Erementar Gerad,"Adventure, Comedy, Fantasy, Magic, Romance, Super Power",TV,26,63193
5346,2924,10,ef: A Tale of Memories.,"Drama, Mystery, Romance",TV,12,151106
50660,205,8,Samurai Champloo,"Action, Adventure, Comedy, Historical, Samurai, Shounen",TV,26,390076
33829,28497,9,Rokka no Yuusha,"Action, Adventure, Fantasy, Magic, Mystery",TV,12,218747
37384,21405,9,Bokura wa Minna Kawaisou,"Comedy, Romance, School, Slice of Life",TV,12,159793
56619,32961,7,Regalia: The Three Sacred Stars,"Action, Mecha, Sci-Fi",TV,13,16766
61484,4059,7,"Clannad: Mou Hitotsu no Sekai, Tomoyo-hen","Drama, Romance, School, Slice of Life",Special,1,160423
14938,121,10,Fullmetal Alchemist,"Action, Adventure, Comedy, Drama, Fantasy, Magic, Military, Shounen",TV,51,600384
13236,1004,5,Kanojo to Kanojo no Neko,"Drama, Psychological, Romance, Slice of Life",OVA,1,53463
29113,1482,7,D.Gray-man,"Action, Adventure, Comedy, Shounen",TV,103,334399
52547,372,10,Cardcaptor Sakura Movie 2: Fuuin Sareta Card,"Comedy, Drama, Fantasy, Magic, Romance, Shoujo",Movie,1,60637
58457,22043,7,Fairy Tail (2014),"Action, Adventure, Comedy, Fantasy, Magic, Shounen",TV,102,255076
4169,8424,-1,MM!,"Comedy, Ecchi, Harem, School",TV,12,129672
58243,1535,8,Death Note,"Mystery, Police, Psychological, Supernatural, Thriller",TV,37,1013917
56619,20889,9,Kuro no Sumika: Chronus,Psychological,Movie,1,12270
4572,10793,9,Guilty Crown,"Action, Drama, Sci-Fi, Super Power",TV,22,460959
13511,5277,8,Sekirei: Pure Engagement,"Action, Comedy, Ecchi, Harem, Super Power",TV,13,113911
46185,22199,8,Akame ga Kill!,"Action, Adventure, Fantasy",TV,24,492133
15728,527,7,Pokemon,"Action, Adventure, Comedy, Fantasy, Kids",TV,276,229157
38460,16592,9,Danganronpa: Kibou no Gakuen to Zetsubou no Koukousei The Animation,"Action, Horror, Mystery, Psychological",TV,13,298550
62276,413,1,Hametsu no Mars,"Horror, Sci-Fi",OVA,1,27557
565,9135,7,Fullmetal Alchemist: The Sacred Star of Milos,"Action, Adventure, Comedy, Drama, Fantasy, Magic, Military, Shounen",Movie,1,87944
32105,14741,8,Chuunibyou demo Koi ga Shitai!,"Comedy, Drama, Romance, School, Slice of Life",TV,12,394399
44433,15,5,Eyeshield 21,"Action, Comedy, Shounen, Sports",TV,145,83648
7550,149,10,Loveless,"Action, Drama, Fantasy, Mystery, Romance, Shoujo, Shounen Ai, Supernatural",TV,12,85554
46516,8630,8,Hidan no Aria,"Action, Comedy, Romance, School",TV,12,171888
57903,17919,7,Houkago no Pleiades (TV),"Magic, Space",TV,12,20062
24491,13673,8,Otome Nadeshiko Koi Techou,"Historical, Shoujo",OVA,1,3074
421,1887,7,Lucky☆Star,"Comedy, Parody, School, Slice of Life",TV,24,305837
50995,13153,7,Renkyori Enai,Music,Music,1,719
48421,4654,10,Toaru Majutsu no Index,"Action, Magic, Sci-Fi, Super Power",TV,24,313114
21211,4654,10,Toaru Majutsu no Index,"Action, Magic, Sci-Fi, Super Power",TV,24,313114
24243,4835,9,Bleach Movie 3: Fade to Black - Kimi no Na wo Yobu,"Action, Comedy, Shounen, Super Power, Supernatural",Movie,1,122373
54560,2034,9,Lovely★Complex,"Comedy, Romance, Shoujo",TV,24,235003
35172,2235,8,Mizu no Kotoba,"Drama, Psychological, Sci-Fi",Special,1,15958
62663,30276,10,One Punch Man,"Action, Comedy, Parody, Sci-Fi, Seinen, Super Power, Supernatural",TV,12,552458
55595,20449,8,"Watashi ga Motenai no wa Dou Kangaetemo Omaera ga Warui!: Motenaishi, Nazomeite Miru","Comedy, School, Slice of Life",OVA,1,39779
21881,27727,-1,Binan Koukou Chikyuu Bouei-bu LOVE!,"Comedy, Magic, School, Slice of Life",TV,12,45873
6969,18095,8,Nourin,"Comedy, Ecchi, Romance, School",TV,12,76069
70850,388,8,Capeta,"Cars, Shounen, Sports",TV,52,9711
28954,7708,5,Machi Gurumi no Wana: Hakudaku ni Mamireta Shitai,Hentai,OVA,4,4348
69394,8536,5,Fortune Arterial: Akai Yakusoku,"Comedy, Romance, School, Supernatural, Vampire",TV,12,71285
33003,14713,9,Kamisama Hajimemashita,"Comedy, Demons, Fantasy, Romance, Shoujo, Supernatural",TV,13,189641
9687,30503,-1,Noragami Aragoto,"Action, Adventure, Shounen, Supernatural",TV,13,299434
65757,31368,-1,Grisaia no Rakuen Specials,Ecchi,Special,5,15055
49900,2615,10,Otome wa Boku ni Koishiteru Special,"Comedy, Romance, School",Special,1,9347
14230,1556,-1,Kikoushi Enma,"Demons, Ecchi, Fantasy, Horror, Magic, Seinen, Supernatural",OVA,4,11902
5573,3392,8,Kiniro no Corda: Primo Passo - Hitonatsu no Encore,"Harem, Music, Romance, School, Shoujo",Special,1,17967
26574,165,-1,RahXephon,"Action, Drama, Mecha, Music, Mystery, Psychological, Romance, Sci-Fi",TV,26,66751
54653,16001,9,Kokoro Connect: Michi Random,"Comedy, Drama, Romance, School, Slice of Life, Supernatural",Special,4,106989
22906,139,-1,Hunter x Hunter: Greed Island Final,"Action, Adventure, Shounen, Super Power",OVA,14,55787
18957,3455,7,To LOVE-Ru,"Comedy, Ecchi, Harem, Romance, School, Sci-Fi",TV,26,237563
17255,528,-1,Pokemon: Mewtwo no Gyakushuu,"Action, Adventure, Comedy, Drama, Fantasy, Kids",Movie,1,100089
30894,11757,10,Sword Art Online,"Action, Adventure, Fantasy, Game, Romance",TV,25,893100
58037,2001,9,Tengen Toppa Gurren Lagann,"Action, Adventure, Comedy, Mecha, Sci-Fi",TV,27,562962
25351,11161,8,Hoshizora e Kakaru Hashi: Kakaru ka? Gakuensai ni Koi no Hashi,"Comedy, Ecchi, Romance, School",Special,1,17770
39019,9919,8,Ao no Exorcist,"Action, Demons, Fantasy, Shounen, Supernatural",TV,25,583823
37382,12413,-1,Jormungand,"Action, Adventure, Seinen",TV,12,137610
1865,10165,10,Nichijou,"Comedy, School, Slice of Life",TV,26,254436
53584,5150,4,Hatsukoi Limited,"Comedy, Romance, School, Shounen",TV,12,54796
56415,393,-1,Escaflowne,"Adventure, Drama, Fantasy, Mecha, Romance, Sci-Fi, Shoujo",Movie,1,37379
72064,10721,8,Mawaru Penguindrum,"Comedy, Drama, Mystery, Psychological",TV,24,156689
27577,894,7,Dragon Ball Z Movie 01: Ora no Gohan wo Kaese!!,"Adventure, Comedy, Fantasy, Sci-Fi, Shounen",Movie,1,57623
31475,11759,10,Accel World,"Action, Game, Romance, School, Sci-Fi",TV,24,324284
20556,1943,7,Paprika,"Fantasy, Horror, Mystery, Psychological, Sci-Fi, Thriller",Movie,1,163308
49401,821,-1,Initial D Battle Stage,"Action, Cars, Drama, Seinen, Sports",OVA,1,13633
11779,507,6,Gravitation: Lyrics of Love,"Comedy, Romance, Shoujo, Shounen Ai",OVA,2,22015
64670,6675,8,Redline,"Action, Cars, Sci-Fi, Sports",Movie,1,109392
21336,10162,9,Usagi Drop,"Josei, Slice of Life",TV,11,194855
9494,3457,7,Vampire Knight,"Drama, Mystery, Romance, Shoujo, Supernatural, Vampire",TV,13,286826
12501,21437,6,Buddy Complex,"Action, Mecha, Sci-Fi",TV,13,44006
23536,32282,10,Shokugeki no Souma: Ni no Sara,"Ecchi, School, Shounen",TV,13,185015
53596,4793,6,Pokemon: Pichu to Pikachu,"Adventure, Comedy, Fantasy, Kids",Movie,1,22352
34852,22687,-1,Terra Formars,"Action, Drama, Horror, Sci-Fi, Seinen, Space",TV,13,95964
18366,1535,9,Death Note,"Mystery, Police, Psychological, Supernatural, Thriller",TV,37,1013917
25202,9926,-1,Sekaiichi Hatsukoi,"Comedy, Drama, Romance, Shounen Ai",TV,12,94820
10247,741,10,Sensitive Pornograph,"Comedy, Drama, Hentai, Romance, Yaoi",OVA,1,27518
52940,195,6,Onegai☆Teacher,"Comedy, Drama, Romance, School, Sci-Fi",TV,12,99558
41343,2993,7,Rosario to Vampire,"Comedy, Ecchi, Fantasy, Harem, Romance, School, Shounen, Vampire",TV,13,299278
24571,1117,-1,Pokemon: Maboroshi no Pokemon Lugia Bakutan,"Adventure, Comedy, Drama, Fantasy, Kids",Movie,1,78876
39161,6205,8,Kämpfer,"Action, Comedy, Ecchi, Romance, School, Shoujo Ai, Super Power",TV,12,146631
32424,25835,8,Shirobako,"Comedy, Drama",TV,24,146895
46059,16868,7,Sukitte Ii na yo.: Dareka ga,"Romance, School, Shoujo",OVA,1,27802
45797,2025,9,Darker than Black: Kuro no Keiyakusha,"Action, Mystery, Sci-Fi, Super Power",TV,25,440334
60192,1889,-1,Higurashi no Naku Koro ni Kai,"Mystery, Psychological, Supernatural, Thriller",TV,24,218101
15009,24893,7,Sidonia no Kishi: Daikyuu Wakusei Seneki,"Action, Mecha, Sci-Fi, Seinen, Space",TV,12,57665
45631,10110,7,Mayo Chiki!,"Comedy, Ecchi, Harem, Romance, School",TV,13,192219
24415,6574,9,Hanamaru Youchien,"Comedy, Seinen, Slice of Life",TV,12,40243
16935,5671,-1,Saki,"Game, School, Slice of Life",TV,25,55970
1465,250,5,Konjiki no Gash Bell!!,"Adventure, Comedy, Magic, Shounen, Supernatural",TV,150,51403
29045,5337,10,Bakugan Battle Brawlers: New Vestroia,"Adventure, Fantasy, Game, Shounen",TV,52,14694
49509,846,8,School Rumble Ni Gakki,"Comedy, Romance, School, Shounen",TV,26,93095
14865,32245,3,Kuromukuro,"Action, Mecha, Sci-Fi",TV,26,46323
58123,440,3,Shoujo Kakumei Utena,"Drama, Fantasy, Psychological, Shoujo",TV,39,77464
64678,853,9,Ouran Koukou Host Club,"Comedy, Harem, Romance, School, Shoujo",TV,26,422271
58010,97,9,Last Exile,"Action, Adventure, Sci-Fi",TV,26,104193
17121,22877,9,Seirei Tsukai no Blade Dance,"Action, Comedy, Ecchi, Fantasy, Harem, Romance, School, Supernatural",TV,12,124448
59855,984,7,Dragon Ball Z: Saiya-jin Zetsumetsu Keikaku,"Adventure, Comedy, Fantasy, Sci-Fi, Shounen",OVA,2,21043
17439,14513,8,Magi: The Labyrinth of Magic,"Action, Adventure, Fantasy, Magic, Shounen",TV,25,317513
41999,17247,7,Machine-Doll wa Kizutsukanai,"Action, Ecchi, Fantasy, School, Seinen",TV,12,136751
65519,29803,9,Overlord,"Action, Adventure, Fantasy, Game, Magic, Supernatural",TV,13,244268
46635,24277,9,Yowamushi Pedal: Grande Road,"Comedy, Drama, Shounen, Sports",TV,24,50778
45097,851,9,Kyou kara Ore wa!!,"Comedy, Shounen",OVA,10,7954
44267,10379,10,Natsume Yuujinchou San,"Drama, Fantasy, Shoujo, Slice of Life, Supernatural",TV,13,102322
50469,710,-1,Rec,"Comedy, Drama, Romance",TV,9,68951
17327,552,9,Digimon Adventure,"Action, Adventure, Comedy, Fantasy, Kids",TV,54,182208
4143,10793,9,Guilty Crown,"Action, Drama, Sci-Fi, Super Power",TV,22,460959
52966,10800,10,Chihayafuru,"Drama, Game, Josei, Slice of Life, Sports",TV,25,158561
65206,339,6,Serial Experiments Lain,"Dementia, Drama, Mystery, Psychological, Sci-Fi, Supernatural",TV,13,215829
8629,31430,7,Terra Formars Revenge,"Action, Drama, Horror, Sci-Fi, Seinen, Space",TV,13,34176
5508,1535,9,Death Note,"Mystery, Police, Psychological, Supernatural, Thriller",TV,37,1013917
69760,10589,-1,Naruto: Shippuuden Movie 5 - Blood Prison,"Action, Adventure, Martial Arts, Mystery, Shounen, Super Power",Movie,1,75660
50377,857,8,Air Gear,"Action, Comedy, Ecchi, Shounen, Sports",TV,25,194611
54791,226,10,Elfen Lied,"Action, Drama, Horror, Psychological, Romance, Seinen, Supernatural",TV,13,623511
7778,137,8,Hunter x Hunter OVA,"Action, Adventure, Shounen, Super Power",OVA,8,53168
54645,857,9,Air Gear,"Action, Comedy, Ecchi, Shounen, Sports",TV,25,194611
61504,320,-1,A Kite,"Action, Drama, Hentai, Police",OVA,2,27941
50386,129,10,Gensoumaden Saiyuuki,"Adventure, Comedy, Drama, Shounen, Supernatural",TV,50,31179
67866,14719,9,JoJo no Kimyou na Bouken (TV),"Action, Adventure, Shounen, Supernatural, Vampire",TV,26,190197
53946,5774,8,Seitokaichou ni Chuukoku,"Comedy, Drama, Romance, School, Yaoi",OVA,2,23730
31542,3785,8,Evangelion: 3.0 You Can (Not) Redo,"Action, Mecha, Sci-Fi",Movie,1,135318
48373,1989,-1,Shizuku,Comedy,Movie,1,1484
54910,537,2,Tekken,"Action, Adventure, Martial Arts, Sci-Fi",OVA,2,9687
67987,3087,-1,Cencoroll,"Action, Sci-Fi",Movie,1,56370
46906,9890,7,Major: Message,"Comedy, Drama, Sports",OVA,1,12282
14300,270,10,Hellsing,"Action, Horror, Seinen, Supernatural, Vampire",TV,13,308995
20746,6675,10,Redline,"Action, Cars, Sci-Fi, Sports",Movie,1,109392
5296,620,8,Mermaid Forest,"Drama, Fantasy, Horror, Mystery",TV,13,14073
57748,16,10,Hachimitsu to Clover,"Comedy, Drama, Josei, Romance",TV,24,130646
6413,3328,7,School Days: Magical Heart Kokoro-chan,"Comedy, Ecchi, Magic",OVA,1,28812
64522,11997,7,Tsundere Inran Shoujo Sukumi,Hentai,OVA,2,4042
63394,57,8,Beck,"Comedy, Drama, Music, Shounen, Slice of Life",TV,26,148328
38026,33,7,Berserk,"Action, Adventure, Demons, Drama, Fantasy, Horror, Military, Romance, Seinen, Supernatural",TV,25,226430
10521,49,-1,Aa! Megami-sama!,"Comedy, Magic, Romance, Seinen, Supernatural",OVA,5,34590
57964,3299,5,H2O: Footprints in the Sand,"Harem, Romance, School",TV,12,64975
12808,22865,9,Rokujouma no Shinryakusha!? (TV),"Comedy, Harem, Romance, School, Supernatural",TV,12,76880
20022,1195,8,Zero no Tsukaima,"Action, Adventure, Comedy, Ecchi, Fantasy, Harem, Magic, Romance, School",TV,13,346828
61047,512,9,Majo no Takkyuubin,"Adventure, Comedy, Drama, Fantasy, Magic, Romance",Movie,1,152331
18240,180,6,Vandread,"Action, Ecchi, Mecha, Sci-Fi, Shounen, Space",TV,13,53360
60114,12119,4,Natsu-iro Kiseki,"School, Slice of Life, Supernatural",TV,12,26883
52619,2261,7,Malice@Doll,"Horror, Psychological, Sci-Fi",OVA,3,1739
23020,13659,-1,Ore no Imouto ga Konnani Kawaii Wake ga Nai.,"Comedy, Seinen, Slice of Life",TV,13,194791
51211,3457,5,Vampire Knight,"Drama, Mystery, Romance, Shoujo, Supernatural, Vampire",TV,13,286826
5249,502,6,Dragon Ball Movie 1: Shen Long no Densetsu,"Action, Adventure, Comedy, Fantasy, Shounen, Super Power",Movie,1,30279
69582,32182,-1,Mob Psycho 100,"Action, Comedy, Slice of Life, Supernatural",TV,12,193716
5700,1539,7,Touch: Cross Road - Kaze no Yukue,"Romance, Shounen, Sports",Special,1,1513
124,1575,8,Code Geass: Hangyaku no Lelouch,"Action, Mecha, Military, School, Sci-Fi, Super Power",TV,25,715151
66954,6811,-1,InuYasha: Kanketsu-hen,"Action, Adventure, Comedy, Demons, Fantasy, Magic, Romance, Shounen, Supernatural",TV,26,99128
54429,4814,10,Junjou Romantica 2,"Comedy, Drama, Romance, Shounen Ai",TV,12,87617
57196,11785,7,Haiyore! Nyaruko-san,"Comedy, Parody, Sci-Fi",TV,12,154595
70608,431,8,Howl no Ugoku Shiro,"Adventure, Drama, Fantasy, Romance",Movie,1,333186
56159,8074,8,Highschool of the Dead,"Action, Ecchi, Horror, Supernatural",TV,12,535892
8629,24625,7,Gundam Build Fighters Try,"Action, Mecha, Sci-Fi",TV,25,17946
25523,6573,5,Darker than Black: Ryuusei no Gemini,"Action, Mystery, Sci-Fi, Super Power",TV,12,222243
35661,5081,10,Bakemonogatari,"Mystery, Romance, Supernatural, Vampire",TV,15,482268
29538,6772,9,Break Blade 1: Kakusei no Toki,"Action, Fantasy, Mecha, Military, Shounen",Movie,1,58184
69931,7593,9,Kiss x Sis (TV),"Comedy, Ecchi, Harem, Romance, School, Seinen",TV,12,215361
31796,22265,7,Free!: Eternal Summer,"Comedy, School, Slice of Life, Sports",TV,13,150596
44922,3655,9,Nabari no Ou,"Action, Comedy, Drama, Fantasy, Shounen, Supernatural",TV,26,107384
15221,897,8,Dragon Ball Z Movie 04: Super Saiyajin da Son Gokuu,"Adventure, Fantasy, Sci-Fi, Shounen",Movie,1,51924
15136,1142,10,Hachimitsu to Clover II,"Drama, Josei, Romance",TV,12,61493
316,1535,8,Death Note,"Mystery, Police, Psychological, Supernatural, Thriller",TV,37,1013917
45012,11813,7,Shijou Saikyou no Deshi Kenichi OVA,"Action, Comedy, Martial Arts, School, Shounen",OVA,11,24167
31804,18679,-1,Kill la Kill,"Action, Comedy, School, Super Power",TV,24,508118
59633,182,-1,Tenkuu no Escaflowne,"Adventure, Fantasy, Mecha, Romance, Shoujo",TV,26,83437
38359,18679,-1,Kill la Kill,"Action, Comedy, School, Super Power",TV,24,508118
46063,935,7,Witchblade,"Action, Sci-Fi, Super Power",TV,24,64697
6104,4282,7,Kara no Kyoukai 5: Mujun Rasen,"Action, Drama, Mystery, Romance, Supernatural, Thriller",Movie,1,111074
4893,7728,9,Hellsing: Psalm of Darkness,"Action, Seinen, Supernatural, Vampire",Special,1,15097
32414,8630,9,Hidan no Aria,"Action, Comedy, Romance, School",TV,12,171888
39937,24,8,School Rumble,"Comedy, Romance, School, Shounen",TV,26,178553
48005,3087,8,Cencoroll,"Action, Sci-Fi",Movie,1,56370
33915,20057,9,Space☆Dandy,"Comedy, Sci-Fi, Space",TV,13,123529
56612,154,6,Shaman King,"Action, Adventure, Comedy, Drama, Shounen, Supernatural",TV,64,169517
44606,853,6,Ouran Koukou Host Club,"Comedy, Harem, Romance, School, Shoujo",TV,26,422271
66927,10578,-1,C³,"Action, Comedy, Ecchi, School, Supernatural",TV,12,100425
24171,5356,7,Canaan,"Action, Seinen",TV,13,123217
55177,9136,8,Kuroshitsuji II Specials,"Comedy, Fantasy, Parody, Shounen, Supernatural",Special,6,60899
38027,269,-1,Bleach,"Action, Comedy, Shounen, Super Power, Supernatural",TV,366,624055
38804,7338,6,Darker than Black: Kuro no Keiyakusha Gaiden,"Action, Mystery, Sci-Fi, Super Power",Special,4,136135
4471,1118,-1,Pokemon: Kesshoutou no Teiou Entei,"Action, Adventure, Comedy, Drama, Fantasy, Kids",Movie,1,73253
48821,6864,10,xxxHOLiC Rou,"Mystery, Supernatural",OVA,2,36353
31370,11111,7,Another,"Horror, Mystery, School, Supernatural, Thriller",TV,12,534657
48960,14227,8,Tonari no Kaibutsu-kun,"Comedy, Romance, School, Shoujo, Slice of Life",TV,13,349836
44503,32,9,Neon Genesis Evangelion: The End of Evangelion,"Dementia, Drama, Mecha, Psychological, Sci-Fi",Movie,1,215630
28490,5681,8,Summer Wars,"Comedy, Sci-Fi",Movie,1,223359
11045,1219,7,Chocotto Sister,"Comedy, Drama, Romance",TV,24,14380
38707,4280,7,Kara no Kyoukai 4: Garan no Dou,"Action, Mystery, Supernatural, Thriller",Movie,1,103600
55546,10620,8,Mirai Nikki (TV),"Action, Mystery, Psychological, Shounen, Supernatural, Thriller",TV,26,657190
12046,7858,9,Sora no Otoshimono: Project Pink,"Comedy, Ecchi, Harem, Sci-Fi, Shounen, Supernatural",OVA,1,61903
19009,19669,8,Kuroko no Basket: Baka ja Katenai no yo!,"Comedy, School, Shounen, Sports",OVA,1,26785
19135,15315,8,Mondaiji-tachi ga Isekai kara Kuru Sou Desu yo?,"Comedy, Fantasy, Supernatural",TV,10,218231
68824,10080,9,Kami nomi zo Shiru Sekai II,"Comedy, Harem, Romance, Shounen, Supernatural",TV,12,194300
15888,12729,9,High School DxD OVA,"Comedy, Demons, Ecchi, Romance, School",OVA,2,91154
66761,513,6,Tenkuu no Shiro Laputa,"Adventure, Fantasy, Romance, Sci-Fi",Movie,1,151061
44913,31439,-1,Wagamama High Spec,"Comedy, School",TV,12,19984
29013,1357,5,Shin Hokuto no Ken,"Action, Martial Arts, Sci-Fi, Shounen",OVA,3,6426
1937,23321,6,Log Horizon 2nd Season,"Action, Adventure, Fantasy, Game, Magic, Shounen",TV,25,215817
65479,23847,-1,Yahari Ore no Seishun Love Comedy wa Machigatteiru. Zoku,"Comedy, Drama, Romance, School",TV,13,222994
27830,10418,-1,Deadman Wonderland OVA,"Action, Horror, Sci-Fi",OVA,1,78878
5690,199,9,Sen to Chihiro no Kamikakushi,"Adventure, Drama, Supernatural",Movie,1,466254
22014,3652,-1,Higurashi no Naku Koro ni Rei,"Comedy, Mystery, Psychological, Supernatural, Thriller",OVA,5,99463
59226,1119,-1,Pokemon: Celebi Toki wo Koeta Deai,"Adventure, Comedy, Drama, Fantasy, Kids",Movie,1,58359
40595,4224,8,Toradora!,"Comedy, Romance, School, Slice of Life",TV,25,633817
53492,5051,-1,Macross XX,"Action, Mecha",Special,1,1609
37929,20359,8,Yamada-kun to 7-nin no Majo,"Comedy, School, Shounen, Supernatural",ONA,1,23937
38579,22877,-1,Seirei Tsukai no Blade Dance,"Action, Comedy, Ecchi, Fantasy, Harem, Romance, School, Supernatural",TV,12,124448
56619,30363,8,Shinmai Maou no Testament Burst,"Action, Demons, Ecchi, Fantasy, Harem, Romance",TV,10,93293
67199,1384,-1,Kyuuketsuhime Miyu,"Action, Demons, Drama, Horror, Vampire",OVA,4,11019
50936,33080,7,Brotherhood: Final Fantasy XV,Action,ONA,5,29445
45103,1943,5,Paprika,"Fantasy, Horror, Mystery, Psychological, Sci-Fi, Thriller",Movie,1,163308
30456,2418,9,Stranger: Mukou Hadan,"Action, Adventure, Historical, Samurai",Movie,1,125503
6154,164,10,Mononoke Hime,"Action, Adventure, Fantasy",Movie,1,339556
46320,7647,8,Arakawa Under the Bridge,"Comedy, Romance, Seinen",TV,13,162622
52801,9253,9,Steins;Gate,"Sci-Fi, Thriller",TV,24,673572
53474,9938,6,Ikoku Meiro no Croisée The Animation,"Historical, Seinen, Slice of Life",TV,12,38652
4003,19191,8,Ghost in the Shell: Arise - Border:2 Ghost Whispers,"Mecha, Police, Psychological, Sci-Fi",Movie,1,24880
30980,11701,8,Another: The Other - Inga,"Horror, Mystery, Thriller",OVA,1,86261
44634,8129,8,Kuragehime,"Comedy, Josei, Slice of Life",TV,11,108053
41896,8795,9,Panty &amp; Stocking with Garterbelt,"Action, Comedy, Ecchi, Parody, Supernatural",TV,13,157642
15054,19365,8,Samurai Flamenco,"Action, Comedy, Parody",TV,22,74324
52020,5,9,Cowboy Bebop: Tengoku no Tobira,"Action, Drama, Mystery, Sci-Fi, Space",Movie,1,137636
21100,15809,7,Hataraku Maou-sama!,"Comedy, Demons, Fantasy, Romance, Shounen",TV,13,409037
68237,4205,7,Kimikiss Pure Rouge Special,"Romance, School",Special,1,9144
19160,54,8,Appleseed (Movie),"Action, Drama, Mecha, Military, Police, Sci-Fi, Shounen",Movie,1,49553
15272,20507,9,Noragami,"Action, Adventure, Shounen, Supernatural",TV,12,515378
53636,13663,9,To LOVE-Ru Darkness,"Comedy, Ecchi, Harem, Romance, School, Sci-Fi, Shounen",TV,12,135929
2317,14653,8,Hayate no Gotoku! Can&#039;t Take My Eyes Off You,"Comedy, Harem, Parody, Shounen",TV,12,31435
29637,2759,9,Evangelion: 1.0 You Are (Not) Alone,"Action, Mecha, Sci-Fi",Movie,1,194561
47871,16009,7,Kamisama no Inai Nichiyoubi,"Fantasy, Mystery",TV,12,122031
32980,16067,7,Nagi no Asukara,"Drama, Fantasy, Romance",TV,26,224947
21024,23283,9,Zankyou no Terror,"Psychological, Thriller",TV,11,342893
41248,154,10,Shaman King,"Action, Adventure, Comedy, Drama, Shounen, Supernatural",TV,64,169517
34473,1225,8,3x3 Eyes Seima Densetsu,"Action, Adventure, Demons, Fantasy, Horror, Romance",OVA,3,8892
4019,18397,9,Shingeki no Kyojin OVA,"Action, Drama, Fantasy, Shounen, Super Power",OVA,3,121063
48421,1568,10,Sumomomo Momomo: Chijou Saikyou no Yome,"Comedy, Martial Arts, Romance",TV,22,31385
14558,2268,-1,Tatakae! Chou Robot Seimeitai Transformers,"Adventure, Mecha, Sci-Fi, Shounen",TV,98,5652
1916,7791,8,K-On!!,"Comedy, Music, School, Slice of Life",TV,26,246276
19126,154,6,Shaman King,"Action, Adventure, Comedy, Drama, Shounen, Supernatural",TV,64,169517
61339,1836,6,Shuffle! Memories,"Comedy, Drama, Ecchi, Fantasy, Harem, Magic, Romance, School, Seinen",TV,12,34109
55479,120,8,Fruits Basket,"Comedy, Drama, Fantasy, Romance, Shoujo, Slice of Life",TV,26,242553
68249,6594,9,Katanagatari,"Action, Adventure, Historical, Martial Arts, Romance",TV,12,207241
22597,50,-1,Aa! Megami-sama! (TV),"Comedy, Magic, Romance, Seinen, Supernatural",TV,24,96694
58294,177,-1,Tsubasa Chronicle,"Action, Adventure, Fantasy, Magic, Romance, Shounen, Supernatural",TV,26,134705
2192,30458,8,Tokyo Ghoul: &quot;Jack&quot;,"Action, Drama, Horror, School, Seinen, Supernatural",OVA,1,70635
21969,8507,4,Ikkitousen: Xtreme Xecutor Specials,"Comedy, Ecchi",Special,6,8568
67348,25045,7,Barakamon: Mijikamon,Comedy,ONA,13,18119
7158,4081,10,Natsume Yuujinchou,"Drama, Fantasy, Shoujo, Slice of Life, Supernatural",TV,13,210736
69956,392,9,Yuu☆Yuu☆Hakusho,"Action, Comedy, Demons, Fantasy, Martial Arts, School, Shounen",TV,112,195017
32408,150,7,Blood+,"Action, Drama, Horror, Military, Mystery, Supernatural, Vampire",TV,50,208321
44722,877,-1,Nana,"Comedy, Drama, Music, Romance, Shoujo, Slice of Life",TV,47,197256
5577,5630,9,Higashi no Eden,"Action, Comedy, Drama, Mystery, Romance, Sci-Fi, Thriller",TV,11,276593
5902,512,8,Majo no Takkyuubin,"Adventure, Comedy, Drama, Fantasy, Magic, Romance",Movie,1,152331
57447,6746,7,Durarara!!,"Action, Mystery, Supernatural",TV,24,556431
31011,164,9,Mononoke Hime,"Action, Adventure, Fantasy",Movie,1,339556
15543,9379,6,Denpa Onna to Seishun Otoko,"Comedy, Sci-Fi, Seinen, Slice of Life",TV,12,149497
73162,7769,8,Ookami-san to Shichinin no Nakama-tachi,"Comedy, Parody, Romance",TV,12,145982
53711,1121,-1,Pokemon Advanced Generation: Nanayo no Negaiboshi Jirachi,"Adventure, Comedy, Drama, Fantasy, Kids",Movie,1,43444
8352,4224,9,Toradora!,"Comedy, Romance, School, Slice of Life",TV,25,633817
9869,23333,6,DRAMAtical Murder,"Action, Psychological, Sci-Fi, Super Power",TV,12,80121
50215,2520,7,Dragon Ball Specials,"Comedy, Fantasy, Shounen, Super Power",Special,2,14575
2527,6,8,Trigun,"Action, Comedy, Sci-Fi",TV,26,283069
71122,3457,7,Vampire Knight,"Drama, Mystery, Romance, Shoujo, Supernatural, Vampire",TV,13,286826
63372,15583,10,Date A Live,"Comedy, Harem, Mecha, Romance, School, Sci-Fi",TV,12,301358
41836,11617,8,High School DxD,"Comedy, Demons, Ecchi, Harem, Romance, School",TV,12,398660
67452,3420,5,Shigofumi,"Drama, Fantasy, Psychological, Supernatural, Thriller",TV,12,54000
70864,9863,6,SKET Dance,"Comedy, School, Shounen",TV,77,101027
70699,31478,8,Bungou Stray Dogs,"Action, Comedy, Mystery, Seinen, Supernatural",TV,12,187805
16041,13659,8,Ore no Imouto ga Konnani Kawaii Wake ga Nai.,"Comedy, Seinen, Slice of Life",TV,13,194791
18747,1535,8,Death Note,"Mystery, Police, Psychological, Supernatural, Thriller",TV,37,1013917
22651,694,10,Canvas 2: Niji-iro no Sketch,"Comedy, Drama, Romance, Slice of Life",TV,24,19491
66120,9675,6,Kami nomi zo Shiru Sekai: Flag 0,"Comedy, Shounen, Supernatural",OVA,1,35753
26640,5593,-1,Dogs: Bullets &amp; Carnage,"Action, Seinen",OVA,4,44826
2121,6702,-1,Fairy Tail,"Action, Adventure, Comedy, Fantasy, Magic, Shounen",TV,175,584590
27786,79,-1,Shuffle!,"Comedy, Drama, Ecchi, Fantasy, Harem, Magic, Romance, School, Seinen",TV,24,158772
15991,4835,-1,Bleach Movie 3: Fade to Black - Kimi no Na wo Yobu,"Action, Comedy, Shounen, Super Power, Supernatural",Movie,1,122373
6774,16782,-1,Kotonoha no Niwa,"Drama, Psychological, Romance, Slice of Life",Movie,1,189741
24636,8074,8,Highschool of the Dead,"Action, Ecchi, Horror, Supernatural",TV,12,535892
41586,31043,-1,Boku dake ga Inai Machi,"Mystery, Psychological, Seinen, Supernatural",TV,12,402381
67946,8934,5,Star Driver: Kagayaki no Takuto,"Action, Mecha, Romance, Shounen",TV,25,66084
57947,1051,-1,Ao no 6-gou,"Action, Adventure, Mecha, Military, Sci-Fi",OVA,4,29487
53876,249,-1,InuYasha,"Action, Adventure, Comedy, Demons, Fantasy, Magic, Romance, Shounen, Supernatural",TV,167,281632
63244,22199,7,Akame ga Kill!,"Action, Adventure, Fantasy",TV,24,492133
71016,7817,5,B Gata H Kei,"Comedy, Ecchi, Romance, School, Seinen",TV,12,192719
65865,1074,9,Naruto Narutimate Hero 3: Tsuini Gekitotsu! Jounin vs. Genin!! Musabetsu Dairansen taikai Kaisai!!,"Adventure, Comedy, Game, Shounen",OVA,1,45188
66999,65,-1,Rozen Maiden: Träumend,"Action, Comedy, Drama, Magic, Seinen",TV,12,72645
24893,10191,6,Katte ni Kaizou,"Comedy, Parody, School, Sci-Fi, Shounen",OVA,6,19904
33480,8516,7,Baka to Test to Shoukanjuu Ni!,"Comedy, Romance, School, Super Power",TV,13,183722
12474,3470,-1,Special A,"Comedy, Romance, School, Shoujo",TV,24,173603
50262,4472,4,Lucky☆Star: Original na Visual to Animation,"Comedy, Parody, School, Slice of Life",OVA,1,84833
14584,8795,9,Panty &amp; Stocking with Garterbelt,"Action, Comedy, Ecchi, Parody, Supernatural",TV,13,157642
52248,5593,7,Dogs: Bullets &amp; Carnage,"Action, Seinen",OVA,4,44826
18804,1222,-1,Bokura ga Ita,"Drama, Romance, Shoujo, Slice of Life",TV,26,125051
36482,9136,-1,Kuroshitsuji II Specials,"Comedy, Fantasy, Parody, Shounen, Supernatural",Special,6,60899
18321,5258,9,Hajime no Ippo: New Challenger,"Comedy, Drama, Shounen, Sports",TV,26,88995
60753,1210,-1,NHK ni Youkoso!,"Comedy, Drama, Psychological, Romance",TV,24,291228
42021,121,10,Fullmetal Alchemist,"Action, Adventure, Comedy, Drama, Fantasy, Magic, Military, Shounen",TV,51,600384
46915,777,9,Hellsing Ultimate,"Action, Horror, Military, Seinen, Supernatural, Vampire",OVA,10,297454
22792,14813,-1,Yahari Ore no Seishun Love Comedy wa Machigatteiru.,"Comedy, Drama, Romance, School",TV,13,353876
70916,28677,8,Yamada-kun to 7-nin no Majo (TV),"Comedy, Harem, Mystery, Romance, School, Shounen, Supernatural",TV,12,193566
6822,6800,6,Transformers: Scramble City,"Action, Mecha, Sci-Fi, Shounen",OVA,1,792
38905,14345,7,Btooom!,"Action, Psychological, Sci-Fi, Seinen",TV,12,329561
22127,9136,-1,Kuroshitsuji II Specials,"Comedy, Fantasy, Parody, Shounen, Supernatural",Special,6,60899
17016,46,-1,Rurouni Kenshin: Meiji Kenkaku Romantan - Ishinshishi e no Chinkonka,"Drama, Historical, Samurai, Shounen",Movie,1,33191
20853,5152,7,Dragon Ball: Ossu! Kaettekita Son Gokuu to Nakama-tachi!!,"Action, Adventure, Comedy, Fantasy",Special,1,25251
41808,17265,8,Log Horizon,"Action, Adventure, Fantasy, Game, Magic, Shounen",TV,25,387100
53584,21843,7,Shingeki no Bahamut: Genesis,"Action, Adventure, Demons, Fantasy, Magic, Supernatural",TV,12,143701
23089,23273,9,Shigatsu wa Kimi no Uso,"Drama, Music, Romance, School, Shounen",TV,22,416397
33836,1142,10,Hachimitsu to Clover II,"Drama, Josei, Romance",TV,12,61493
55290,7597,7,"Boku, Otaryman.","Comedy, Seinen, Slice of Life",OVA,1,3294
49120,1965,9,Sola,"Drama, Romance, Slice of Life, Supernatural",TV,13,71172
26777,8408,7,Durarara!! Specials,"Action, Comedy, Supernatural",Special,2,103105
29282,13667,9,Naruto: Shippuuden Movie 6 - Road to Ninja,"Action, Adventure, Martial Arts, Shounen, Super Power",Movie,1,87369
60739,1249,9,"Zone of the Enders: Dolores, I","Action, Adventure, Comedy, Mecha, Military, Sci-Fi, Space",TV,26,6753
55822,22297,9,Fate/stay night: Unlimited Blade Works,"Action, Fantasy, Magic, Shounen, Supernatural",TV,12,267484
60526,420,10,Spriggan,"Adventure, Military, Sci-Fi, Shounen",Movie,1,13256
58634,284,6,Area 88 (TV),"Action, Drama, Military, Romance, Shounen",TV,12,7563
46443,8425,10,Gosick,"Drama, Historical, Mystery, Romance",TV,24,232113
68203,8408,9,Durarara!! Specials,"Action, Comedy, Supernatural",Special,2,103105
5669,13349,6,Chouyaku Hyakuninisshu: Uta Koi.,"Historical, Josei, Romance",TV,13,15661
15888,6372,9,Higashi no Eden Movie I: The King of Eden,"Comedy, Drama, Mystery, Romance, Slice of Life, Thriller",Movie,1,101734
16273,14349,9,Little Witch Academia,"Adventure, Comedy, Fantasy, Magic, School",Movie,1,111703
26605,11111,9,Another,"Horror, Mystery, School, Supernatural, Thriller",TV,12,534657
31867,12637,5,Mo Gyutto Love de Sekkinchuu!,Music,Music,1,6713
7252,1689,9,Byousoku 5 Centimeter,"Drama, Romance, Slice of Life",Movie,3,324035
56838,9135,5,Fullmetal Alchemist: The Sacred Star of Milos,"Action, Adventure, Comedy, Drama, Fantasy, Magic, Military, Shounen",Movie,1,87944
17807,22319,10,Tokyo Ghoul,"Action, Drama, Horror, Mystery, Psychological, Seinen, Supernatural",TV,12,618056
31337,11113,-1,Usagi Drop Specials,"Josei, Slice of Life",Special,4,36351
50002,1691,7,Kaze no Stigma,"Action, Fantasy, Magic, Romance, Shounen",TV,24,205338
31811,11577,10,Steins;Gate Movie: Fuka Ryouiki no Déjà vu,"Sci-Fi, Thriller",Movie,1,192424
52499,20159,6,Pokemon: The Origin,"Action, Adventure, Comedy, Fantasy, Kids",Special,4,85947
12658,1723,10,Clannad Movie,"Drama, Fantasy, Romance, School",Movie,1,99506
6510,1887,7,Lucky☆Star,"Comedy, Parody, School, Slice of Life",TV,24,305837
33929,8086,8,Densetsu no Yuusha no Densetsu,"Action, Adventure, Fantasy, Magic, Shounen",TV,24,130689
46434,6594,7,Katanagatari,"Action, Adventure, Historical, Martial Arts, Romance",TV,12,207241
30312,2144,7,Naruto Movie 3: Dai Koufun! Mikazuki Jima no Animaru Panikku Dattebayo!,"Action, Adventure",Movie,1,91526
28719,13331,10,Jormungand: Perfect Order,"Action, Adventure, Seinen",TV,12,81951
6088,4214,10,Rosario to Vampire Capu2,"Comedy, Ecchi, Fantasy, Harem, Romance, School, Vampire",TV,13,203958
70600,801,8,Ghost in the Shell: Stand Alone Complex 2nd GIG,"Action, Mecha, Military, Mystery, Police, Sci-Fi, Seinen",TV,26,113993
52232,12883,8,Tsuritama,"Comedy, Sci-Fi, Slice of Life, Sports",TV,12,90625
29008,2494,7,Goshuushou-sama Ninomiya-kun,"Comedy, Ecchi, Fantasy, Harem",TV,12,63370
16912,322,8,Paradise Kiss,"Comedy, Drama, Josei, Romance, Slice of Life",TV,12,86380
29192,4181,8,Clannad: After Story,"Drama, Fantasy, Romance, Slice of Life, Supernatural",TV,24,456749
38168,30296,-1,Rakudai Kishi no Cavalry,"Action, Ecchi, Fantasy, Romance, School",TV,12,188685
15715,11979,-1,Mahou Shoujo Madoka★Magica Movie 2: Eien no Monogatari,"Drama, Magic, Psychological, Thriller",Movie,1,85361
73193,15359,-1,Kyousou Giga (2012),"Action, Fantasy, Supernatural",ONA,5,17584
56627,10087,10,Fate/Zero,"Action, Fantasy, Supernatural",TV,13,453630
41315,897,-1,Dragon Ball Z Movie 04: Super Saiyajin da Son Gokuu,"Adventure, Fantasy, Sci-Fi, Shounen",Movie,1,51924
47831,4898,8,Kuroshitsuji,"Action, Comedy, Demons, Fantasy, Historical, Shounen, Supernatural",TV,24,424919
4393,12461,8,Hiiro no Kakera,"Fantasy, Romance, Shoujo, Supernatural",TV,13,55031
15712,4744,5,Akaneiro ni Somaru Saka,"Comedy, Harem, Romance, School",TV,12,91453
24849,15451,9,High School DxD New,"Action, Comedy, Demons, Ecchi, Harem, Romance, School",TV,12,266657
42369,8074,7,Highschool of the Dead,"Action, Ecchi, Horror, Supernatural",TV,12,535892
20430,11759,7,Accel World,"Action, Game, Romance, School, Sci-Fi",TV,24,324284
66250,17265,9,Log Horizon,"Action, Adventure, Fantasy, Game, Magic, Shounen",TV,25,387100
51437,2685,9,Tsubasa: Tokyo Revelations,"Action, Adventure, Drama, Fantasy, Romance, Shounen",OVA,3,57963
28785,13601,8,Psycho-Pass,"Action, Police, Psychological, Sci-Fi",TV,22,509109
4676,8023,6,Toaru Kagaku no Railgun: Motto Marutto Railgun,Comedy,Special,2,26302
10307,31,7,Neon Genesis Evangelion: Death &amp; Rebirth,"Drama, Mecha, Psychological, Sci-Fi",Movie,1,102093
39954,1226,7,Seihou Tenshi Angel Links,"Action, Adventure, Comedy, Drama, Romance, Sci-Fi, Space",TV,13,4817
30597,10391,6,Kuragehime: Soreike! Amars Tankentai,"Adventure, Comedy, Josei",Special,6,6115
60604,433,8,"Kumo no Mukou, Yakusoku no Basho","Drama, Military, Romance, Sci-Fi",Movie,1,103975
24140,442,-1,Naruto Movie 1: Dai Katsugeki!! Yuki Hime Shinobu Houjou Dattebayo!,"Adventure, Comedy, Drama, Historical, Shounen, Supernatural",Movie,1,120571
62849,121,7,Fullmetal Alchemist,"Action, Adventure, Comedy, Drama, Fantasy, Magic, Military, Shounen",TV,51,600384
49101,23285,9,Poulette no Isu,"Comedy, Kids, Slice of Life",ONA,1,3675
24619,2001,8,Tengen Toppa Gurren Lagann,"Action, Adventure, Comedy, Mecha, Sci-Fi",TV,27,562962
33661,1509,6,Mamotte! Lollipop,"Adventure, Comedy, Magic, Romance, Shoujo",TV,13,11747
21603,12189,6,Hyouka,"Mystery, School, Slice of Life",TV,22,372246
3781,24705,8,"Ore, Twintail ni Narimasu.","Action, Comedy, Fantasy, Romance, School, Shounen",TV,12,66868
66327,1571,8,Ghost Hunt,"Comedy, Horror, Mystery, Shoujo, Supernatural",TV,25,126426
60285,1088,7,Macross,"Action, Mecha, Military, Music, Romance, Sci-Fi, Space",TV,36,44157
8446,3473,-1,Souseiki,Parody,Movie,1,959
54007,1239,-1,Bishoujo Senshi Sailor Moon SuperS,"Drama, Magic, Romance, Shoujo",TV,39,55056
71537,6594,9,Katanagatari,"Action, Adventure, Historical, Martial Arts, Romance",TV,12,207241
57563,9734,-1,K-On!!: Keikaku!,"Comedy, Music, School, Slice of Life",Special,1,50496
23924,9041,6,IS: Infinite Stratos,"Action, Comedy, Harem, Mecha, Sci-Fi",TV,12,254543
19687,1840,-1,Zero no Tsukaima: Futatsuki no Kishi,"Action, Adventure, Comedy, Ecchi, Fantasy, Harem, Magic, Romance, School",TV,12,235684
2881,237,9,Eureka Seven,"Adventure, Drama, Mecha, Romance, Sci-Fi",TV,50,239570
57779,79,9,Shuffle!,"Comedy, Drama, Ecchi, Fantasy, Harem, Magic, Romance, School, Seinen",TV,24,158772
20067,2994,-1,Death Note Rewrite,"Mystery, Police, Psychological, Supernatural, Thriller",Special,2,88699
10551,1689,7,Byousoku 5 Centimeter,"Drama, Romance, Slice of Life",Movie,3,324035
29567,3972,8,Yu☆Gi☆Oh! 5D&#039;s,"Action, Game, Shounen",TV,154,47119
47282,2001,10,Tengen Toppa Gurren Lagann,"Action, Adventure, Comedy, Mecha, Sci-Fi",TV,27,562962
19375,24439,8,Kekkai Sensen,"Action, Fantasy, Shounen, Super Power, Supernatural, Vampire",TV,12,220573
31843,19815,5,No Game No Life,"Adventure, Comedy, Ecchi, Fantasy, Game, Supernatural",TV,12,602291
19476,3588,8,Soul Eater,"Action, Adventure, Comedy, Fantasy, Shounen, Supernatural",TV,51,580184
26218,164,10,Mononoke Hime,"Action, Adventure, Fantasy",Movie,1,339556
17343,9581,8,MM! Specials,"Comedy, Ecchi, School",Special,9,21462
31852,15225,7,Hentai Ouji to Warawanai Neko.,"Comedy, Harem, Romance, School, Seinen, Supernatural",TV,12,201735
977,20057,9,Space☆Dandy,"Comedy, Sci-Fi, Space",TV,13,123529
18973,15335,10,Gintama Movie: Kanketsu-hen - Yorozuya yo Eien Nare,"Action, Comedy, Historical, Parody, Samurai, Sci-Fi, Shounen",Movie,1,72534
9798,30123,10,Akagami no Shirayuki-hime,"Drama, Fantasy, Romance, Shoujo",TV,12,157551
52805,412,7,Kore ga Watashi no Goshujinsama,"Comedy, Ecchi, Slice of Life",TV,12,57646
15455,497,8,Yami to Boushi to Hon no Tabibito,"Adventure, Ecchi, Fantasy, Magic, Mystery, Shoujo Ai",TV,13,19237
62082,20021,7,Sword Art Online: Extra Edition,"Action, Adventure, Fantasy, Game, Romance",Special,1,121722
22477,14345,10,Btooom!,"Action, Psychological, Sci-Fi, Seinen",TV,12,329561
54553,4177,9,Bounen no Xamdou,"Action, Military, Sci-Fi",ONA,26,79026
47372,20853,7,Hitsugi no Chaika,"Action, Adventure, Comedy, Fantasy, Romance, Shounen",TV,12,164510
67938,834,8,Bleach: The Sealed Sword Frenzy,"Adventure, Comedy, Drama, Fantasy, Shounen, Supernatural",Special,1,73241
5770,28171,7,Shokugeki no Souma,"Ecchi, School, Shounen",TV,24,348951
38071,3457,-1,Vampire Knight,"Drama, Mystery, Romance, Shoujo, Supernatural, Vampire",TV,13,286826
33101,16035,8,Karneval (TV),"Action, Fantasy, Mystery, Sci-Fi, Shoujo",TV,13,108174
29616,906,8,Dragon Ball Z Movie 13: Ryuuken Bakuhatsu!! Goku ga Yaraneba Dare ga Yaru,"Adventure, Comedy, Fantasy, Sci-Fi, Shounen",Movie,1,50607
16388,1575,8,Code Geass: Hangyaku no Lelouch,"Action, Mecha, Military, School, Sci-Fi, Super Power",TV,25,715151
70998,31964,9,Boku no Hero Academia,"Action, Comedy, School, Shounen, Super Power",TV,13,282002
2433,14741,-1,Chuunibyou demo Koi ga Shitai!,"Comedy, Drama, Romance, School, Slice of Life",TV,12,394399
25968,17729,8,Grisaia no Kajitsu,"Drama, Harem, Psychological, Romance, School",TV,13,178166
49234,554,-1,Koutetsu Tenshi Kurumi,"Adventure, Comedy, Drama, Historical, Mecha, Military, Romance, Shounen",TV,24,15653
24977,2571,7,Mitsubachi Maya no Bouken,"Adventure, Comedy, Kids",TV,52,4426
46301,146,7,Kono Minikuku mo Utsukushii Sekai,"Comedy, Drama, Magic, Romance, Sci-Fi",TV,12,41756
41239,10216,-1,"Yondemasu yo, Azazel-san. (TV)","Comedy, Demons, Supernatural",TV,13,42147
54177,7768,3,Tantei Opera Milky Holmes,"Comedy, Mystery, Super Power",TV,12,28812
2152,11319,9,Zero no Tsukaima F,"Adventure, Ecchi, Fantasy, Magic, Romance",TV,12,174026
71118,33075,9,Musaigen no Phantom World Special,"Action, Comedy, Fantasy, Supernatural",Special,1,14168
58116,443,9,Onegai☆Teacher: Himitsu na Futari,"Comedy, Ecchi, Romance, Sci-Fi",OVA,1,32134
372,18277,-1,Strike the Blood,"Action, Ecchi, Fantasy, Harem, School, Shounen, Supernatural, Vampire",TV,24,231387
13497,10465,6,Manyuu Hikenchou,"Action, Comedy, Ecchi, Samurai, Seinen",TV,12,32171
56966,6707,6,Kuroshitsuji II,"Action, Comedy, Demons, Fantasy, Shounen, Supernatural",TV,12,234955
15834,10793,9,Guilty Crown,"Action, Drama, Sci-Fi, Super Power",TV,22,460959
4658,28701,9,Fate/stay night: Unlimited Blade Works 2nd Season,"Action, Fantasy, Magic, Shounen, Supernatural",TV,13,205987
31362,7338,8,Darker than Black: Kuro no Keiyakusha Gaiden,"Action, Mystery, Sci-Fi, Super Power",Special,4,136135
39040,11266,10,Ao no Exorcist: Kuro no Iede,"Action, Demons, Fantasy, Shounen, Supernatural",Special,1,59755
33502,1117,10,Pokemon: Maboroshi no Pokemon Lugia Bakutan,"Adventure, Comedy, Drama, Fantasy, Kids",Movie,1,78876
51184,901,10,"Dragon Ball Z Movie 08: Moetsukiro!! Nessen, Ressen, Chougekisen","Adventure, Comedy, Fantasy, Sci-Fi, Shounen",Movie,1,65953
66357,5680,6,K-On!,"Comedy, Music, School, Slice of Life",TV,13,386048
1163,15117,8,Kami nomi zo Shiru Sekai: Tenri-hen,"Comedy, Harem, Romance, Shounen, Supernatural",OVA,2,68623
72682,443,-1,Onegai☆Teacher: Himitsu na Futari,"Comedy, Ecchi, Romance, Sci-Fi",OVA,1,32134
54606,790,9,Ergo Proxy,"Mystery, Psychological, Sci-Fi",TV,23,265005
15833,11111,8,Another,"Horror, Mystery, School, Supernatural, Thriller",TV,12,534657
30052,5150,10,Hatsukoi Limited,"Comedy, Romance, School, Shounen",TV,12,54796
40478,11837,8,Zetman,"Action, Drama, Horror, Romance, Sci-Fi, Seinen, Supernatural",TV,13,65633
24896,13403,8,Inu x Boku SS Special,"Comedy, Shounen, Supernatural",Special,1,46803
61964,17074,-1,Monogatari Series: Second Season,"Comedy, Mystery, Romance, Supernatural, Vampire",TV,26,205959
26308,3342,5,Mnemosyne: Mnemosyne no Musume-tachi,"Action, Horror, Sci-Fi, Shoujo Ai, Supernatural",TV,6,96092
31387,59,8,Chobits,"Comedy, Drama, Ecchi, Romance, Sci-Fi, Seinen",TV,26,266846
45991,3712,8,Zero no Tsukaima: Princesses no Rondo,"Action, Adventure, Comedy, Ecchi, Fantasy, Harem, Magic, Romance, School",TV,12,210891
52022,225,8,Dragon Ball GT,"Action, Adventure, Comedy, Fantasy, Magic, Sci-Fi, Shounen, Super Power",TV,64,226625
66733,11499,9,Sankarea,"Comedy, Ecchi, Horror, Romance, Shounen, Supernatural",TV,12,222657
41807,149,7,Loveless,"Action, Drama, Fantasy, Mystery, Romance, Shoujo, Shounen Ai, Supernatural",TV,12,85554
36288,18,10,Initial D Fourth Stage,"Action, Cars, Drama, Seinen, Sports",TV,24,41584
59920,1210,-1,NHK ni Youkoso!,"Comedy, Drama, Psychological, Romance",TV,24,291228
69360,21603,9,Mekakucity Actors,"Comedy, Romance, Sci-Fi, Super Power, Supernatural",TV,12,198876
68680,10357,9,Jinrui wa Suitai Shimashita,"Comedy, Fantasy, Seinen",TV,12,89373
32080,30307,7,Monster Musume no Iru Nichijou,"Comedy, Ecchi, Fantasy, Harem, Romance, Seinen",TV,12,181845
12987,5060,9,Hetalia Axis Powers,"Comedy, Historical, Parody",ONA,52,144898
12915,21507,6,Soul Eater NOT!,"Action, Comedy, Ecchi, Shounen, Supernatural",TV,12,92269
30581,16199,8,Girls und Panzer: Shoukai Shimasu!,"Military, School",Special,2,11042
5513,4181,9,Clannad: After Story,"Drama, Fantasy, Romance, Slice of Life, Supernatural",TV,24,456749
18182,7791,-1,K-On!!,"Comedy, Music, School, Slice of Life",TV,26,246276
51165,9756,9,Mahou Shoujo Madoka★Magica,"Drama, Magic, Psychological, Thriller",TV,12,462974
41785,16762,7,Mirai Nikki Redial,"Action, Psychological, Shounen, Supernatural",OVA,1,135604
28425,6007,10,Ookami to Koushinryou II: Ookami to Kohakuiro no Yuuutsu,"Fantasy, Historical, Romance",OVA,1,81137
35408,11319,-1,Zero no Tsukaima F,"Adventure, Ecchi, Fantasy, Magic, Romance",TV,12,174026
42419,2144,10,Naruto Movie 3: Dai Koufun! Mikazuki Jima no Animaru Panikku Dattebayo!,"Action, Adventure",Movie,1,91526
65704,1589,9,Bartender,"Drama, Seinen, Slice of Life",TV,11,44394
37197,19021,8,Takanashi Rikka Kai: Chuunibyou demo Koi ga Shitai! Movie,"Comedy, Drama, Romance, School, Slice of Life",Movie,1,34272
72834,30123,-1,Akagami no Shirayuki-hime,"Drama, Fantasy, Romance, Shoujo",TV,12,157551
4051,14345,8,Btooom!,"Action, Psychological, Sci-Fi, Seinen",TV,12,329561
1524,10080,-1,Kami nomi zo Shiru Sekai II,"Comedy, Harem, Romance, Shounen, Supernatural",TV,12,194300
48423,3231,7,Gunslinger Girl: Il Teatrino,"Action, Drama, Military, Sci-Fi",TV,13,38498
3378,10087,10,Fate/Zero,"Action, Fantasy, Supernatural",TV,13,453630
72936,32189,10,Danganronpa 3: The End of Kibougamine Gakuen - Mirai-hen,"Action, Horror, Mystery, Psychological",TV,12,83343
42835,853,8,Ouran Koukou Host Club,"Comedy, Harem, Romance, School, Shoujo",TV,26,422271
518,10620,10,Mirai Nikki (TV),"Action, Mystery, Psychological, Shounen, Supernatural, Thriller",TV,26,657190
51595,2002,6,Heroic Age,"Action, Mecha, Military, Sci-Fi, Space",TV,26,62530
57447,64,8,Rozen Maiden,"Action, Comedy, Drama, Magic, Seinen",TV,12,128688
9376,10294,8,Towa no Quon 1: Utakata no Kaben,"Action, Super Power, Supernatural",Movie,1,33550
67296,617,10,Juubee Ninpuuchou,"Adventure, Fantasy, Historical, Horror, Romance, Shounen, Supernatural",Movie,1,55697
58663,3503,-1,Kanokon,"Comedy, Ecchi, Harem, Romance, School, Shounen, Slice of Life, Supernatural",TV,12,122288
11601,6505,7,There She Is!!,"Comedy, Romance",ONA,5,13935
54036,6896,-1,Pandora Hearts Specials,Comedy,Special,9,32103
10760,1587,8,Tenpou Ibun: Ayakashi Ayashi,"Demons, Historical, Supernatural",TV,25,10364
71284,15963,9,Seitokai no Ichizon Lv.2: Watasu Seitokai,"Comedy, Harem, Parody, School",OVA,1,11554
25128,1914,-1,Saiunkoku Monogatari 2nd Season,"Adventure, Comedy, Drama, Fantasy, Historical, Romance",TV,39,23160
2200,24475,-1,Mangaka-san to Assistant-san to The Animation Specials,"Comedy, Ecchi, Harem, Seinen, Slice of Life",Special,6,21564
43079,13125,8,Shinsekai yori,"Drama, Horror, Mystery, Sci-Fi, Supernatural",TV,25,288376
25775,4181,9,Clannad: After Story,"Drama, Fantasy, Romance, Slice of Life, Supernatural",TV,24,456749
28167,10863,-1,Steins;Gate: Oukoubakko no Poriomania,"Sci-Fi, Thriller",Special,1,159548
6773,11807,-1,School,Hentai,OVA,2,2579
61254,8525,7,Kami nomi zo Shiru Sekai,"Comedy, Harem, Romance, Shounen, Supernatural",TV,12,284846
73162,866,-1,Slayers Premium,"Adventure, Comedy, Fantasy, Magic, Shounen",Movie,1,13008
11611,29854,9,Ushio to Tora (TV),"Action, Adventure, Comedy, Demons, Shounen, Supernatural",TV,26,90931
58285,52,7,Kidou Tenshi Angelic Layer,"Comedy, Drama, Sci-Fi, Shounen, Sports",TV,26,39758
70201,992,7,Dual Parallel! Trouble Adventures,"Action, Comedy, Harem, Mecha, Sci-Fi, Shounen",TV,13,10636
59517,22789,8,Barakamon,"Comedy, Slice of Life",TV,12,225927
7177,1367,7,Detective Conan Movie 08: Magician of the Silver Sky,"Adventure, Comedy, Mystery, Police, Shounen",Movie,1,23130
5847,4725,8,Ga-Rei: Zero,"Action, Super Power, Supernatural, Thriller",TV,12,145102
47765,10033,6,Toriko,"Action, Adventure, Comedy, Fantasy, Shounen",TV,147,54790
11914,28497,7,Rokka no Yuusha,"Action, Adventure, Fantasy, Magic, Mystery",TV,12,218747
23750,20787,6,Black Bullet,"Action, Mystery, Sci-Fi, Seinen",TV,13,320267
39243,8476,9,Otome Youkai Zakuro,"Demons, Historical, Military, Romance, Seinen, Supernatural",TV,13,61957
36035,5774,-1,Seitokaichou ni Chuukoku,"Comedy, Drama, Romance, School, Yaoi",OVA,2,23730
26941,6547,9,Angel Beats!,"Action, Comedy, Drama, School, Supernatural",TV,13,717796
57488,3901,8,Baccano! Specials,"Action, Comedy, Historical, Mystery, Seinen, Supernatural",Special,3,100412
9779,16782,8,Kotonoha no Niwa,"Drama, Psychological, Romance, Slice of Life",Movie,1,189741
35400,6512,6,Nyan Koi!,"Comedy, Harem, Romance",TV,12,142264
9135,587,5,Hanbun no Tsuki ga Noboru Sora,"Comedy, Drama, Romance",TV,6,65125
8134,9041,7,IS: Infinite Stratos,"Action, Comedy, Harem, Mecha, Sci-Fi",TV,12,254543
54589,6573,9,Darker than Black: Ryuusei no Gemini,"Action, Mystery, Sci-Fi, Super Power",TV,12,222243
56845,4107,-1,Tengen Toppa Gurren Lagann Movie: Gurren-hen,"Action, Comedy, Mecha",Movie,1,72933
19012,935,9,Witchblade,"Action, Sci-Fi, Super Power",TV,24,64697
48603,30654,8,Ansatsu Kyoushitsu (TV) 2nd Season,"Action, Comedy, School, Shounen",TV,25,176475
71359,31637,7,"Gate: Jieitai Kanochi nite, Kaku Tatakaeri 2nd Season","Action, Adventure, Fantasy, Military",TV,12,153501
7230,4472,8,Lucky☆Star: Original na Visual to Animation,"Comedy, Parody, School, Slice of Life",OVA,1,84833
47662,1218,-1,Tonagura!,"Comedy, Drama, Ecchi, Romance, School",TV,13,31856
5146,129,9,Gensoumaden Saiyuuki,"Adventure, Comedy, Drama, Shounen, Supernatural",TV,50,31179
23082,877,-1,Nana,"Comedy, Drama, Music, Romance, Shoujo, Slice of Life",TV,47,197256
22557,1946,-1,Ashita no Nadja,"Adventure, Drama, Historical, Romance, Shoujo",TV,50,13742
13502,8634,-1,Koisuru Boukun,"Comedy, Romance, Yaoi",OVA,2,31195
69750,1122,-1,Pokemon Advanced Generation: Rekkuu no Houmonsha Deoxys,"Action, Adventure, Comedy, Fantasy, Kids, Sci-Fi",Movie,1,45203
8221,1363,-1,Detective Conan Movie 04: Captured in Her Eyes,"Adventure, Comedy, Mystery, Police, Shounen",Movie,1,25461
28044,2852,5,Accelerando: Datenshi-tachi no Sasayaki,Hentai,OVA,4,7484
10500,43,7,Ghost in the Shell,"Action, Mecha, Police, Psychological, Sci-Fi, Seinen",Movie,1,223036
60743,31559,7,Prince of Stride: Alternative,Sports,TV,12,79630
11687,2608,7,Wangan Midnight,"Action, Cars, Seinen, Sports",TV,26,10058
54177,23755,5,Nanatsu no Taizai,"Action, Adventure, Ecchi, Fantasy, Shounen, Supernatural",TV,24,331627
17737,1535,-1,Death Note,"Mystery, Police, Psychological, Supernatural, Thriller",TV,37,1013917
55048,2047,9,Ningyo,Fantasy,Movie,1,2265
19522,28677,9,Yamada-kun to 7-nin no Majo (TV),"Comedy, Harem, Mystery, Romance, School, Shounen, Supernatural",TV,12,193566
27795,270,9,Hellsing,"Action, Horror, Seinen, Supernatural, Vampire",TV,13,308995
42746,29786,-1,Shimoneta to Iu Gainen ga Sonzai Shinai Taikutsu na Sekai,"Comedy, Ecchi, School",TV,12,193822
56990,849,8,Suzumiya Haruhi no Yuuutsu,"Comedy, Mystery, Parody, School, Sci-Fi, Slice of Life",TV,14,428569
49441,32,5,Neon Genesis Evangelion: The End of Evangelion,"Dementia, Drama, Mecha, Psychological, Sci-Fi",Movie,1,215630
65208,26243,8,Owari no Seraph,"Action, Drama, Shounen, Supernatural, Vampire",TV,12,315630
61428,2823,6,Barbapapa,"Comedy, Fantasy",TV,45,1385
16302,897,-1,Dragon Ball Z Movie 04: Super Saiyajin da Son Gokuu,"Adventure, Fantasy, Sci-Fi, Shounen",Movie,1,51924
39357,9989,-1,Ano Hi Mita Hana no Namae wo Bokutachi wa Mada Shiranai.,"Drama, Slice of Life, Supernatural",TV,11,463835
71951,18617,8,Girls und Panzer der Film,"Military, School",Movie,1,25641
26687,31297,9,Tokyo Ghoul: &quot;Pinto&quot;,"Action, Drama, Horror, Mystery, Psychological, Supernatural",OVA,1,52312
17502,11583,-1,Kami nomi zo Shiru Sekai: Natsu-iro Surprise,Music,Music,1,5772
15260,205,-1,Samurai Champloo,"Action, Adventure, Comedy, Historical, Samurai, Shounen",TV,26,390076
52519,18119,6,Servant x Service,"Comedy, Slice of Life",TV,13,81037
39685,4664,-1,Rurouni Kenshin: Special Techniques,"Action, Comedy, Samurai",Special,1,6677
12598,27787,7,Nisekoi:,"Comedy, Harem, Romance, School, Shounen",TV,12,180686
73298,5375,-1,Gakkyuu Ou Yamazaki,Comedy,TV,53,465
32236,15487,8,Kuroko no Basket NG-shuu,"Comedy, School, Shounen, Sports",Special,9,32215
14911,31442,7,Musaigen no Phantom World,"Action, Comedy, Fantasy, Slice of Life, Supernatural",TV,13,168482
49080,319,7,Happy World!,"Comedy, Ecchi, Fantasy, Romance",OVA,3,4348
29690,2756,8,Cheonnyeon-yeowoo Yeowoobi,"Drama, Fantasy, Sci-Fi",Movie,1,9045
65382,210,-1,Ranma ½,"Comedy, Fantasy, Martial Arts, Slice of Life",TV,161,105212
40134,1559,-1,Shijou Saikyou no Deshi Kenichi,"Action, Comedy, Martial Arts, School, Shounen",TV,50,129112
48278,13403,-1,Inu x Boku SS Special,"Comedy, Shounen, Supernatural",Special,1,46803
7919,2889,10,Bleach Movie 2: The DiamondDust Rebellion - Mou Hitotsu no Hyourinmaru,"Action, Adventure, Shounen, Supernatural",Movie,1,134739
70640,1243,-1,Night Head Genesis,"Drama, Horror, Mystery, Psychological, Supernatural",TV,24,20856
11855,225,8,Dragon Ball GT,"Action, Adventure, Comedy, Fantasy, Magic, Sci-Fi, Shounen, Super Power",TV,64,226625
71333,368,10,Bible Black,Hentai,OVA,6,31309
66504,29,8,Zipang,"Action, Drama, Historical, Military, Sci-Fi, Seinen",TV,26,8630
29892,7647,8,Arakawa Under the Bridge,"Comedy, Romance, Seinen",TV,13,162622
30755,182,10,Tenkuu no Escaflowne,"Adventure, Fantasy, Mecha, Romance, Shoujo",TV,26,83437
54283,1535,9,Death Note,"Mystery, Police, Psychological, Supernatural, Thriller",TV,37,1013917
38732,877,6,Nana,"Comedy, Drama, Music, Romance, Shoujo, Slice of Life",TV,47,197256
14752,20457,3,"Inari, Konkon, Koi Iroha.","Comedy, Romance, School, Seinen, Supernatural",TV,10,65402
3166,392,8,Yuu☆Yuu☆Hakusho,"Action, Comedy, Demons, Fantasy, Martial Arts, School, Shounen",TV,112,195017
24418,17074,10,Monogatari Series: Second Season,"Comedy, Mystery, Romance, Supernatural, Vampire",TV,26,205959
65625,16904,-1,K: Missing Kings,"Action, Super Power, Supernatural",Movie,1,98549
44497,570,8,Jin-Rou,"Drama, Military, Police, Psychological, Romance",Movie,1,62464
11338,1519,9,Black Lagoon: The Second Barrage,"Action, Seinen",TV,12,203233
42299,7791,-1,K-On!!,"Comedy, Music, School, Slice of Life",TV,26,246276
25847,19369,7,Outbreak Company,"Comedy, Fantasy, Harem, Parody",TV,12,131520
24312,387,8,Haibane Renmei,"Drama, Fantasy, Mystery, Psychological, Slice of Life",TV,13,120731
2197,15313,6,Wooser no Sono Higurashi,"Comedy, Fantasy, Slice of Life",TV,12,8081
67960,20031,7,D-Frag!,"Comedy, Game, School, Seinen",TV,12,154548
27644,1519,8,Black Lagoon: The Second Barrage,"Action, Seinen",TV,12,203233
48948,21881,9,Sword Art Online II,"Action, Adventure, Fantasy, Game, Romance",TV,24,537892
48894,22101,7,Soredemo Sekai wa Utsukushii,"Adventure, Fantasy, Romance, Shoujo",TV,12,99462
48528,20057,8,Space☆Dandy,"Comedy, Sci-Fi, Space",TV,13,123529
29156,4182,7,Darker than Black: Kuro no Keiyakusha Special,"Comedy, Parody, Sci-Fi",Special,1,87609
21329,29803,8,Overlord,"Action, Adventure, Fantasy, Game, Magic, Supernatural",TV,13,244268
22034,154,8,Shaman King,"Action, Adventure, Comedy, Drama, Shounen, Supernatural",TV,64,169517
40898,20,7,Naruto,"Action, Comedy, Martial Arts, Shounen, Super Power",TV,220,683297
23730,6201,7,Princess Lover!,"Comedy, Ecchi, Harem, School",TV,12,104098
45990,13125,8,Shinsekai yori,"Drama, Horror, Mystery, Sci-Fi, Supernatural",TV,25,288376
21747,6896,-1,Pandora Hearts Specials,Comedy,Special,9,32103
37864,9041,7,IS: Infinite Stratos,"Action, Comedy, Harem, Mecha, Sci-Fi",TV,12,254543
54017,1278,7,Bishoujo Senshi Sailor Moon SuperS Gaiden: Ami-chan no Hatsukoi,"Comedy, Magic, Romance, Shoujo",Special,1,15135
53788,5356,7,Canaan,"Action, Seinen",TV,13,123217
30613,31440,7,Teekyuu 6,"Comedy, Shounen, Sports",TV,12,6897
33370,18619,10,Girls und Panzer: Kore ga Hontou no Anzio-sen Desu!,"Military, School",OVA,1,16143
17377,30015,8,ReLIFE,"Romance, School, Slice of Life",TV,13,202249
18311,1140,6,Giniro no Kami no Agito,"Adventure, Drama, Fantasy, Romance, Sci-Fi",Movie,1,45084
52248,4382,4,Suzumiya Haruhi no Yuuutsu (2009),"Comedy, Mystery, Parody, Romance, School, Sci-Fi, Slice of Life",TV,14,243448
6118,28927,9,Owari no Seraph: Nagoya Kessen-hen,"Action, Drama, Shounen, Supernatural, Vampire",TV,12,190058
28990,1840,8,Zero no Tsukaima: Futatsuki no Kishi,"Action, Adventure, Comedy, Ecchi, Fantasy, Harem, Magic, Romance, School",TV,12,235684
35753,20971,-1,Kiniro no Corda: Blue♪Sky,"Harem, Music, School, Shoujo",TV,12,15742
69030,323,8,Mousou Dairinin,"Drama, Mystery, Police, Psychological, Supernatural, Thriller",TV,13,137687
18562,9515,5,Highschool of the Dead: Drifters of the Dead,"Comedy, Ecchi, Supernatural",OVA,1,140501
72326,3420,9,Shigofumi,"Drama, Fantasy, Psychological, Supernatural, Thriller",TV,12,54000
48773,9989,8,Ano Hi Mita Hana no Namae wo Bokutachi wa Mada Shiranai.,"Drama, Slice of Life, Supernatural",TV,11,463835
35402,31240,10,Re:Zero kara Hajimeru Isekai Seikatsu,"Drama, Fantasy, Psychological, Thriller",TV,25,355839
51085,863,7,Joshikousei: Girl&#039;s High,"Comedy, Drama, Ecchi, School, Slice of Life",TV,12,22982
18904,10620,9,Mirai Nikki (TV),"Action, Mystery, Psychological, Shounen, Supernatural, Thriller",TV,26,657190
59236,2155,6,Kono Aozora ni Yakusoku wo: Youkoso Tsugumi Ryou e,"Harem, Romance, School",TV,13,12622
16155,31404,-1,Netoge no Yome wa Onnanoko ja Nai to Omotta?,"Comedy, Ecchi, Game, Romance, School",TV,12,137102
69341,4447,7,Detective Conan Movie 12: Full Score of Fear,"Adventure, Comedy, Mystery, Police, Shounen",Movie,1,19290
41246,225,7,Dragon Ball GT,"Action, Adventure, Comedy, Fantasy, Magic, Sci-Fi, Shounen, Super Power",TV,64,226625
7561,4197,10,Blue Dragon: Tenkai no Shichi Ryuu,"Adventure, Comedy, Fantasy, Supernatural",TV,51,6667
66569,19285,9,Shingeki no Kyojin: Ano Hi Kara,"Action, Drama, Fantasy, Shounen, Super Power",Special,1,49593
42719,7148,7,Ladies versus Butlers!,"Comedy, Ecchi, Harem, Romance, School, Seinen",TV,12,94820
52390,8675,8,Seitokai Yakuindomo,"Comedy, School, Shounen, Slice of Life",TV,13,217617
20801,3627,-1,D.C.II S.S.: Da Capo II Second Season,"Comedy, Drama, Fantasy, Harem, Romance",TV,13,20581
69831,5041,7,Guin Saga,"Adventure, Fantasy",TV,26,26176
4792,519,7,Mahoraba: Heartful days,"Comedy, Drama, Romance, Shounen",TV,26,16764
41368,18753,8,Yahari Ore no Seishun Love Comedy wa Machigatteiru. OVA,"Comedy, Romance, School",OVA,1,80676
60861,1254,9,Saint Seiya,"Adventure, Fantasy, Sci-Fi, Shounen",TV,114,70559
35897,19429,7,Akuma no Riddle,"Action, School, Shoujo Ai",TV,12,127641
66482,969,7,Tsubasa Chronicle 2nd Season,"Action, Adventure, Drama, Fantasy, Mystery, Romance, Shounen, Supernatural",TV,26,79166
49086,5530,-1,Pandora Hearts,"Adventure, Fantasy, Mystery, Shounen, Supernatural",TV,25,229567
60371,9617,9,K-On! Movie,"Comedy, Music, Slice of Life",Movie,1,115252
33558,1530,9,Kanon (2006),"Drama, Romance, Slice of Life, Supernatural",TV,24,163171
18182,11737,-1,Ao no Exorcist Movie,"Action, Demons, Fantasy, Shounen, Supernatural",Movie,1,105183
1284,13161,8,Hagure Yuusha no Aesthetica,"Action, Ecchi, Fantasy, Super Power",TV,12,156044
36083,7054,8,Kaichou wa Maid-sama!,"Comedy, Romance, School, Shoujo",TV,26,391628
23904,6347,7,Baka to Test to Shoukanjuu,"Comedy, Romance, School, Super Power",TV,13,301282
24778,5680,7,K-On!,"Comedy, Music, School, Slice of Life",TV,13,386048
11319,61,6,D.N.Angel,"Action, Comedy, Fantasy, Magic, Romance, School, Shoujo",TV,26,126914
30186,9919,9,Ao no Exorcist,"Action, Demons, Fantasy, Shounen, Supernatural",TV,25,583823
41183,572,-1,Kaze no Tani no Nausicaä,"Adventure, Fantasy",Movie,1,143273
24369,1691,4,Kaze no Stigma,"Action, Fantasy, Magic, Romance, Shounen",TV,24,205338
65743,5682,7,Phantom: Requiem for the Phantom,"Action, Drama, Seinen, Thriller",TV,26,159105
26047,16782,-1,Kotonoha no Niwa,"Drama, Psychological, Romance, Slice of Life",Movie,1,189741
21644,16916,7,Kuroko no Basket: Tip Off,"Comedy, School, Shounen, Sports",Special,1,41760
72669,31376,8,Flying Witch,"Comedy, Magic, Shounen, Slice of Life, Supernatural",TV,12,95933
43580,1535,10,Death Note,"Mystery, Police, Psychological, Supernatural, Thriller",TV,37,1013917
19012,2795,7,Dragonaut: The Resonance,"Action, Drama, Fantasy, Mecha, Romance, Sci-Fi",TV,25,45265
11774,18677,6,Yuusha ni Narenakatta Ore wa Shibushibu Shuushoku wo Ketsui Shimashita.,"Comedy, Ecchi, Fantasy, Romance",TV,12,115338
51313,2112,9,Over Drive,"Shounen, Sports",TV,26,28007
9726,19569,-1,Junjou Shoujo Et Cetera,Hentai,OVA,2,2640
50871,789,10,Shinigami no Ballad.,"Drama, Fantasy, Psychological, Supernatural",TV,6,32297
11423,7858,5,Sora no Otoshimono: Project Pink,"Comedy, Ecchi, Harem, Sci-Fi, Shounen, Supernatural",OVA,1,61903
466,14345,8,Btooom!,"Action, Psychological, Sci-Fi, Seinen",TV,12,329561
26436,6890,-1,Ontama!,"Comedy, Magic, Seinen, Slice of Life",ONA,5,1653
42739,13659,3,Ore no Imouto ga Konnani Kawaii Wake ga Nai.,"Comedy, Seinen, Slice of Life",TV,13,194791
49471,8857,7,Nichijou: Nichijou no 0-wa,"Comedy, School, Slice of Life",OVA,1,37342
19560,13659,8,Ore no Imouto ga Konnani Kawaii Wake ga Nai.,"Comedy, Seinen, Slice of Life",TV,13,194791
29718,5667,-1,To LOVE-Ru OVA,"Comedy, Ecchi, Harem, School, Sci-Fi, Shounen",OVA,6,79923
23434,12565,8,Fate/Prototype,"Action, Fantasy, Magic, Romance, Shounen, Supernatural",OVA,1,43469
65400,891,6,Dragon Ball Movie 2: Majinjou no Nemuri Hime,"Action, Adventure, Comedy, Fantasy, Sci-Fi, Shounen, Super Power",Movie,1,27194
66834,1818,9,Claymore,"Action, Adventure, Demons, Fantasy, Shounen, Super Power, Supernatural",TV,26,316853
7283,168,-1,s.CRY.ed,"Action, Adventure, Drama, Sci-Fi, Super Power",TV,26,52784
12725,1210,8,NHK ni Youkoso!,"Comedy, Drama, Psychological, Romance",TV,24,291228
12150,6637,6,Higashi no Eden Movie II: Paradise Lost,"Action, Comedy, Drama, Mystery, Romance, Thriller",Movie,1,87062
66994,1132,10,Digimon Frontier,"Action, Adventure, Comedy, Drama, Fantasy, Shounen",TV,50,74929
15462,355,7,Shakugan no Shana,"Action, Drama, Fantasy, Romance, School, Supernatural",TV,24,297058
39973,431,9,Howl no Ugoku Shiro,"Adventure, Drama, Fantasy, Romance",Movie,1,333186
13286,6213,7,Toaru Kagaku no Railgun,"Action, Sci-Fi, Super Power",TV,24,231079
66519,13587,7,Persona 4 the Animation: No One is Alone,"Adventure, Mystery, School, Sci-Fi, Super Power, Supernatural",Special,1,26501
68537,190,-1,Love Hina Again,"Comedy, Drama, Ecchi, Romance, Shounen",OVA,3,61154
22886,27899,9,Tokyo Ghoul √A,"Action, Drama, Horror, Mystery, Psychological, Seinen, Supernatural",TV,12,408357
5428,10714,5,Towa no Quon 3: Mugen no Renza,"Action, Super Power, Supernatural",Movie,1,19053
8494,241,-1,Girls Bravo: First Season,"Comedy, Ecchi, Fantasy, Harem, Romance, School",TV,11,84395
39496,11757,8,Sword Art Online,"Action, Adventure, Fantasy, Game, Romance",TV,25,893100
39118,31637,10,"Gate: Jieitai Kanochi nite, Kaku Tatakaeri 2nd Season","Action, Adventure, Fantasy, Military",TV,12,153501
22747,24765,9,Gakkougurashi!,"Horror, Mystery, Psychological, School, Slice of Life",TV,12,140094
11804,101,-1,Air,"Drama, Romance, Slice of Life, Supernatural",TV,13,188861
45028,11013,4,Inu x Boku SS,"Comedy, Romance, Shounen, Supernatural",TV,12,216204
68036,1519,7,Black Lagoon: The Second Barrage,"Action, Seinen",TV,12,203233
57519,276,7,Mahoromatic: Automatic Maiden,"Comedy, Ecchi, Military, Romance, Sci-Fi",TV,12,36656
21579,19369,-1,Outbreak Company,"Comedy, Fantasy, Harem, Parody",TV,12,131520
39287,5150,6,Hatsukoi Limited,"Comedy, Romance, School, Shounen",TV,12,54796
6365,3457,7,Vampire Knight,"Drama, Mystery, Romance, Shoujo, Supernatural, Vampire",TV,13,286826
31847,67,9,Basilisk: Kouga Ninpou Chou,"Action, Adventure, Fantasy, Historical, Romance, Samurai, Supernatural",TV,24,98144
6910,482,8,Yu☆Gi☆Oh!: Duel Monsters GX,"Action, Comedy, Fantasy, Game, Shounen",TV,180,74331
55378,4548,-1,Yozakura Quartet,"Action, Comedy, Magic, Shounen, Super Power, Supernatural",TV,12,68023
49896,238,5,Rekka no Honoo,"Action, Adventure, Martial Arts, Shounen, Super Power",TV,42,35258
28563,21679,7,"Saikin, Imouto no Yousu ga Chotto Okashiinda ga. OVA","Comedy, Ecchi, Romance, Shounen, Supernatural",OVA,1,14564
38015,8795,-1,Panty &amp; Stocking with Garterbelt,"Action, Comedy, Ecchi, Parody, Supernatural",TV,13,157642
57478,28171,7,Shokugeki no Souma,"Ecchi, School, Shounen",TV,24,348951
50367,7791,6,K-On!!,"Comedy, Music, School, Slice of Life",TV,26,246276
55135,10716,7,Towa no Quon 5: Souzetsu no Raifuku,"Action, Super Power, Supernatural",Movie,1,18060
42375,249,-1,InuYasha,"Action, Adventure, Comedy, Demons, Fantasy, Magic, Romance, Shounen, Supernatural",TV,167,281632
38382,27899,7,Tokyo Ghoul √A,"Action, Drama, Horror, Mystery, Psychological, Seinen, Supernatural",TV,12,408357
54345,6045,8,Kimi ni Todoke,"Romance, School, Shoujo, Slice of Life",TV,25,309339
52896,892,10,Dragon Ball Movie 3: Makafushigi Daibouken,"Action, Adventure, Comedy, Fantasy, Sci-Fi, Shounen, Super Power",Movie,1,25740
34111,430,6,Fullmetal Alchemist: The Conqueror of Shamballa,"Comedy, Drama, Fantasy, Historical, Military, Shounen",Movie,1,186465
35705,10165,-1,Nichijou,"Comedy, School, Slice of Life",TV,26,254436
47770,435,7,Magic Knight Rayearth,"Adventure, Comedy, Drama, Fantasy, Magic, Mecha, Romance, Shoujo",TV,20,34141
20325,14353,7,Death Billiards,"Drama, Game, Mystery, Psychological, Thriller",Movie,1,95690
40464,23619,8,Haiyore! Nyaruko-san W OVA,"Comedy, Ecchi, Parody",OVA,1,14585
71766,30276,10,One Punch Man,"Action, Comedy, Parody, Sci-Fi, Seinen, Super Power, Supernatural",TV,12,552458
70235,5060,9,Hetalia Axis Powers,"Comedy, Historical, Parody",ONA,52,144898
9034,9656,10,Kimi ni Todoke 2nd Season,"Romance, School, Shoujo, Slice of Life",TV,12,171866
50001,2267,6,Red Garden: Dead Girls,"Mecha, Mystery",OVA,1,5652
50502,855,-1,Strawberry Panic,"Drama, Romance, School, Shoujo Ai",TV,26,72790
20115,9289,10,Hanasaku Iroha,"Comedy, Drama, Seinen, Slice of Life",TV,26,150393
52587,14513,7,Magi: The Labyrinth of Magic,"Action, Adventure, Fantasy, Magic, Shounen",TV,25,317513
9746,31859,9,Hai to Gensou no Grimgar,"Action, Adventure, Drama, Fantasy",TV,12,213342
16220,18247,8,IS: Infinite Stratos 2,"Action, Comedy, Harem, Mecha, Sci-Fi",TV,12,146979
7200,7148,7,Ladies versus Butlers!,"Comedy, Ecchi, Harem, Romance, School, Seinen",TV,12,94820
42280,23283,8,Zankyou no Terror,"Psychological, Thriller",TV,11,342893
6035,21561,7,Ryuugajou Nanana no Maizoukin (TV),"Comedy, Supernatural",TV,11,101326
10283,269,-1,Bleach,"Action, Comedy, Shounen, Super Power, Supernatural",TV,366,624055
27460,21855,-1,Hanamonogatari,"Comedy, Mystery, Supernatural",TV,5,124886
38588,9513,-1,Beelzebub,"Action, Comedy, Demons, School, Shounen, Supernatural",TV,60,217752
8200,2367,6,Moetan,"Comedy, Ecchi, Magic, School",TV,12,18432
52054,286,8,B&#039;T X,"Adventure, Mecha, Sci-Fi, Shounen",TV,25,5913
31725,10030,8,Bakuman. 2nd Season,"Comedy, Drama, Romance, Shounen",TV,25,151561
39387,31561,7,Gangsta. Recap,"Action, Drama, Seinen",Special,1,10234
20993,120,8,Fruits Basket,"Comedy, Drama, Fantasy, Romance, Shoujo, Slice of Life",TV,26,242553
49308,4975,7,ChäoS;HEAd,"Harem, Mystery, Psychological, Sci-Fi, Supernatural",TV,12,174337
59178,2403,9,Kodomo no Jikan (TV),"Comedy, Ecchi, School",TV,12,63348
57662,1912,6,Marginal Prince: Gekkeiju no Ouji-tachi,"Romance, School, Shounen Ai",TV,13,7962
51710,13601,9,Psycho-Pass,"Action, Police, Psychological, Sci-Fi",TV,22,509109
58224,1974,-1,Glass no Kamen (2005),"Drama, Shoujo",TV,51,17038
30578,405,-1,Blood: The Last Vampire,"Horror, Supernatural, Vampire",Movie,1,67778
4979,2743,7,Mobile Suit Gundam Seed: Seed Supernova - Tanekyara Gekijou,"Comedy, Parody",Special,4,5508
25822,25099,7,Ore ga Ojousama Gakkou ni &quot;Shomin Sample&quot; Toshite Gets♥Sareta Ken,"Comedy, Ecchi, Harem, Romance, School",TV,12,77774
7458,157,-1,Mahou Sensei Negima!,"Comedy, Ecchi, Fantasy, Harem, Magic, Romance, School, Shounen, Super Power, Supernatural",TV,26,76253
12575,5958,8,Sora no Otoshimono,"Comedy, Ecchi, Harem, Romance, Sci-Fi, Shounen, Supernatural",TV,13,227681
20184,3901,9,Baccano! Specials,"Action, Comedy, Historical, Mystery, Seinen, Supernatural",Special,3,100412
49121,1210,-1,NHK ni Youkoso!,"Comedy, Drama, Psychological, Romance",TV,24,291228
54229,16916,-1,Kuroko no Basket: Tip Off,"Comedy, School, Shounen, Sports",Special,1,41760
16559,6213,8,Toaru Kagaku no Railgun,"Action, Sci-Fi, Super Power",TV,24,231079
34920,28981,7,Ame-iro Cocoa,"Comedy, Slice of Life",TV,12,14295
69100,27899,10,Tokyo Ghoul √A,"Action, Drama, Horror, Mystery, Psychological, Seinen, Supernatural",TV,12,408357
61030,1856,-1,Kimi ga Nozomu Eien: Ayu Mayu Gekijou,Comedy,ONA,7,4503
40852,8675,9,Seitokai Yakuindomo,"Comedy, School, Shounen, Slice of Life",TV,13,217617
30568,6421,-1,Fullmetal Alchemist: Brotherhood Specials,"Adventure, Drama, Fantasy, Magic, Military, Shounen",Special,4,67962
57342,25159,-1,Inou-Battle wa Nichijou-kei no Naka de,"Comedy, Romance, School, Slice of Life, Supernatural",TV,12,144370
41397,10588,-1,Persona 4 the Animation,"Adventure, Mystery, School, Sci-Fi, Super Power, Supernatural",TV,25,134942
35025,27833,-1,Durarara!!x2 Ketsu,"Action, Mystery, Supernatural",TV,12,115295
11984,20057,10,Space☆Dandy,"Comedy, Sci-Fi, Space",TV,13,123529
60590,9347,8,Fortune Arterial: Akai Yakusoku - Tadoritsuita Basho,"Comedy, Fantasy, Harem, Romance, Vampire",OVA,1,18682
44426,5114,9,Fullmetal Alchemist: Brotherhood,"Action, Adventure, Drama, Fantasy, Magic, Military, Shounen",TV,64,793665
59003,6974,6,Seikimatsu Occult Gakuin,"Comedy, Mystery, School, Sci-Fi, Supernatural",TV,13,65021
40931,834,-1,Bleach: The Sealed Sword Frenzy,"Adventure, Comedy, Drama, Fantasy, Shounen, Supernatural",Special,1,73241
53059,3455,7,To LOVE-Ru,"Comedy, Ecchi, Harem, Romance, School, Sci-Fi",TV,26,237563
61644,740,7,Bishoujo Senshi Sailor Moon R,"Demons, Magic, Romance, Shoujo",TV,43,73305
11365,2164,10,Dennou Coil,"Adventure, Comedy, Drama, Mystery, Sci-Fi",TV,26,76860
26903,10080,7,Kami nomi zo Shiru Sekai II,"Comedy, Harem, Romance, Shounen, Supernatural",TV,12,194300
8295,73,8,Full Metal Panic! The Second Raid,"Action, Mecha, Military",TV,13,155340
21727,2109,8,Rockman.EXE Stream,"Action, Adventure, Game, Mecha, School, Sci-Fi, Shounen",TV,51,4161
22486,18195,9,Little Busters!: Refrain,"Comedy, Drama, Romance, School, Slice of Life, Supernatural",TV,13,71820
18768,12967,5,Arcana Famiglia,"Action, Harem, Romance, Shoujo",TV,12,106391
11745,22789,8,Barakamon,"Comedy, Slice of Life",TV,12,225927
53606,487,8,Girls Bravo: Second Season,"Comedy, Ecchi, Fantasy, Harem, Romance, School",TV,13,57110
28762,31368,7,Grisaia no Rakuen Specials,Ecchi,Special,5,15055
53514,3744,-1,Crayon Shin-chan Movie 10: Arashi wo Yobu Appare! Sengoku Daikassen,"Drama, Historical, Kids, Romance, Samurai",Movie,1,1478
38273,527,-1,Pokemon,"Action, Adventure, Comedy, Fantasy, Kids",TV,276,229157
6893,4186,-1,Chrome Shelled Regios,"Action, Adventure, Fantasy, School, Sci-Fi",TV,24,103615
20180,569,-1,Musekinin Kanchou Tylor,"Comedy, Military, Parody, Sci-Fi, Space",TV,26,19841
42106,384,9,Gantz,"Action, Drama, Horror, Psychological, Sci-Fi, Supernatural",TV,13,165335
10921,16524,-1,Suisei no Gargantia,"Action, Adventure, Mecha, Sci-Fi",TV,13,170754
58619,6895,8,Hakuouki,"Action, Drama, Historical, Josei, Samurai, Supernatural",TV,12,90612
10877,265,10,Hajime no Ippo: Mashiba vs. Kimura,"Comedy, Shounen, Sports",OVA,1,40623
60411,1719,7,Rozen Maiden: Ouvertüre,"Action, Comedy, Drama, Magic, Seinen",Special,2,44388
26955,1517,7,Silent Mobius,"Action, Comedy, Drama, Fantasy, Horror, Magic, Romance, Sci-Fi",TV,26,7664
53247,1690,8,Bokurano,"Drama, Mecha, Psychological, Sci-Fi",TV,24,81408
72443,19111,-1,Love Live! School Idol Project 2nd Season,"Music, School, Slice of Life",TV,13,91864
25604,226,9,Elfen Lied,"Action, Drama, Horror, Psychological, Romance, Seinen, Supernatural",TV,13,623511
25252,31890,8,Nurse Witch Komugi-chan R,"Comedy, Magic, Parody",TV,12,7376
32188,743,8,Umi ga Kikoeru,"Drama, Romance, School, Slice of Life",Special,1,25671
23078,2167,9,Clannad,"Comedy, Drama, Romance, School, Slice of Life, Supernatural",TV,23,566690
12571,6702,10,Fairy Tail,"Action, Adventure, Comedy, Fantasy, Magic, Shounen",TV,175,584590
21592,12549,8,"Dakara Boku wa, H ga Dekinai.","Comedy, Ecchi, Romance, Supernatural",TV,12,169615
64503,11013,-1,Inu x Boku SS,"Comedy, Romance, Shounen, Supernatural",TV,12,216204
12557,11319,10,Zero no Tsukaima F,"Adventure, Ecchi, Fantasy, Magic, Romance",TV,12,174026
43198,268,7,Golden Boy,"Adventure, Comedy, Ecchi",OVA,6,113040
41382,2129,-1,True Tears,"Drama, Romance, School",TV,13,118644
41085,7337,8,"Hetalia Axis Powers Movie: Paint it, White","Comedy, Historical, Parody",Movie,1,36986
52787,953,8,Jyu Oh Sei,"Action, Adventure, Drama, Mystery, Sci-Fi, Shoujo",TV,11,44766
21673,11285,7,Black★Rock Shooter (TV),"Action, Drama, School, Slice of Life",TV,8,198991
27351,27989,6,Hibike! Euphonium,"Drama, Music, School",TV,13,134694
35372,11577,-1,Steins;Gate Movie: Fuka Ryouiki no Déjà vu,"Sci-Fi, Thriller",Movie,1,192424
29076,20,6,Naruto,"Action, Comedy, Martial Arts, Shounen, Super Power",TV,220,683297
68631,464,8,One Piece Movie 6: Omatsuri Danshaku to Himitsu no Shima,"Adventure, Comedy, Fantasy, Shounen",Movie,1,37792
42108,22199,-1,Akame ga Kill!,"Action, Adventure, Fantasy",TV,24,492133
20996,23327,8,Space☆Dandy 2nd Season,"Comedy, Sci-Fi, Space",TV,13,60918
58251,4975,7,ChäoS;HEAd,"Harem, Mystery, Psychological, Sci-Fi, Supernatural",TV,12,174337
41845,8630,7,Hidan no Aria,"Action, Comedy, Romance, School",TV,12,171888
50944,31621,-1,Ooyasan wa Shishunki!,"Comedy, Slice of Life",TV,12,24131
30770,7054,-1,Kaichou wa Maid-sama!,"Comedy, Romance, School, Shoujo",TV,26,391628
58509,15751,5,Senyuu.,"Action, Comedy, Fantasy, Parody, Shounen",TV,13,56815
39958,14289,7,Sukitte Ii na yo.,"Romance, School, Shoujo",TV,13,233410
61118,1335,10,Ghost in the Shell: Stand Alone Complex - Tachikoma na Hibi,"Comedy, Mecha, Sci-Fi",Special,26,18178
54140,2020,8,One Piece: Nenmatsu Tokubetsu Kikaku! Mugiwara no Luffy Oyabun Torimonochou,"Adventure, Comedy, Fantasy, Shounen",Special,1,18307
9558,8986,7,Supernatural The Animation,"Action, Demons, Horror, Supernatural",OVA,22,18528
7602,18679,10,Kill la Kill,"Action, Comedy, School, Super Power",TV,24,508118
43530,10620,6,Mirai Nikki (TV),"Action, Mystery, Psychological, Shounen, Supernatural, Thriller",TV,26,657190
21268,8074,10,Highschool of the Dead,"Action, Ecchi, Horror, Supernatural",TV,12,535892
45659,10372,7,Kamisama Dolls,"Action, Seinen, Supernatural",TV,13,47665
23897,27655,7,Aldnoah.Zero 2nd Season,"Action, Mecha, Sci-Fi, Space",TV,12,149364
17331,907,5,Princess Princess,"Comedy, School, Shoujo",TV,12,38778
13538,1065,9,Touch,"Drama, Romance, School, Shounen, Slice of Life, Sports",TV,101,12833
44912,7592,8,Nurarihyon no Mago,"Action, Demons, Shounen, Supernatural",TV,24,122976
67707,4981,6,Casshern Sins,"Action, Adventure, Drama, Psychological, Sci-Fi",TV,24,80307
33316,22297,9,Fate/stay night: Unlimited Blade Works,"Action, Fantasy, Magic, Shounen, Supernatural",TV,12,267484
21581,6746,9,Durarara!!,"Action, Mystery, Supernatural",TV,24,556431
6233,758,8,RahXephon: Pluralitas Concentio,"Action, Drama, Mecha, Psychological, Romance, Sci-Fi",Movie,1,10524
54367,5204,7,Kara no Kyoukai 6: Boukyaku Rokuon,"Action, Magic, Mystery, Romance, Supernatural, Thriller",Movie,1,93803
44321,8246,10,Naruto: Shippuuden Movie 4 - The Lost Tower,"Action, Comedy, Martial Arts, Shounen, Super Power",Movie,1,84527
12099,523,9,Tonari no Totoro,"Adventure, Comedy, Supernatural",Movie,1,271484
23654,30,-1,Neon Genesis Evangelion,"Action, Dementia, Drama, Mecha, Psychological, Sci-Fi",TV,26,461946
45455,2904,9,Code Geass: Hangyaku no Lelouch R2,"Action, Drama, Mecha, Military, Sci-Fi, Super Power",TV,25,572888
24579,3349,9,Kiddy GiRL-AND,"Action, Comedy, Sci-Fi, Super Power",TV,24,13368
16988,502,-1,Dragon Ball Movie 1: Shen Long no Densetsu,"Action, Adventure, Comedy, Fantasy, Shounen, Super Power",Movie,1,30279
59070,102,7,Aishiteruze Baby★★,"Comedy, Drama, Romance, Shoujo",TV,26,63959
46355,6347,8,Baka to Test to Shoukanjuu,"Comedy, Romance, School, Super Power",TV,13,301282
43651,18153,-1,Kyoukai no Kanata,"Fantasy, Slice of Life, Supernatural",TV,12,359011
57892,860,9,Makai Senki Disgaea,"Action, Comedy, Demons, Fantasy, Magic",TV,12,30146
51101,67,8,Basilisk: Kouga Ninpou Chou,"Action, Adventure, Fantasy, Historical, Romance, Samurai, Supernatural",TV,24,98144
50761,14659,8,Hump Bang,Hentai,OVA,2,1775
39758,31637,9,"Gate: Jieitai Kanochi nite, Kaku Tatakaeri 2nd Season","Action, Adventure, Fantasy, Military",TV,12,153501
34675,355,7,Shakugan no Shana,"Action, Drama, Fantasy, Romance, School, Supernatural",TV,24,297058
22477,9202,6,Seikon no Qwaser: Jotei no Shouzou,"Action, Ecchi, Seinen, Super Power, Supernatural",OVA,1,14605
36372,31289,-1,One Piece: Episode of Sabo - 3 Kyoudai no Kizuna Kiseki no Saikai to Uketsugareru Ishi,"Action, Adventure, Comedy, Drama, Fantasy, Shounen, Super Power",Special,1,11922
6309,3503,7,Kanokon,"Comedy, Ecchi, Harem, Romance, School, Shounen, Slice of Life, Supernatural",TV,12,122288
21478,248,7,Ichigo 100%,"Comedy, Ecchi, Harem, Romance, Shounen",TV,12,67310
71118,31716,8,Rewrite,"Action, Comedy, Romance, School, Supernatural",TV,13,71545
8703,6702,9,Fairy Tail,"Action, Adventure, Comedy, Fantasy, Magic, Shounen",TV,175,584590
10417,11235,6,Amagami SS+ Plus,"Comedy, Romance, School, Slice of Life",TV,13,73813
55005,2403,6,Kodomo no Jikan (TV),"Comedy, Ecchi, School",TV,12,63348
7080,3887,7,Ookiku Furikabutte Special,"Drama, Sports",Special,1,8478
9459,26055,7,JoJo no Kimyou na Bouken: Stardust Crusaders 2nd Season,"Action, Adventure, Drama, Shounen, Supernatural",TV,24,93657
29676,2894,-1,Kinbaku no Yakata: Ryakudatsu,Hentai,OVA,2,1443
35136,9865,-1,Hetalia Axis Powers Fan Disc,"Comedy, Historical, Parody",OVA,3,8070
33474,6675,9,Redline,"Action, Cars, Sci-Fi, Sports",Movie,1,109392
38713,7666,-1,Dr. Slump Movie 01: Arale-chan Hello! Fushigi Shima,"Comedy, Sci-Fi, Shounen",Movie,1,916
3183,30,10,Neon Genesis Evangelion,"Action, Dementia, Drama, Mecha, Psychological, Sci-Fi",TV,26,461946
35474,2889,-1,Bleach Movie 2: The DiamondDust Rebellion - Mou Hitotsu no Hyourinmaru,"Action, Adventure, Shounen, Supernatural",Movie,1,134739
10911,884,10,Shin Angyo Onshi,"Action, Fantasy",Movie,1,13231
12992,9366,7,Kaichou wa Maid-sama!: Omake dayo!,"Comedy, School, Shoujo",Special,1,52752
30012,2593,10,Kara no Kyoukai 1: Fukan Fuukei,"Action, Mystery, Supernatural, Thriller",Movie,1,178880
1497,19799,5,Robot Girls Z,"Comedy, Mecha, Parody",Special,3,12212
26661,8577,7,Aki-Sora: Yume no Naka,"Ecchi, Romance, Seinen, Yuri",OVA,2,37519
36627,23289,8,Gekkan Shoujo Nozaki-kun,"Comedy, Romance, School",TV,12,292622
7236,5252,10,One Piece: Romance Dawn Story,"Action, Comedy, Fantasy, Shounen, Super Power",OVA,1,21306
64766,31043,9,Boku dake ga Inai Machi,"Mystery, Psychological, Seinen, Supernatural",TV,12,402381
18798,7817,5,B Gata H Kei,"Comedy, Ecchi, Romance, School, Seinen",TV,12,192719
8174,4134,-1,Naruto Shippuuden: Shippuu! &quot;Konoha Gakuen&quot; Den,Comedy,Special,1,34056
53058,6594,8,Katanagatari,"Action, Adventure, Historical, Martial Arts, Romance",TV,12,207241
23302,4186,7,Chrome Shelled Regios,"Action, Adventure, Fantasy, School, Sci-Fi",TV,24,103615
22513,3958,-1,Kannagi,"Comedy, School, Shounen, Supernatural",TV,13,94202
25987,68,6,Black Cat,"Adventure, Comedy, Sci-Fi, Shounen, Super Power",TV,23,150512
21679,15809,8,Hataraku Maou-sama!,"Comedy, Demons, Fantasy, Romance, Shounen",TV,13,409037
22708,12967,7,Arcana Famiglia,"Action, Harem, Romance, Shoujo",TV,12,106391
8472,416,9,Kurenai no Buta,"Action, Adventure, Comedy, Drama, Historical, Military, Romance",Movie,1,74028
4937,12565,6,Fate/Prototype,"Action, Fantasy, Magic, Romance, Shounen, Supernatural",OVA,1,43469
32894,9989,7,Ano Hi Mita Hana no Namae wo Bokutachi wa Mada Shiranai.,"Drama, Slice of Life, Supernatural",TV,11,463835
26593,9041,9,IS: Infinite Stratos,"Action, Comedy, Harem, Mecha, Sci-Fi",TV,12,254543
7136,30,9,Neon Genesis Evangelion,"Action, Dementia, Drama, Mecha, Psychological, Sci-Fi",TV,26,461946
57512,953,8,Jyu Oh Sei,"Action, Adventure, Drama, Mystery, Sci-Fi, Shoujo",TV,11,44766
1163,31376,8,Flying Witch,"Comedy, Magic, Shounen, Slice of Life, Supernatural",TV,12,95933
57598,13859,8,Accel World: Acchel World.,"Comedy, Sci-Fi",Special,8,26190
36765,10080,-1,Kami nomi zo Shiru Sekai II,"Comedy, Harem, Romance, Shounen, Supernatural",TV,12,194300
48821,5865,7,Nanaka 6/17 Special,"Comedy, Drama, Romance, Shounen, Slice of Life",Special,1,1229
61916,4181,10,Clannad: After Story,"Drama, Fantasy, Romance, Slice of Life, Supernatural",TV,24,456749
4111,10805,7,Kami nomi zo Shiru Sekai: 4-nin to Idol,"Comedy, Music, Shounen, Supernatural",OVA,1,57797
18266,1194,-1,Coyote Ragtime Show,"Action, Adventure, Comedy, Mecha, Sci-Fi, Shounen",TV,12,13036
16199,10191,7,Katte ni Kaizou,"Comedy, Parody, School, Sci-Fi, Shounen",OVA,6,19904
33085,8460,8,Mirai Nikki,"Action, Shounen, Supernatural",OVA,1,114217
15262,523,8,Tonari no Totoro,"Adventure, Comedy, Supernatural",Movie,1,271484
52332,22297,-1,Fate/stay night: Unlimited Blade Works,"Action, Fantasy, Magic, Shounen, Supernatural",TV,12,267484
32858,16498,8,Shingeki no Kyojin,"Action, Drama, Fantasy, Shounen, Super Power",TV,25,896229
11913,10491,7,Higurashi no Naku Koro ni Kira,"Mystery, Parody",OVA,4,46712
4814,4189,6,Winter Sonata,"Drama, Romance",TV,26,13582
14162,10334,10,Rurouni Kenshin Recap,"Action, Adventure, Comedy, Historical, Romance, Samurai",Special,1,4527
24554,18661,7,Kamisama Hajimemashita OVA,"Comedy, Demons, Fantasy, Shoujo, Supernatural",OVA,2,38678
31099,22961,10,Date A Live: Encore OVA,"Romance, Slice of Life",OVA,1,48432
52986,5342,-1,Asura Cryin&#039;,"Action, Mecha, Supernatural",TV,13,68608
66259,226,8,Elfen Lied,"Action, Drama, Horror, Psychological, Romance, Seinen, Supernatural",TV,13,623511
10059,22729,-1,Aldnoah.Zero,"Action, Mecha, Sci-Fi",TV,12,244193
22115,6956,7,Working!!,"Comedy, Slice of Life",TV,13,189367
65395,14353,8,Death Billiards,"Drama, Game, Mystery, Psychological, Thriller",Movie,1,95690
20704,11285,-1,Black★Rock Shooter (TV),"Action, Drama, School, Slice of Life",TV,8,198991
5732,11887,7,Kokoro Connect,"Comedy, Drama, Romance, School, Slice of Life, Supernatural",TV,13,283847
50173,199,10,Sen to Chihiro no Kamikakushi,"Adventure, Drama, Supernatural",Movie,1,466254
55313,64,9,Rozen Maiden,"Action, Comedy, Drama, Magic, Seinen",TV,12,128688
57195,20159,9,Pokemon: The Origin,"Action, Adventure, Comedy, Fantasy, Kids",Special,4,85947
11890,10308,7,Sengoku Otome: Momoiro Paradox,"Action, Comedy, Historical, Samurai, Sci-Fi, Super Power",TV,13,27080
32930,10620,8,Mirai Nikki (TV),"Action, Mystery, Psychological, Shounen, Supernatural, Thriller",TV,26,657190
55448,3092,10,Junjou Romantica,"Comedy, Drama, Romance, Shounen Ai",TV,12,117910
72329,157,8,Mahou Sensei Negima!,"Comedy, Ecchi, Fantasy, Harem, Magic, Romance, School, Shounen, Super Power, Supernatural",TV,26,76253
5562,16049,9,Toaru Kagaku no Railgun S,"Action, Sci-Fi, Super Power",TV,24,137105
24010,11266,7,Ao no Exorcist: Kuro no Iede,"Action, Demons, Fantasy, Shounen, Supernatural",Special,1,59755
55356,1818,8,Claymore,"Action, Adventure, Demons, Fantasy, Shounen, Super Power, Supernatural",TV,26,316853
15889,392,8,Yuu☆Yuu☆Hakusho,"Action, Comedy, Demons, Fantasy, Martial Arts, School, Shounen",TV,112,195017
42635,2969,7,Appleseed Saga Ex Machina,"Action, Mecha, Military, Sci-Fi",Movie,1,28365
20137,411,7,Gun x Sword,"Action, Adventure, Drama, Mecha, Sci-Fi, Shounen",TV,26,45921
14050,28619,6,Ranpo Kitan: Game of Laplace,Mystery,TV,11,66777
71968,5507,8,Senjou no Valkyria,"Action, Military, Romance",TV,26,77591
34210,14741,7,Chuunibyou demo Koi ga Shitai!,"Comedy, Drama, Romance, School, Slice of Life",TV,12,394399
39819,23289,-1,Gekkan Shoujo Nozaki-kun,"Comedy, Romance, School",TV,12,292622
43393,10209,9,Kore wa Zombie Desu ka? OVA,"Action, Comedy, Ecchi, Harem, Magic, Supernatural",OVA,2,73826
16576,8074,10,Highschool of the Dead,"Action, Ecchi, Horror, Supernatural",TV,12,535892
23490,442,8,Naruto Movie 1: Dai Katsugeki!! Yuki Hime Shinobu Houjou Dattebayo!,"Adventure, Comedy, Drama, Historical, Shounen, Supernatural",Movie,1,120571
48373,30831,7,Kono Subarashii Sekai ni Shukufuku wo!,"Adventure, Comedy, Fantasy, Supernatural",TV,10,244877
13378,28999,6,Charlotte,"Drama, School, Super Power",TV,13,310137
3483,18441,7,Blood Lad: Wagahai wa Neko de wa Nai,"Action, Comedy, Demons, Seinen, Supernatural, Vampire",OVA,1,48728
16522,95,8,Turn A Gundam,"Action, Adventure, Drama, Mecha, Military, Sci-Fi, Space",TV,50,20056
14660,17535,-1,Fairy Tail Movie 1: Houou no Miko - Hajimari no Asa,"Fantasy, Magic, Shounen",Special,1,34230
10630,431,8,Howl no Ugoku Shiro,"Adventure, Drama, Fantasy, Romance",Movie,1,333186
18513,8408,7,Durarara!! Specials,"Action, Comedy, Supernatural",Special,2,103105
15726,936,6,Naruto Movie 2: Dai Gekitotsu! Maboroshi no Chiteiiseki Dattebayo!,"Adventure, Comedy, Drama, Fantasy, Shounen, Supernatural",Movie,1,97308
43685,7674,8,Bakuman.,"Comedy, Romance, Shounen",TV,25,246899
53063,120,10,Fruits Basket,"Comedy, Drama, Fantasy, Romance, Shoujo, Slice of Life",TV,26,242553
42416,1535,10,Death Note,"Mystery, Police, Psychological, Supernatural, Thriller",TV,37,1013917
30829,20651,-1,Natsume Yuujinchou: Itsuka Yuki no Hi ni,"Drama, Fantasy, Shoujo, Slice of Life, Supernatural",OVA,1,28302
69114,6707,-1,Kuroshitsuji II,"Action, Comedy, Demons, Fantasy, Shounen, Supernatural",TV,12,234955
14190,8536,6,Fortune Arterial: Akai Yakusoku,"Comedy, Romance, School, Supernatural, Vampire",TV,12,71285
22880,4186,6,Chrome Shelled Regios,"Action, Adventure, Fantasy, School, Sci-Fi",TV,24,103615
27551,9513,8,Beelzebub,"Action, Comedy, Demons, School, Shounen, Supernatural",TV,60,217752
12404,11111,-1,Another,"Horror, Mystery, School, Supernatural, Thriller",TV,12,534657
71525,22877,10,Seirei Tsukai no Blade Dance,"Action, Comedy, Ecchi, Fantasy, Harem, Romance, School, Supernatural",TV,12,124448
22470,24781,-1,Imawa no Kuni no Alice (OVA),"Action, Psychological, Shounen, Supernatural, Thriller",OVA,3,18351
62895,31163,-1,Dimension W,"Action, Sci-Fi, Seinen",TV,12,130028
5172,2889,8,Bleach Movie 2: The DiamondDust Rebellion - Mou Hitotsu no Hyourinmaru,"Action, Adventure, Shounen, Supernatural",Movie,1,134739
13857,9065,-1,Hakuouki Hekketsuroku,"Action, Drama, Historical, Josei, Samurai, Supernatural",TV,10,49771
12604,6547,8,Angel Beats!,"Action, Comedy, Drama, School, Supernatural",TV,13,717796
69958,14829,7,Fate/kaleid liner Prisma☆Illya,"Action, Comedy, Fantasy, Magic",TV,10,100392
69286,31580,-1,Ajin,"Action, Horror, Mystery, Seinen, Supernatural",TV,13,160972
750,20583,10,Haikyuu!!,"Comedy, Drama, School, Shounen, Sports",TV,25,284498
25577,6573,-1,Darker than Black: Ryuusei no Gemini,"Action, Mystery, Sci-Fi, Super Power",TV,12,222243
5362,1887,9,Lucky☆Star,"Comedy, Parody, School, Slice of Life",TV,24,305837
12438,28979,-1,To LOVE-Ru Darkness 2nd,"Comedy, Ecchi, Harem, Romance, School, Sci-Fi, Shounen",TV,12,73909
49226,898,9,Dragon Ball Z Movie 05: Tobikkiri no Saikyou tai Saikyou,"Adventure, Comedy, Fantasy, Sci-Fi, Shounen",Movie,1,59207
9567,15085,-1,Amnesia,"Fantasy, Josei, Mystery, Romance",TV,12,134349
123,31637,9,"Gate: Jieitai Kanochi nite, Kaku Tatakaeri 2nd Season","Action, Adventure, Fantasy, Military",TV,12,153501
43322,6594,-1,Katanagatari,"Action, Adventure, Historical, Martial Arts, Romance",TV,12,207241
14587,11757,9,Sword Art Online,"Action, Adventure, Fantasy, Game, Romance",TV,25,893100
65726,9587,-1,Oniichan no Koto nanka Zenzen Suki ja Nai n da kara ne!!,"Comedy, Ecchi, Harem, Romance",TV,12,51637
67857,5258,8,Hajime no Ippo: New Challenger,"Comedy, Drama, Shounen, Sports",TV,26,88995
21208,13469,9,Hyouka: Motsubeki Mono wa,Slice of Life,OVA,1,68823
19508,23605,7,Ninja Slayer From Animation,Action,ONA,26,26062
59890,100,8,Shin Shirayuki-hime Densetsu Prétear,"Comedy, Drama, Fantasy, Magic, Romance, Shoujo, Super Power",TV,13,37394
40445,1535,7,Death Note,"Mystery, Police, Psychological, Supernatural, Thriller",TV,37,1013917
49399,2057,5,Ojousama Sousamou,"Action, Comedy, Mystery, Police",OVA,1,1427
5612,3410,10,Sky Girls Specials,"Comedy, Mecha, Military, Sci-Fi",Special,9,3008
8027,3470,9,Special A,"Comedy, Romance, School, Shoujo",TV,24,173603
53992,6547,9,Angel Beats!,"Action, Comedy, Drama, School, Supernatural",TV,13,717796
1308,23755,9,Nanatsu no Taizai,"Action, Adventure, Ecchi, Fantasy, Shounen, Supernatural",TV,24,331627
7454,1140,9,Giniro no Kami no Agito,"Adventure, Drama, Fantasy, Romance, Sci-Fi",Movie,1,45084
35669,20785,9,Mahouka Koukou no Rettousei,"Magic, Romance, School, Sci-Fi, Supernatural",TV,26,285317
5387,3322,-1,Wagaya no Oinari-sama.,"Adventure, Fantasy, Shounen, Supernatural",TV,24,23132
6737,3455,-1,To LOVE-Ru,"Comedy, Ecchi, Harem, Romance, School, Sci-Fi",TV,26,237563
59573,14741,8,Chuunibyou demo Koi ga Shitai!,"Comedy, Drama, Romance, School, Slice of Life",TV,12,394399
5845,1118,8,Pokemon: Kesshoutou no Teiou Entei,"Action, Adventure, Comedy, Drama, Fantasy, Kids",Movie,1,73253
59406,107,6,Ou Dorobou Jing,"Adventure, Comedy, Fantasy, Sci-Fi, Shounen",TV,13,21920
57751,4535,6,Candy Boy: Nonchalant Talk of the Certain Twin Sisters in Daily Life,"Romance, School, Shoujo Ai",ONA,7,43338
53365,891,-1,Dragon Ball Movie 2: Majinjou no Nemuri Hime,"Action, Adventure, Comedy, Fantasy, Sci-Fi, Shounen, Super Power",Movie,1,27194
11427,302,9,Mirai Shounen Conan,"Adventure, Drama, Sci-Fi",TV,26,15557
30697,14075,-1,Zetsuen no Tempest,"Action, Drama, Fantasy, Magic, Mystery, Psychological, Shounen",TV,24,259900
21317,10161,-1,No.6,"Action, Sci-Fi",TV,11,168017
64664,25867,8,Rolling☆Girls,"Action, Adventure, Slice of Life, Super Power",TV,12,48310
65611,1482,8,D.Gray-man,"Action, Adventure, Comedy, Shounen",TV,103,334399
642,22199,8,Akame ga Kill!,"Action, Adventure, Fantasy",TV,24,492133
3325,18041,-1,Rozen Maiden (2013),"Action, Comedy, Drama, Magic, Seinen",TV,13,46117
29402,8841,10,Kore wa Zombie Desu ka?,"Action, Comedy, Ecchi, Harem, Magic, Supernatural",TV,12,295782
28736,442,8,Naruto Movie 1: Dai Katsugeki!! Yuki Hime Shinobu Houjou Dattebayo!,"Adventure, Comedy, Drama, Historical, Shounen, Supernatural",Movie,1,120571
13495,19163,5,Date A Live II,"Comedy, Harem, Mecha, Romance, School, Sci-Fi",TV,10,186187
14107,9926,-1,Sekaiichi Hatsukoi,"Comedy, Drama, Romance, Shounen Ai",TV,12,94820
70585,20431,10,Hoozuki no Reitetsu,"Comedy, Fantasy, Supernatural",TV,13,47619
66509,10372,8,Kamisama Dolls,"Action, Seinen, Supernatural",TV,13,47665
11104,2229,-1,Dragon Quest: Dai no Daibouken,"Adventure, Comedy, Demons, Fantasy, Magic, Martial Arts, Shounen",TV,46,8999
41131,9213,6,Kowarekake no Orgel,"Drama, Music, Sci-Fi, Slice of Life",OVA,1,24876
22486,12669,7,Amagami SS+ Plus Specials,Romance,Special,6,17764
385,26243,10,Owari no Seraph,"Action, Drama, Shounen, Supernatural, Vampire",TV,12,315630
2933,10620,9,Mirai Nikki (TV),"Action, Mystery, Psychological, Shounen, Supernatural, Thriller",TV,26,657190
44147,10156,6,Sacred Seven,"Action, School, Sci-Fi, Super Power",TV,12,47136
27130,6880,10,Deadman Wonderland,"Action, Horror, Sci-Fi",TV,12,453454
23512,6689,7,Hitozuma Koukan Nikki,Hentai,OVA,2,2014
33936,30902,7,Yuru Yuri Nachuyachumi!+,"Comedy, Shoujo Ai, Slice of Life",Special,2,19586
62077,412,7,Kore ga Watashi no Goshujinsama,"Comedy, Ecchi, Slice of Life",TV,12,57646
50687,1248,8,Zone of the Enders: Idolo,"Action, Drama, Mecha, Military, Romance, Sci-Fi, Space",OVA,1,5564
11015,13835,5,Marimo no Hana: Saikyou Butouha Shougakusei Densetsu,"Action, Shoujo",OVA,1,3259
26639,31,5,Neon Genesis Evangelion: Death &amp; Rebirth,"Drama, Mecha, Psychological, Sci-Fi",Movie,1,102093
30401,2472,6,Naruto: Shippuuden Movie 1,"Action, Adventure, Comedy, Fantasy, Shounen",Movie,1,108170
62480,656,9,Air in Summer,"Comedy, Drama, Historical, Romance, Supernatural",Special,2,29514
58483,2476,7,School Days,"Drama, Harem, Romance, School",TV,12,279183
46550,20903,8,Harmonie,"Drama, School, Supernatural",Movie,1,29029
48423,7311,10,Suzumiya Haruhi no Shoushitsu,"Comedy, Mystery, Romance, School, Sci-Fi, Supernatural",Movie,1,240297
61622,2953,-1,Egao,"Music, Slice of Life",Music,1,8814
32611,21881,6,Sword Art Online II,"Action, Adventure, Fantasy, Game, Romance",TV,24,537892
36568,30458,7,Tokyo Ghoul: &quot;Jack&quot;,"Action, Drama, Horror, School, Seinen, Supernatural",OVA,1,70635
22446,4224,10,Toradora!,"Comedy, Romance, School, Slice of Life",TV,25,633817
40821,376,-1,Elfen Lied Special,"Drama, Ecchi, Horror, Psychological, Supernatural",Special,1,116129
26130,12355,8,Ookami Kodomo no Ame to Yuki,"Fantasy, Slice of Life",Movie,1,226193
67239,56,-1,Avenger,"Adventure, Fantasy, Sci-Fi, Shounen",TV,13,12286
68408,4898,8,Kuroshitsuji,"Action, Comedy, Demons, Fantasy, Historical, Shounen, Supernatural",TV,24,424919
21678,5958,-1,Sora no Otoshimono,"Comedy, Ecchi, Harem, Romance, Sci-Fi, Shounen, Supernatural",TV,13,227681
53708,1279,5,Taiyou no Ko Esteban,"Adventure, Historical, Sci-Fi",TV,39,5424
34580,11761,10,Medaka Box,"Action, Comedy, Ecchi, Martial Arts, School, Shounen, Super Power",TV,12,110042
39603,223,9,Dragon Ball,"Adventure, Comedy, Fantasy, Martial Arts, Shounen, Super Power",TV,153,316102
22738,906,7,Dragon Ball Z Movie 13: Ryuuken Bakuhatsu!! Goku ga Yaraneba Dare ga Yaru,"Adventure, Comedy, Fantasy, Sci-Fi, Shounen",Movie,1,50607
53645,16524,7,Suisei no Gargantia,"Action, Adventure, Mecha, Sci-Fi",TV,13,170754
41785,2889,-1,Bleach Movie 2: The DiamondDust Rebellion - Mou Hitotsu no Hyourinmaru,"Action, Adventure, Shounen, Supernatural",Movie,1,134739
19135,16742,7,Watashi ga Motenai no wa Dou Kangaetemo Omaera ga Warui!,"Comedy, School, Shounen, Slice of Life",TV,12,257925
22035,10620,10,Mirai Nikki (TV),"Action, Mystery, Psychological, Shounen, Supernatural, Thriller",TV,26,657190
65260,11757,9,Sword Art Online,"Action, Adventure, Fantasy, Game, Romance",TV,25,893100
49990,524,3,Onegai☆Twins: Natsu wa Owaranai,"Comedy, Drama, Romance",OVA,1,22614
3274,3457,8,Vampire Knight,"Drama, Mystery, Romance, Shoujo, Supernatural, Vampire",TV,13,286826
53639,3551,-1,Dragon Rider,Hentai,OVA,2,1049
29578,22789,9,Barakamon,"Comedy, Slice of Life",TV,12,225927
60345,5279,8,Sekirei: Hajimete no Otsukai,Comedy,Special,1,32430
53176,4872,8,Goku Sayonara Zetsubou Sensei,"Comedy, Parody, School",OVA,3,40358
33336,25157,6,Trinity Seven,"Action, Comedy, Ecchi, Fantasy, Harem, Magic, Romance, School, Shounen, Supernatural",TV,12,208796
5025,746,7,Papa to Kiss in the Dark,"Comedy, Drama, Romance, Yaoi",OVA,2,28620
55170,16870,7,The Last: Naruto the Movie,"Action, Martial Arts, Romance, Shounen, Super Power",Movie,1,85013
66110,4550,6,Hyakko,"Comedy, School, Slice of Life",TV,13,33112
54229,356,8,Fate/stay night,"Action, Fantasy, Magic, Romance, Supernatural",TV,24,374880
4620,1685,7,Duel Masters,"Action, Adventure, Comedy, Shounen",TV,26,13012
7755,4938,-1,Tsubasa: Shunraiki,"Action, Adventure, Drama, Fantasy, Magic, Mystery, Romance, Shounen, Supernatural",OVA,2,40420
21905,889,9,Black Lagoon,"Action, Seinen",TV,12,332562
8134,9989,10,Ano Hi Mita Hana no Namae wo Bokutachi wa Mada Shiranai.,"Drama, Slice of Life, Supernatural",TV,11,463835
70064,20507,8,Noragami,"Action, Adventure, Shounen, Supernatural",TV,12,515378
59359,1033,10,Sennen Joyuu,"Action, Adventure, Drama, Fantasy, Historical, Romance",Movie,1,58492
58804,52,10,Kidou Tenshi Angelic Layer,"Comedy, Drama, Sci-Fi, Shounen, Sports",TV,26,39758
58518,121,10,Fullmetal Alchemist,"Action, Adventure, Comedy, Drama, Fantasy, Magic, Military, Shounen",TV,51,600384
5794,355,8,Shakugan no Shana,"Action, Drama, Fantasy, Romance, School, Supernatural",TV,24,297058
71867,30503,9,Noragami Aragoto,"Action, Adventure, Shounen, Supernatural",TV,13,299434
36118,28677,7,Yamada-kun to 7-nin no Majo (TV),"Comedy, Harem, Mystery, Romance, School, Shounen, Supernatural",TV,12,193566
21971,1604,10,Katekyo Hitman Reborn!,"Action, Comedy, Shounen, Super Power",TV,203,258103
48547,13659,7,Ore no Imouto ga Konnani Kawaii Wake ga Nai.,"Comedy, Seinen, Slice of Life",TV,13,194791
23803,8795,7,Panty &amp; Stocking with Garterbelt,"Action, Comedy, Ecchi, Parody, Supernatural",TV,13,157642
69604,22319,6,Tokyo Ghoul,"Action, Drama, Horror, Mystery, Psychological, Seinen, Supernatural",TV,12,618056
2440,8888,7,Code Geass: Boukoku no Akito 1 - Yokuryuu wa Maiorita,"Action, Mecha, Military, Sci-Fi",Movie,1,91105
61854,14129,-1,Starless: 21st Century Nymphomaniacs,Hentai,OVA,4,3603
42356,13759,10,Sakurasou no Pet na Kanojo,"Comedy, Drama, Romance, School, Slice of Life",TV,24,380375
58352,121,10,Fullmetal Alchemist,"Action, Adventure, Comedy, Drama, Fantasy, Magic, Military, Shounen",TV,51,600384
68545,121,8,Fullmetal Alchemist,"Action, Adventure, Comedy, Drama, Fantasy, Magic, Military, Shounen",TV,51,600384
6361,5277,10,Sekirei: Pure Engagement,"Action, Comedy, Ecchi, Harem, Super Power",TV,13,113911
8438,1535,10,Death Note,"Mystery, Police, Psychological, Supernatural, Thriller",TV,37,1013917
13238,2001,9,Tengen Toppa Gurren Lagann,"Action, Adventure, Comedy, Mecha, Sci-Fi",TV,27,562962
57828,8111,-1,Last Waltz: Hakudaku Mamire no Natsu Gasshuku,Hentai,OVA,2,2748
2819,5680,7,K-On!,"Comedy, Music, School, Slice of Life",TV,13,386048
33848,9919,6,Ao no Exorcist,"Action, Demons, Fantasy, Shounen, Supernatural",TV,25,583823
7114,322,8,Paradise Kiss,"Comedy, Drama, Josei, Romance, Slice of Life",TV,12,86380
10655,62,-1,D.C.: Da Capo,"Drama, Harem, Magic, Romance",TV,26,49909
38362,13759,8,Sakurasou no Pet na Kanojo,"Comedy, Drama, Romance, School, Slice of Life",TV,24,380375
41510,2167,8,Clannad,"Comedy, Drama, Romance, School, Slice of Life, Supernatural",TV,23,566690
60172,793,8,xxxHOLiC Movie: Manatsu no Yoru no Yume,"Comedy, Drama, Mystery, Psychological, Supernatural",Movie,1,41547
40693,20939,10,"Ore no Nounai Sentakushi ga, Gakuen Love Comedy wo Zenryoku de Jama Shiteiru OVA","Comedy, Romance, School",OVA,1,35583
37007,16894,9,Kuroko no Basket 2nd Season,"Comedy, School, Shounen, Sports",TV,25,243325
50470,1313,8,Digimon Adventure 02,"Action, Adventure, Comedy, Drama, Fantasy, Kids",TV,50,120268
5874,9989,8,Ano Hi Mita Hana no Namae wo Bokutachi wa Mada Shiranai.,"Drama, Slice of Life, Supernatural",TV,11,463835
6366,31043,8,Boku dake ga Inai Machi,"Mystery, Psychological, Seinen, Supernatural",TV,12,402381
43529,721,8,Princess Tutu,"Comedy, Fantasy, Magic, Romance",TV,38,73218
69441,18897,-1,Nisekoi,"Comedy, Harem, Romance, School, Shounen",TV,20,347599
52662,9656,9,Kimi ni Todoke 2nd Season,"Romance, School, Shoujo, Slice of Life",TV,12,171866
15595,11843,8,Danshi Koukousei no Nichijou,"Comedy, School, Shounen, Slice of Life",TV,12,258914
53968,25879,10,Working!!!,"Comedy, Romance, Slice of Life",TV,13,80763
53888,121,7,Fullmetal Alchemist,"Action, Adventure, Comedy, Drama, Fantasy, Magic, Military, Shounen",TV,51,600384
60387,4280,8,Kara no Kyoukai 4: Garan no Dou,"Action, Mystery, Supernatural, Thriller",Movie,1,103600
18311,19775,6,Sidonia no Kishi,"Action, Mecha, Sci-Fi, Seinen, Space",TV,12,118341
6039,841,5,Colorful,"Comedy, Ecchi, Slice of Life",TV,16,13960
17088,23277,8,Saenai Heroine no Sodatekata,"Comedy, Ecchi, Harem, Romance, School",TV,12,155795
4285,12367,5,Shining Hearts: Shiawase no Pan,"Action, Fantasy",TV,12,27273
65747,4719,-1,Queen&#039;s Blade: Rurou no Senshi,"Action, Adventure, Ecchi, Fantasy",TV,12,51170
13063,24415,6,Kuroko no Basket 3rd Season,"Comedy, School, Shounen, Sports",TV,25,184525
53141,3420,-1,Shigofumi,"Drama, Fantasy, Psychological, Supernatural, Thriller",TV,12,54000
72423,20649,7,Kimi no Iru Machi OVA,"Drama, Romance, Slice of Life",OVA,2,9866
6797,284,7,Area 88 (TV),"Action, Drama, Military, Romance, Shounen",TV,12,7563
57082,2891,7,Iblard Jikan,Fantasy,OVA,1,11116
30274,372,9,Cardcaptor Sakura Movie 2: Fuuin Sareta Card,"Comedy, Drama, Fantasy, Magic, Romance, Shoujo",Movie,1,60637
25548,7338,9,Darker than Black: Kuro no Keiyakusha Gaiden,"Action, Mystery, Sci-Fi, Super Power",Special,4,136135
2758,10378,7,Shinryaku!? Ika Musume,"Comedy, Shounen, Slice of Life",TV,12,45613
23879,28623,9,Koutetsujou no Kabaneri,"Action, Drama, Fantasy, Horror",TV,12,253027
73277,1840,10,Zero no Tsukaima: Futatsuki no Kishi,"Action, Adventure, Comedy, Ecchi, Fantasy, Harem, Magic, Romance, School",TV,12,235684
63618,6547,6,Angel Beats!,"Action, Comedy, Drama, School, Supernatural",TV,13,717796
198,28619,-1,Ranpo Kitan: Game of Laplace,Mystery,TV,11,66777
59729,762,-1,Bleach: Memories in the Rain,"Action, Adventure, Drama, Shounen, Supernatural",Special,1,78111
41185,59,-1,Chobits,"Comedy, Drama, Ecchi, Romance, Sci-Fi, Seinen",TV,26,266846
1359,12859,10,One Piece Film: Z,"Action, Adventure, Comedy, Drama, Fantasy, Shounen",Movie,1,76051
46163,43,6,Ghost in the Shell,"Action, Mecha, Police, Psychological, Sci-Fi, Seinen",Movie,1,223036
7137,451,10,InuYasha: Tenka Hadou no Ken,"Adventure, Comedy, Demons, Drama, Fantasy, Historical, Romance, Shounen, Supernatural",Movie,1,51079
65382,193,-1,Maburaho,"Comedy, Drama, Ecchi, Harem, Magic, Romance, School",TV,24,61004
18658,12189,8,Hyouka,"Mystery, School, Slice of Life",TV,22,372246
44206,4654,10,Toaru Majutsu no Index,"Action, Magic, Sci-Fi, Super Power",TV,24,313114
40992,14467,6,K,"Action, Super Power, Supernatural",TV,13,297051
60882,534,9,Slayers,"Adventure, Comedy, Demons, Fantasy, Magic",TV,26,73476
33614,5784,10,Ai no Kusabi (2012),"Drama, Romance, Sci-Fi, Yaoi",OVA,4,17943
66802,1575,8,Code Geass: Hangyaku no Lelouch,"Action, Mecha, Military, School, Sci-Fi, Super Power",TV,25,715151
11596,1240,8,Bishoujo Senshi Sailor Moon SuperS: Sailor 9 Senshi Shuuketsu! Black Dream Hole no Kiseki,"Drama, Magic, Shoujo",Movie,1,24968
27222,4898,10,Kuroshitsuji,"Action, Comedy, Demons, Fantasy, Historical, Shounen, Supernatural",TV,24,424919
51194,408,8,Final Fantasy VII: Last Order,"Action, Adventure, Drama, Fantasy, Sci-Fi",OVA,1,48041
23669,8101,6,HenSemi,"Comedy, Ecchi, Seinen",OVA,2,19029
49553,467,10,Ghost in the Shell: Stand Alone Complex,"Action, Mecha, Military, Police, Sci-Fi, Seinen",TV,26,194491
2709,6880,7,Deadman Wonderland,"Action, Horror, Sci-Fi",TV,12,453454
18544,6682,5,11eyes,"Action, Ecchi, Super Power, Supernatural",TV,12,133971
39976,27655,8,Aldnoah.Zero 2nd Season,"Action, Mecha, Sci-Fi, Space",TV,12,149364
69237,30240,9,Prison School,"Comedy, Ecchi, Romance, School, Seinen",TV,12,227734
5598,190,-1,Love Hina Again,"Comedy, Drama, Ecchi, Romance, Shounen",OVA,3,61154
24648,11433,9,Ano Natsu de Matteru,"Comedy, Drama, Romance, Sci-Fi, Slice of Life",TV,12,169718
7340,8795,7,Panty &amp; Stocking with Garterbelt,"Action, Comedy, Ecchi, Parody, Supernatural",TV,13,157642
33290,1840,6,Zero no Tsukaima: Futatsuki no Kishi,"Action, Adventure, Comedy, Ecchi, Fantasy, Harem, Magic, Romance, School",TV,12,235684
282,10460,9,Kimi to Boku.,"Comedy, Drama, Romance, School, Shounen, Slice of Life",TV,13,86196
28220,4898,7,Kuroshitsuji,"Action, Comedy, Demons, Fantasy, Historical, Shounen, Supernatural",TV,24,424919
71225,10687,1,Saint Seiya: Legend of Sanctuary,"Adventure, Fantasy, Sci-Fi, Shounen",Movie,1,10776
33715,10073,7,Seikon no Qwaser II,"Action, Ecchi, Seinen, Super Power, Supernatural",TV,12,64168
11855,10719,8,Boku wa Tomodachi ga Sukunai,"Comedy, Ecchi, Harem, Romance, School, Seinen, Slice of Life",TV,12,325664
49408,31338,9,Hundred,"Action, Ecchi, Harem, Mecha, Romance, School, Sci-Fi",TV,12,92396
60391,7148,8,Ladies versus Butlers!,"Comedy, Ecchi, Harem, Romance, School, Seinen",TV,12,94820
68906,12431,10,Uchuu Kyoudai,"Comedy, Sci-Fi, Seinen, Slice of Life, Space",TV,99,72958
28990,419,7,Samurai Deeper Kyou,"Adventure, Comedy, Historical, Shounen, Supernatural",TV,26,38580
30092,7817,7,B Gata H Kei,"Comedy, Ecchi, Romance, School, Seinen",TV,12,192719
48402,1335,9,Ghost in the Shell: Stand Alone Complex - Tachikoma na Hibi,"Comedy, Mecha, Sci-Fi",Special,26,18178
36997,1198,-1,Tsuyokiss,"Comedy, Romance, School, Slice of Life",TV,12,13680
59841,6980,8,Kaidan Restaurant,"Horror, Kids, Mystery, Supernatural",TV,23,9994
27766,15487,-1,Kuroko no Basket NG-shuu,"Comedy, School, Shounen, Sports",Special,9,32215
41524,1519,9,Black Lagoon: The Second Barrage,"Action, Seinen",TV,12,203233
2101,853,9,Ouran Koukou Host Club,"Comedy, Harem, Romance, School, Shoujo",TV,26,422271
5766,5832,4,Tiger Mask Nisei,"Action, Drama, Sports",TV,33,2225
23486,6325,5,Naruto: Shippuuden Movie 3 - Hi no Ishi wo Tsugu Mono,"Action, Comedy, Martial Arts, Shounen, Super Power",Movie,1,83515
42826,223,8,Dragon Ball,"Adventure, Comedy, Fantasy, Martial Arts, Shounen, Super Power",TV,153,316102
21429,4382,1,Suzumiya Haruhi no Yuuutsu (2009),"Comedy, Mystery, Parody, Romance, School, Sci-Fi, Slice of Life",TV,14,243448
59977,869,7,Slayers Return,"Adventure, Comedy, Fantasy, Magic, Shounen",Movie,1,12909
6599,1887,-1,Lucky☆Star,"Comedy, Parody, School, Slice of Life",TV,24,305837
15623,14345,8,Btooom!,"Action, Psychological, Sci-Fi, Seinen",TV,12,329561
71407,14227,-1,Tonari no Kaibutsu-kun,"Comedy, Romance, School, Shoujo, Slice of Life",TV,13,349836
38455,5060,9,Hetalia Axis Powers,"Comedy, Historical, Parody",ONA,52,144898
14297,31741,7,Magi: Sinbad no Bouken (TV),"Action, Adventure, Fantasy, Magic, Shounen",TV,13,73480
27600,27831,5,Durarara!!x2 Ten,"Action, Mystery, Supernatural",TV,12,132506
57503,20973,7,Sekai Seifuku: Bouryaku no Zvezda,"Action, Comedy, Fantasy",TV,12,67877
25563,840,7,Narue no Sekai,"Comedy, Romance, Sci-Fi",TV,12,11544
788,10589,8,Naruto: Shippuuden Movie 5 - Blood Prison,"Action, Adventure, Martial Arts, Mystery, Shounen, Super Power",Movie,1,75660
73075,1764,7,Slam Dunk (Movie),"Comedy, Drama, School, Shounen, Slice of Life, Sports",Movie,1,8750
59056,2508,8,Genshiken 2,"Comedy, Parody, Slice of Life",TV,12,55825
44316,2476,5,School Days,"Drama, Harem, Romance, School",TV,12,279183
12415,24455,6,Madan no Ou to Vanadis,"Adventure, Ecchi, Fantasy, Harem, Romance",TV,13,114612
60307,259,10,Happy☆Lesson,"Comedy, Harem, Romance, School",OVA,5,8067
39921,2064,4,Gall Force: Chikyuu Shou,"Action, Mecha, Military, Sci-Fi",OVA,3,1098
63114,14227,8,Tonari no Kaibutsu-kun,"Comedy, Romance, School, Shoujo, Slice of Life",TV,13,349836
72915,5114,10,Fullmetal Alchemist: Brotherhood,"Action, Adventure, Drama, Fantasy, Magic, Military, Shounen",TV,64,793665
51327,855,8,Strawberry Panic,"Drama, Romance, School, Shoujo Ai",TV,26,72790
67839,154,7,Shaman King,"Action, Adventure, Comedy, Drama, Shounen, Supernatural",TV,64,169517
73350,2946,-1,Angel Core: Tenshi-tachi no Sumika,"Action, Hentai, Historical, Mecha, Military",OVA,2,3072
58967,8536,6,Fortune Arterial: Akai Yakusoku,"Comedy, Romance, School, Supernatural, Vampire",TV,12,71285
49839,1698,8,Nodame Cantabile,"Comedy, Drama, Josei, Music, Romance, Slice of Life",TV,23,157025
65931,822,8,Initial D Extra Stage,"Action, Cars, Drama, Seinen, Sports",OVA,2,15363
20290,23837,6,Meisou! Underworld,"Action, Supernatural, Thriller",ONA,1,1456
61599,3907,9,Ginga Sengoku Gunyuuden Rai,"Adventure, Romance, Sci-Fi, Shounen, Space",TV,52,5308
55582,9731,7,Nurarihyon no Mago Recaps,"Action, Demons, Shounen, Supernatural",Special,2,9781
21832,3457,4,Vampire Knight,"Drama, Mystery, Romance, Shoujo, Supernatural, Vampire",TV,13,286826
48417,853,-1,Ouran Koukou Host Club,"Comedy, Harem, Romance, School, Shoujo",TV,26,422271
47889,53,10,Ai Yori Aoshi,"Comedy, Drama, Harem, Romance, Slice of Life",TV,24,66597
66021,607,-1,Otogi Juushi Akazukin,"Adventure, Comedy, Fantasy",TV,39,3847
36317,934,-1,Higurashi no Naku Koro ni,"Horror, Mystery, Psychological, Supernatural, Thriller",TV,26,359494
14844,226,9,Elfen Lied,"Action, Drama, Horror, Psychological, Romance, Seinen, Supernatural",TV,13,623511
65108,16011,6,Tokyo Ravens,"Comedy, School, Shounen, Super Power, Supernatural",TV,24,171384
4137,22057,7,"Inari, Konkon, Koi Iroha.: Inari, Konkon, Semishigure.","Comedy, Romance, Seinen, Supernatural",OVA,1,12930
54077,101,9,Air,"Drama, Romance, Slice of Life, Supernatural",TV,13,188861
73086,1632,7,Shintaisou: Shin,"Hentai, School",OVA,2,2787
50341,18139,-1,Tonari no Seki-kun,"Comedy, School, Seinen",TV,21,82568
66510,22547,7,Blade &amp; Soul,"Action, Adventure, Fantasy, Martial Arts",TV,13,72692
63169,15117,6,Kami nomi zo Shiru Sekai: Tenri-hen,"Comedy, Harem, Romance, Shounen, Supernatural",OVA,2,68623
22278,6768,8,Code Geass: Hangyaku no Lelouch R2 Special Edition Zero Requiem,"Action, Mecha, Military, Super Power",OVA,1,23204
16795,31859,7,Hai to Gensou no Grimgar,"Action, Adventure, Drama, Fantasy",TV,12,213342
70548,32013,6,Oshiete! Galko-chan,"Comedy, School, Slice of Life",TV,12,45778
16511,1818,7,Claymore,"Action, Adventure, Demons, Fantasy, Shounen, Super Power, Supernatural",TV,26,316853
39640,2993,5,Rosario to Vampire,"Comedy, Ecchi, Fantasy, Harem, Romance, School, Shounen, Vampire",TV,13,299278
66677,9041,4,IS: Infinite Stratos,"Action, Comedy, Harem, Mecha, Sci-Fi",TV,12,254543
32411,11597,8,Nisemonogatari,"Comedy, Mystery, Supernatural",TV,11,260062
26129,1519,8,Black Lagoon: The Second Barrage,"Action, Seinen",TV,12,203233
25691,23283,10,Zankyou no Terror,"Psychological, Thriller",TV,11,342893
42830,13759,10,Sakurasou no Pet na Kanojo,"Comedy, Drama, Romance, School, Slice of Life",TV,24,380375
44591,7662,-1,Shinrei Tantei Yakumo,"Horror, Mystery, Shoujo, Supernatural",TV,13,78952
37529,4181,9,Clannad: After Story,"Drama, Fantasy, Romance, Slice of Life, Supernatural",TV,24,456749
26410,5671,9,Saki,"Game, School, Slice of Life",TV,25,55970
8815,13807,8,Corpse Party: Missing Footage,"Horror, School",OVA,1,57507
22074,97,8,Last Exile,"Action, Adventure, Sci-Fi",TV,26,104193
68619,6880,7,Deadman Wonderland,"Action, Horror, Sci-Fi",TV,12,453454
3243,22789,10,Barakamon,"Comedy, Slice of Life",TV,12,225927
33925,527,10,Pokemon,"Action, Adventure, Comedy, Fantasy, Kids",TV,276,229157
49900,23281,8,Psycho-Pass 2,"Action, Police, Psychological, Sci-Fi",TV,11,228435
71409,24703,-1,High School DxD BorN,"Action, Comedy, Demons, Ecchi, Harem, Romance, School",TV,12,192171
48949,9919,-1,Ao no Exorcist,"Action, Demons, Fantasy, Shounen, Supernatural",TV,25,583823
58603,9289,7,Hanasaku Iroha,"Comedy, Drama, Seinen, Slice of Life",TV,26,150393
38941,4472,4,Lucky☆Star: Original na Visual to Animation,"Comedy, Parody, School, Slice of Life",OVA,1,84833
48310,14189,9,Tasogare Otome x Amnesia: Taima Otome,"Horror, Mystery, Romance, School, Shounen, Supernatural",Special,1,38176
30054,8074,9,Highschool of the Dead,"Action, Ecchi, Horror, Supernatural",TV,12,535892
72800,416,7,Kurenai no Buta,"Action, Adventure, Comedy, Drama, Historical, Military, Romance",Movie,1,74028
72306,32268,8,Koyomimonogatari,"Comedy, Mystery, Supernatural",ONA,12,45632
22471,7082,-1,Shugo Chara! Party!,"Comedy, Magic, School, Shoujo",TV,25,41469
23247,7266,6,Binkan Athlete,Hentai,OVA,1,3537
11316,2167,7,Clannad,"Comedy, Drama, Romance, School, Slice of Life, Supernatural",TV,23,566690
8308,16894,8,Kuroko no Basket 2nd Season,"Comedy, School, Shounen, Sports",TV,25,243325
29498,30901,7,Utawarerumono: Itsuwari no Kamen,"Action, Drama, Fantasy",TV,25,55851
17803,27655,9,Aldnoah.Zero 2nd Season,"Action, Mecha, Sci-Fi, Space",TV,12,149364
65287,10213,-1,Maji de Watashi ni Koi Shinasai!,"Comedy, Ecchi, Harem, Martial Arts, Romance, School, Super Power",TV,12,116683
18226,5940,8,Seiken no Blacksmith,"Action, Adventure, Fantasy",TV,12,81738
60743,10172,10,Freezing Specials,"Action, Comedy, Ecchi",Special,6,28125
64658,19685,8,Kanojo ga Flag wo Oraretara,"Comedy, Harem, Romance, School",TV,13,74634
52183,1462,7,Memories,"Drama, Horror, Psychological, Sci-Fi",Movie,3,38643
51270,8728,8,Code Geass: Hangyaku no Lelouch - Kiseki no Birthday Picture Drama,"School, Supernatural",Special,1,18422
51650,934,10,Higurashi no Naku Koro ni,"Horror, Mystery, Psychological, Supernatural, Thriller",TV,26,359494
24508,4063,8,Sekirei,"Action, Comedy, Ecchi, Harem, Super Power",TV,12,182713
5516,9793,5,Senjou no Valkyria 3: Tagatame no Juusou,"Action, Fantasy, Military",OVA,2,9847
5165,3656,-1,Monochrome Factor,"Action, Shounen Ai, Supernatural",TV,24,36517
33578,164,8,Mononoke Hime,"Action, Adventure, Fantasy",Movie,1,339556
70694,431,10,Howl no Ugoku Shiro,"Adventure, Drama, Fantasy, Romance",Movie,1,333186
59487,990,-1,Kamisama Kazoku,"Comedy, Drama, Fantasy, Romance",TV,13,32828
10718,1210,10,NHK ni Youkoso!,"Comedy, Drama, Psychological, Romance",TV,24,291228
34543,5630,10,Higashi no Eden,"Action, Comedy, Drama, Mystery, Romance, Sci-Fi, Thriller",TV,11,276593
20420,20853,10,Hitsugi no Chaika,"Action, Adventure, Comedy, Fantasy, Romance, Shounen",TV,12,164510
72566,13601,10,Psycho-Pass,"Action, Police, Psychological, Sci-Fi",TV,22,509109
31979,25437,-1,Brothers Conflict OVA,"Harem, Romance, Shoujo",OVA,2,10286
73061,11285,7,Black★Rock Shooter (TV),"Action, Drama, School, Slice of Life",TV,8,198991
32383,10165,9,Nichijou,"Comedy, School, Slice of Life",TV,26,254436
5470,59,8,Chobits,"Comedy, Drama, Ecchi, Romance, Sci-Fi, Seinen",TV,26,266846
68569,21843,10,Shingeki no Bahamut: Genesis,"Action, Adventure, Demons, Fantasy, Magic, Supernatural",TV,12,143701
19947,9790,7,Sora no Otoshimono: Tokeijikake no Angeloid,"Comedy, Drama, Ecchi, Harem, Romance, Sci-Fi, Shounen, Supernatural",Movie,1,70391
12369,9202,-1,Seikon no Qwaser: Jotei no Shouzou,"Action, Ecchi, Seinen, Super Power, Supernatural",OVA,1,14605
48022,8074,10,Highschool of the Dead,"Action, Ecchi, Horror, Supernatural",TV,12,535892
41516,5680,8,K-On!,"Comedy, Music, School, Slice of Life",TV,13,386048
23276,637,5,Iketeru Futari,"Comedy, Ecchi, Romance, School, Seinen",TV,16,11933
27036,11111,8,Another,"Horror, Mystery, School, Supernatural, Thriller",TV,12,534657
6932,11227,7,Rinne no Lagrange,"Action, Comedy, Mecha, Sci-Fi",TV,12,41486
69607,9919,8,Ao no Exorcist,"Action, Demons, Fantasy, Shounen, Supernatural",TV,25,583823
29885,18115,9,Magi: The Kingdom of Magic,"Action, Adventure, Fantasy, Magic, Shounen",TV,25,245026
52470,2961,-1,Digimon Adventure Movie,"Action, Fantasy, Kids, Sci-Fi",Movie,1,60753
72917,10589,-1,Naruto: Shippuuden Movie 5 - Blood Prison,"Action, Adventure, Martial Arts, Mystery, Shounen, Super Power",Movie,1,75660
26518,2904,10,Code Geass: Hangyaku no Lelouch R2,"Action, Drama, Mecha, Military, Sci-Fi, Super Power",TV,25,572888
37522,20159,10,Pokemon: The Origin,"Action, Adventure, Comedy, Fantasy, Kids",Special,4,85947
30597,828,7,Jinshin Yuugi,Hentai,OVA,2,1127
8044,4382,10,Suzumiya Haruhi no Yuuutsu (2009),"Comedy, Mystery, Parody, Romance, School, Sci-Fi, Slice of Life",TV,14,243448
58115,1303,7,The Animatrix,"Action, Drama, Sci-Fi",OVA,9,42831
7345,9938,7,Ikoku Meiro no Croisée The Animation,"Historical, Seinen, Slice of Life",TV,12,38652
25452,11703,-1,Code:Breaker,"Action, Comedy, School, Shounen, Super Power, Supernatural",TV,13,135255
31911,10681,6,Blood-C: The Last Dark,"Action, Horror, Supernatural, Vampire",Movie,1,37925
43881,10568,10,Kamisama no Memochou,Mystery,TV,12,130502
9280,22539,10,"One More Time, One More Chance","Drama, Music, Romance, Slice of Life",Music,1,5660
39459,2129,8,True Tears,"Drama, Romance, School",TV,13,118644
51062,5681,10,Summer Wars,"Comedy, Sci-Fi",Movie,1,223359
11339,12467,7,Nazo no Kanojo X,"Ecchi, Romance, School, Seinen",TV,13,99788
56719,30503,9,Noragami Aragoto,"Action, Adventure, Shounen, Supernatural",TV,13,299434
20178,11266,8,Ao no Exorcist: Kuro no Iede,"Action, Demons, Fantasy, Shounen, Supernatural",Special,1,59755
34514,19163,7,Date A Live II,"Comedy, Harem, Mecha, Romance, School, Sci-Fi",TV,10,186187
17205,8074,7,Highschool of the Dead,"Action, Ecchi, Horror, Supernatural",TV,12,535892
26568,6007,7,Ookami to Koushinryou II: Ookami to Kohakuiro no Yuuutsu,"Fantasy, Historical, Romance",OVA,1,81137
813,6045,9,Kimi ni Todoke,"Romance, School, Shoujo, Slice of Life",TV,25,309339
26533,202,6,Wolf&#039;s Rain,"Action, Adventure, Drama, Fantasy, Mystery, Sci-Fi",TV,26,171863
64554,1238,-1,One Piece: Mamore! Saigo no Dai Butai,"Adventure, Comedy, Fantasy, Shounen",Special,1,16495
27295,15809,-1,Hataraku Maou-sama!,"Comedy, Demons, Fantasy, Romance, Shounen",TV,13,409037
72960,16011,7,Tokyo Ravens,"Comedy, School, Shounen, Super Power, Supernatural",TV,24,171384
61257,1829,9,Gedo Senki,"Adventure, Fantasy, Magic",Movie,1,59243
64607,2759,-1,Evangelion: 1.0 You Are (Not) Alone,"Action, Mecha, Sci-Fi",Movie,1,194561
35285,11617,6,High School DxD,"Comedy, Demons, Ecchi, Harem, Romance, School",TV,12,398660
58087,2164,6,Dennou Coil,"Adventure, Comedy, Drama, Mystery, Sci-Fi",TV,26,76860
23676,4789,-1,ef: A Tale of Melodies.,"Drama, Mystery, Romance, Supernatural",TV,12,103657
42161,13367,9,"Kono Naka ni Hitori, Imouto ga Iru!","Comedy, Ecchi, Harem, Mystery, Romance, School, Seinen",TV,12,92252
56401,31964,-1,Boku no Hero Academia,"Action, Comedy, School, Shounen, Super Power",TV,13,282002
29991,3782,-1,Kara no Kyoukai 2: Satsujin Kousatsu (Zen),"Action, Mystery, Romance, Supernatural, Thriller",Movie,1,114415
12228,9253,10,Steins;Gate,"Sci-Fi, Thriller",TV,24,673572
36176,22199,10,Akame ga Kill!,"Action, Adventure, Fantasy",TV,24,492133
63447,28171,8,Shokugeki no Souma,"Ecchi, School, Shounen",TV,24,348951
57035,288,-1,Bakuten Shoot Beyblade,"Action, Adventure, Comedy, Sci-Fi, Shounen, Sports",TV,51,49467
18102,4469,2,.hack//G.U. Trilogy: Parody Mode,"Comedy, Fantasy, Game, Parody, Sci-Fi",Special,1,7952
64414,150,8,Blood+,"Action, Drama, Horror, Military, Mystery, Supernatural, Vampire",TV,50,208321
9719,732,-1,Vampire Hunter D,"Action, Horror, Sci-Fi, Supernatural, Vampire",Movie,1,42377
3695,21185,7,Baby Steps,"Romance, School, Shounen, Sports",TV,25,59818
61204,3470,10,Special A,"Comedy, Romance, School, Shoujo",TV,24,173603
27997,6,9,Trigun,"Action, Comedy, Sci-Fi",TV,26,283069
5672,686,-1,To Heart: Remember My Memories Specials,"Comedy, Martial Arts, Parody, Samurai, Sci-Fi, Super Power",Special,7,2198
8226,10477,8,Haiyoru! Nyaruani: Remember My Love(craft-sensei) Special,"Comedy, Sci-Fi",Special,1,8434
27933,21353,10,Tokyo ESP,"Action, Comedy, Sci-Fi, Shounen, Super Power, Supernatural",TV,12,95168
51947,12373,-1,Star☆Jewel,"Hentai, Yuri",OVA,1,2430
49305,4224,9,Toradora!,"Comedy, Romance, School, Slice of Life",TV,25,633817
71413,16706,9,Kami nomi zo Shiru Sekai: Megami-hen,"Comedy, Harem, Romance, Shounen, Supernatural",TV,12,142612
17958,14123,8,Pokemon Black and White 2: Introduction Movie,"Action, Fantasy, Kids",ONA,1,8554
63814,18247,-1,IS: Infinite Stratos 2,"Action, Comedy, Harem, Mecha, Sci-Fi",TV,12,146979
23294,4835,8,Bleach Movie 3: Fade to Black - Kimi no Na wo Yobu,"Action, Comedy, Shounen, Super Power, Supernatural",Movie,1,122373
5732,19703,7,Kyousou Giga (TV),"Action, Fantasy, Supernatural",TV,10,67732
51028,10087,10,Fate/Zero,"Action, Fantasy, Supernatural",TV,13,453630
7239,4224,9,Toradora!,"Comedy, Romance, School, Slice of Life",TV,25,633817
10217,747,6,Haru wo Daite Ita,"Drama, Romance, Yaoi",OVA,2,15269
33021,2602,7,Kenkou Zenrakei Suieibu Umishou,"Comedy, Ecchi, School, Shounen, Sports",TV,13,25814
47588,1222,9,Bokura ga Ita,"Drama, Romance, Shoujo, Slice of Life",TV,26,125051
3907,11771,7,Kuroko no Basket,"Comedy, School, Shounen, Sports",TV,25,338315
34426,30831,9,Kono Subarashii Sekai ni Shukufuku wo!,"Adventure, Comedy, Fantasy, Supernatural",TV,10,244877
8457,243,7,Gravitation,"Comedy, Music, Romance, Shoujo, Shounen Ai",TV,13,67916
13735,22273,8,Selector Infected WIXOSS,"Game, Psychological",TV,12,80964
1483,12893,8,Danshi Koukousei no Nichijou Specials,"Comedy, School, Shounen, Slice of Life",Special,6,49891
23485,63,9,DearS,"Comedy, Ecchi, Harem, Romance, Sci-Fi",TV,12,91037
67286,10073,4,Seikon no Qwaser II,"Action, Ecchi, Seinen, Super Power, Supernatural",TV,12,64168
41906,6372,-1,Higashi no Eden Movie I: The King of Eden,"Comedy, Drama, Mystery, Romance, Slice of Life, Thriller",Movie,1,101734
16233,30276,-1,One Punch Man,"Action, Comedy, Parody, Sci-Fi, Seinen, Super Power, Supernatural",TV,12,552458
21621,894,-1,Dragon Ball Z Movie 01: Ora no Gohan wo Kaese!!,"Adventure, Comedy, Fantasy, Sci-Fi, Shounen",Movie,1,57623
1325,6573,10,Darker than Black: Ryuusei no Gemini,"Action, Mystery, Sci-Fi, Super Power",TV,12,222243
41480,79,6,Shuffle!,"Comedy, Drama, Ecchi, Fantasy, Harem, Magic, Romance, School, Seinen",TV,24,158772
71573,14527,9,Medaka Box Abnormal,"Action, Comedy, Ecchi, Martial Arts, School, Shounen, Super Power",TV,12,66972
40930,3470,10,Special A,"Comedy, Romance, School, Shoujo",TV,24,173603
28622,15225,8,Hentai Ouji to Warawanai Neko.,"Comedy, Harem, Romance, School, Seinen, Supernatural",TV,12,201735
14763,30296,6,Rakudai Kishi no Cavalry,"Action, Ecchi, Fantasy, Romance, School",TV,12,188685
50672,997,-1,Bishoujo Senshi Sailor Moon S: Kaguya Hime no Koibito,"Adventure, Comedy, Drama, Fantasy, Magic, Romance, Shoujo",Movie,1,29394
39157,14741,10,Chuunibyou demo Koi ga Shitai!,"Comedy, Drama, Romance, School, Slice of Life",TV,12,394399
16009,4472,-1,Lucky☆Star: Original na Visual to Animation,"Comedy, Parody, School, Slice of Life",OVA,1,84833
60431,18277,-1,Strike the Blood,"Action, Ecchi, Fantasy, Harem, School, Shounen, Supernatural, Vampire",TV,24,231387
54442,543,7,Vampire Hunter D (2000),"Action, Drama, Fantasy, Horror, Romance, Sci-Fi, Vampire",Movie,1,68229
8633,2001,10,Tengen Toppa Gurren Lagann,"Action, Adventure, Comedy, Mecha, Sci-Fi",TV,27,562962
7198,2248,5,Naruto: Dai Katsugeki!! Yuki Hime Shinobu Houjou Dattebayo! Special: Konoha Annual Sports Festival,"Action, Comedy, Fantasy, Martial Arts, Shounen, Sports",Special,1,47988
67749,11771,9,Kuroko no Basket,"Comedy, School, Shounen, Sports",TV,25,338315
31216,2002,9,Heroic Age,"Action, Mecha, Military, Sci-Fi, Space",TV,26,62530
50868,2155,5,Kono Aozora ni Yakusoku wo: Youkoso Tsugumi Ryou e,"Harem, Romance, School",TV,13,12622
2634,11933,-1,Oda Nobuna no Yabou,"Comedy, Historical, Romance",TV,12,133216
4619,21431,8,Gokukoku no Brynhildr,"Drama, Mystery, Sci-Fi, Seinen",TV,13,159899
24273,350,-1,Ojamajo Doremi,"Comedy, Magic",TV,51,19222
63052,27991,10,K: Return of Kings,"Action, Super Power, Supernatural",TV,13,114904
22349,9834,9,Level E,"Comedy, Sci-Fi, Shounen",TV,13,55252
50279,20,9,Naruto,"Action, Comedy, Martial Arts, Shounen, Super Power",TV,220,683297
7993,2963,8,Minami-ke,"Comedy, School, Slice of Life",TV,13,105471
926,28623,3,Koutetsujou no Kabaneri,"Action, Drama, Fantasy, Horror",TV,12,253027
18975,15225,7,Hentai Ouji to Warawanai Neko.,"Comedy, Harem, Romance, School, Seinen, Supernatural",TV,12,201735
41722,322,9,Paradise Kiss,"Comedy, Drama, Josei, Romance, Slice of Life",TV,12,86380
53894,31636,8,Dagashi Kashi,"Comedy, Shounen, Slice of Life",TV,12,145468
61760,9874,7,Touhou Niji Sousaku Doujin Anime: Musou Kakyou,"Fantasy, Magic",OVA,2,18305
57066,31478,6,Bungou Stray Dogs,"Action, Comedy, Mystery, Seinen, Supernatural",TV,12,187805
21752,20787,5,Black Bullet,"Action, Mystery, Sci-Fi, Seinen",TV,13,320267
34474,9289,8,Hanasaku Iroha,"Comedy, Drama, Seinen, Slice of Life",TV,26,150393
2750,460,6,One Piece Movie 2: Nejimaki-jima no Daibouken,"Action, Adventure, Comedy, Fantasy, Shounen, Super Power",Movie,1,37792
64225,7655,9,Major S6,"Comedy, Drama, Sports",TV,25,24788
870,59,-1,Chobits,"Comedy, Drama, Ecchi, Romance, Sci-Fi, Seinen",TV,26,266846
7220,793,10,xxxHOLiC Movie: Manatsu no Yoru no Yume,"Comedy, Drama, Mystery, Psychological, Supernatural",Movie,1,41547
53541,417,7,Ragnarök the Animation,"Action, Fantasy, Magic",TV,26,32711
35928,449,6,InuYasha: Guren no Houraijima,"Adventure, Comedy, Demons, Drama, Historical, Romance, Shounen, Supernatural",Movie,1,50008
56108,7593,7,Kiss x Sis (TV),"Comedy, Ecchi, Harem, Romance, School, Seinen",TV,12,215361
29321,3712,8,Zero no Tsukaima: Princesses no Rondo,"Action, Adventure, Comedy, Ecchi, Fantasy, Harem, Magic, Romance, School",TV,12,210891
67603,4037,-1,Cowboy Bebop: Yose Atsume Blues,"Action, Adventure, Comedy, Drama, Sci-Fi, Space",Special,1,19565
13298,3455,8,To LOVE-Ru,"Comedy, Ecchi, Harem, Romance, School, Sci-Fi",TV,26,237563
29226,121,10,Fullmetal Alchemist,"Action, Adventure, Comedy, Drama, Fantasy, Magic, Military, Shounen",TV,51,600384
67571,3615,5,Neo Angelique Abyss,"Comedy, Fantasy, Harem, Romance, Shoujo",TV,13,24149
11213,770,8,Pale Cocoon,"Drama, Sci-Fi",OVA,1,44030
28832,12413,-1,Jormungand,"Action, Adventure, Seinen",TV,12,137610
70017,6882,6,Hatsukoi Limited: Gentei Shoujo,"Comedy, Ecchi, School, Shounen",Special,6,11716
17149,25013,7,Akatsuki no Yona,"Action, Adventure, Comedy, Fantasy, Romance, Shoujo",TV,24,216674
72597,4224,8,Toradora!,"Comedy, Romance, School, Slice of Life",TV,25,633817
29104,889,10,Black Lagoon,"Action, Seinen",TV,12,332562
69436,1686,8,Bleach Movie 1: Memories of Nobody,"Action, Adventure, Super Power",Movie,1,151598
139,552,8,Digimon Adventure,"Action, Adventure, Comedy, Fantasy, Kids",TV,54,182208
62998,11111,5,Another,"Horror, Mystery, School, Supernatural, Thriller",TV,12,534657
57369,1349,-1,A.D. Police (TV),"Action, Mecha, Sci-Fi, Shounen",TV,12,5547
26845,30503,8,Noragami Aragoto,"Action, Adventure, Shounen, Supernatural",TV,13,299434
14719,2476,7,School Days,"Drama, Harem, Romance, School",TV,12,279183
48112,20853,7,Hitsugi no Chaika,"Action, Adventure, Comedy, Fantasy, Romance, Shounen",TV,12,164510
39763,1535,10,Death Note,"Mystery, Police, Psychological, Supernatural, Thriller",TV,37,1013917
49726,21339,6,Psycho-Pass Movie,"Action, Military, Police, Sci-Fi",Movie,1,94677
28826,781,-1,Detective Conan Movie 03: The Last Wizard of the Century,"Adventure, Comedy, Mystery, Police, Shounen",Movie,1,26799
29061,8074,9,Highschool of the Dead,"Action, Ecchi, Horror, Supernatural",TV,12,535892
26171,953,6,Jyu Oh Sei,"Action, Adventure, Drama, Mystery, Sci-Fi, Shoujo",TV,11,44766
30304,14467,8,K,"Action, Super Power, Supernatural",TV,13,297051
32770,1261,7,Kyattou Ninden Teyandee,"Action, Comedy, Mecha, Sci-Fi, Shounen, Super Power",TV,54,7112
67895,7655,8,Major S6,"Comedy, Drama, Sports",TV,25,24788
51115,384,8,Gantz,"Action, Drama, Horror, Psychological, Sci-Fi, Supernatural",TV,13,165335
1622,4550,-1,Hyakko,"Comedy, School, Slice of Life",TV,13,33112
38077,4224,9,Toradora!,"Comedy, Romance, School, Slice of Life",TV,25,633817
35691,17074,-1,Monogatari Series: Second Season,"Comedy, Mystery, Romance, Supernatural, Vampire",TV,26,205959
33826,30,-1,Neon Genesis Evangelion,"Action, Dementia, Drama, Mecha, Psychological, Sci-Fi",TV,26,461946
40915,32,9,Neon Genesis Evangelion: The End of Evangelion,"Dementia, Drama, Mecha, Psychological, Sci-Fi",Movie,1,215630
11368,20899,9,JoJo no Kimyou na Bouken: Stardust Crusaders,"Action, Adventure, Drama, Shounen, Supernatural",TV,24,120089
48756,27989,-1,Hibike! Euphonium,"Drama, Music, School",TV,13,134694
52498,478,8,Sousei no Aquarion,"Action, Mecha, Romance, Sci-Fi, Super Power, Supernatural",TV,26,46647
23282,10456,8,Kyoukaisenjou no Horizon,"Action, Fantasy",TV,13,90977
10500,658,7,Touhai Densetsu Akagi: Yami ni Maiorita Tensai,"Game, Psychological, Seinen, Thriller",TV,26,48127
25882,1303,-1,The Animatrix,"Action, Drama, Sci-Fi",OVA,9,42831
61500,3901,10,Baccano! Specials,"Action, Comedy, Historical, Mystery, Seinen, Supernatural",Special,3,100412
28699,246,-1,Groove Adventure Rave,"Adventure, Comedy, Fantasy, Romance, Shounen",TV,51,56353
51689,18679,5,Kill la Kill,"Action, Comedy, School, Super Power",TV,24,508118
31545,762,-1,Bleach: Memories in the Rain,"Action, Adventure, Drama, Shounen, Supernatural",Special,1,78111
54118,23551,5,Choboraunyopomi Gekijou Dai Ni Maku Ai Mai Mii: Mousou Catastrophe,"Comedy, Slice of Life",TV,12,6220
40128,11499,8,Sankarea,"Comedy, Ecchi, Horror, Romance, Shounen, Supernatural",TV,12,222657
6964,50,8,Aa! Megami-sama! (TV),"Comedy, Magic, Romance, Seinen, Supernatural",TV,24,96694
34636,2159,8,Ookiku Furikabutte,"Comedy, Sports",TV,25,49599
10551,854,5,Soul Link,"Action, Adventure, Comedy, Military, Romance, Sci-Fi, Space",TV,12,14641
12560,19429,9,Akuma no Riddle,"Action, School, Shoujo Ai",TV,12,127641
59587,11761,6,Medaka Box,"Action, Comedy, Ecchi, Martial Arts, School, Shounen, Super Power",TV,12,110042
52737,1101,8,Tenchi Muyou! Manatsu no Eve,"Action, Comedy, Sci-Fi, Shounen, Space",Movie,1,10523
25009,6747,-1,Dance in the Vampire Bund,"Action, Supernatural, Vampire",TV,12,121005
25633,71,10,Full Metal Panic!,"Action, Comedy, Mecha, Military, Sci-Fi",TV,24,256325
13796,15809,8,Hataraku Maou-sama!,"Comedy, Demons, Fantasy, Romance, Shounen",TV,13,409037
56994,31181,10,Owarimonogatari,"Comedy, Mystery, Supernatural",TV,12,107855
120,391,9,Tales of Phantasia The Animation,"Adventure, Fantasy, Shounen",OVA,4,16455
67282,24,7,School Rumble,"Comedy, Romance, School, Shounen",TV,26,178553
22198,13939,8,Accel World EX,"Action, Game, Romance, School, Sci-Fi",OVA,2,61198
59516,13377,6,Recorder to Randoseru Re♪,"Comedy, School, Seinen, Slice of Life",TV,13,17283
2066,12355,8,Ookami Kodomo no Ame to Yuki,"Fantasy, Slice of Life",Movie,1,226193
14998,12461,9,Hiiro no Kakera,"Fantasy, Romance, Shoujo, Supernatural",TV,13,55031
58774,11266,7,Ao no Exorcist: Kuro no Iede,"Action, Demons, Fantasy, Shounen, Supernatural",Special,1,59755
53686,2034,6,Lovely★Complex,"Comedy, Romance, Shoujo",TV,24,235003
24217,2154,9,Tekkon Kinkreet,"Action, Adventure, Psychological, Supernatural",Movie,1,46018
27186,2104,8,Seto no Hanayome,"Comedy, Parody, Romance, School",TV,26,165008
45057,2236,7,Toki wo Kakeru Shoujo,"Adventure, Drama, Romance, Sci-Fi",Movie,1,289206
23036,13759,9,Sakurasou no Pet na Kanojo,"Comedy, Drama, Romance, School, Slice of Life",TV,24,380375
11332,19,-1,Monster,"Drama, Horror, Mystery, Police, Psychological, Seinen, Thriller",TV,74,247562
8032,22729,8,Aldnoah.Zero,"Action, Mecha, Sci-Fi",TV,12,244193
38536,30503,8,Noragami Aragoto,"Action, Adventure, Shounen, Supernatural",TV,13,299434
66087,106,8,Hana yori Dango,"Drama, Romance, School, Shoujo",TV,51,28341
62266,18277,8,Strike the Blood,"Action, Ecchi, Fantasy, Harem, School, Shounen, Supernatural, Vampire",TV,24,231387
4845,5118,8,Suzumiya Haruhi-chan no Yuuutsu,"Comedy, Parody",ONA,25,70416
611,8475,-1,Asura,"Drama, Historical",Movie,1,16702
7241,8726,7,Soredemo Machi wa Mawatteiru,"Comedy, Slice of Life",TV,12,31906
2839,9760,7,Hoshi wo Ou Kodomo,"Adventure, Fantasy, Romance",Movie,1,76286
45457,558,9,Major S2,"Comedy, Drama, Shounen, Sports",TV,26,30689
73167,356,8,Fate/stay night,"Action, Fantasy, Magic, Romance, Supernatural",TV,24,374880
16345,9790,-1,Sora no Otoshimono: Tokeijikake no Angeloid,"Comedy, Drama, Ecchi, Harem, Romance, Sci-Fi, Shounen, Supernatural",Movie,1,70391
19014,4059,7,"Clannad: Mou Hitotsu no Sekai, Tomoyo-hen","Drama, Romance, School, Slice of Life",Special,1,160423
6164,11743,-1,Toaru Majutsu no Index: Endymion no Kiseki,"Action, Magic, Sci-Fi, Super Power",Movie,1,54873
49083,8937,8,Toaru Majutsu no Index II,"Action, Magic, Sci-Fi, Super Power",TV,24,184520
24745,1239,7,Bishoujo Senshi Sailor Moon SuperS,"Drama, Magic, Romance, Shoujo",TV,39,55056
23135,1722,9,Nagasarete Airantou,"Comedy, Ecchi, Fantasy, Harem, Romance",TV,26,52817
33577,3352,8,Tengen Toppa Gurren Lagann: Mitee Mono wa Miteen da!!,"Action, Adventure, Comedy, Mecha, Sci-Fi",Special,1,24618
52624,6702,10,Fairy Tail,"Action, Adventure, Comedy, Fantasy, Magic, Shounen",TV,175,584590
61661,1303,-1,The Animatrix,"Action, Drama, Sci-Fi",OVA,9,42831
32176,27899,10,Tokyo Ghoul √A,"Action, Drama, Horror, Mystery, Psychological, Seinen, Supernatural",TV,12,408357
15888,2926,9,Myself; Yourself,"Drama, Romance, School",TV,13,115075
70004,31716,9,Rewrite,"Action, Comedy, Romance, School, Supernatural",TV,13,71545
958,3342,7,Mnemosyne: Mnemosyne no Musume-tachi,"Action, Horror, Sci-Fi, Shoujo Ai, Supernatural",TV,6,96092
40430,2993,9,Rosario to Vampire,"Comedy, Ecchi, Fantasy, Harem, Romance, School, Shounen, Vampire",TV,13,299278
48278,2472,8,Naruto: Shippuuden Movie 1,"Action, Adventure, Comedy, Fantasy, Shounen",Movie,1,108170
659,10469,7,Sayonara Zetsubou Sensei Special,"Comedy, Mystery, Parody",Special,1,9669
12369,1066,-1,Shakugan no Shana Specials,"Comedy, Parody",Special,4,27261
47610,16,9,Hachimitsu to Clover,"Comedy, Drama, Josei, Romance",TV,24,130646
21984,9513,9,Beelzebub,"Action, Comedy, Demons, School, Shounen, Supernatural",TV,60,217752
58372,4814,8,Junjou Romantica 2,"Comedy, Drama, Romance, Shounen Ai",TV,12,87617
56260,16067,7,Nagi no Asukara,"Drama, Fantasy, Romance",TV,26,224947
14552,14345,7,Btooom!,"Action, Psychological, Sci-Fi, Seinen",TV,12,329561
44157,326,9,Petshop of Horrors,"Horror, Josei, Mystery, Supernatural",TV,4,32696
52120,2787,6,Shakugan no Shana II (Second),"Action, Drama, Fantasy, Romance, School, Supernatural",TV,24,184525
49381,3269,8,.hack//G.U. Trilogy,"Action, Fantasy, Game, Sci-Fi",Movie,1,22537
37682,3457,10,Vampire Knight,"Drama, Mystery, Romance, Shoujo, Supernatural, Vampire",TV,13,286826
5356,30,10,Neon Genesis Evangelion,"Action, Dementia, Drama, Mecha, Psychological, Sci-Fi",TV,26,461946
24889,9776,5,A-Channel,"Comedy, School, Seinen, Slice of Life",TV,12,58564
6806,232,-1,Cardcaptor Sakura,"Adventure, Comedy, Drama, Fantasy, Magic, Romance, School, Shoujo",TV,70,181249
42994,27787,-1,Nisekoi:,"Comedy, Harem, Romance, School, Shounen",TV,12,180686
32799,8074,-1,Highschool of the Dead,"Action, Ecchi, Horror, Supernatural",TV,12,535892
64153,27787,7,Nisekoi:,"Comedy, Harem, Romance, School, Shounen",TV,12,180686
33274,12365,9,Bakuman. 3rd Season,"Comedy, Drama, Romance, Shounen",TV,25,133620
51061,889,8,Black Lagoon,"Action, Seinen",TV,12,332562
11594,14227,-1,Tonari no Kaibutsu-kun,"Comedy, Romance, School, Shoujo, Slice of Life",TV,13,349836
40474,11441,7,Rurouni Kenshin: Meiji Kenkaku Romantan - Shin Kyoto-hen,"Action, Drama, Historical, Samurai, Shounen",OVA,2,13795
43836,7054,9,Kaichou wa Maid-sama!,"Comedy, Romance, School, Shoujo",TV,26,391628
57660,97,10,Last Exile,"Action, Adventure, Sci-Fi",TV,26,104193
49046,493,-1,Armitage III: Poly-Matrix,"Action, Adventure, Mecha, Military, Police, Romance, Sci-Fi",Movie,1,9186
7242,1535,9,Death Note,"Mystery, Police, Psychological, Supernatural, Thriller",TV,37,1013917
19977,5680,7,K-On!,"Comedy, Music, School, Slice of Life",TV,13,386048
22962,11737,9,Ao no Exorcist Movie,"Action, Demons, Fantasy, Shounen, Supernatural",Movie,1,105183
36444,19163,7,Date A Live II,"Comedy, Harem, Mecha, Romance, School, Sci-Fi",TV,10,186187
6118,550,7,Yu☆Gi☆Oh!,"Action, Comedy, Fantasy, Game, Shounen",TV,27,89243
57808,6351,8,"Clannad: After Story - Mou Hitotsu no Sekai, Kyou-hen","Drama, Romance, School",Special,1,138364
49719,33,9,Berserk,"Action, Adventure, Demons, Drama, Fantasy, Horror, Military, Romance, Seinen, Supernatural",TV,25,226430
4719,21437,-1,Buddy Complex,"Action, Mecha, Sci-Fi",TV,13,44006
3313,16468,7,One Piece: Glorious Island,"Action, Adventure, Comedy, Fantasy, Shounen, Super Power",Special,2,12922
26681,12967,10,Arcana Famiglia,"Action, Harem, Romance, Shoujo",TV,12,106391
13815,168,8,s.CRY.ed,"Action, Adventure, Drama, Sci-Fi, Super Power",TV,26,52784
57442,10775,-1,SKET Dance: Demystifying Special,"School, Shounen",Special,1,3276
51165,2313,8,Muumindani no Suisei,"Adventure, Comedy, Fantasy, Kids",Movie,1,4344
28689,9958,3,Hayate no Gotoku! Heaven Is a Place on Earth,"Comedy, Harem, Parody",Movie,1,22973
22681,9760,8,Hoshi wo Ou Kodomo,"Adventure, Fantasy, Romance",Movie,1,76286
11317,94,7,Mobile Suit Gundam Seed Destiny,"Action, Drama, Mecha, Military, Romance, Sci-Fi, Space",TV,50,65896
6922,2367,-1,Moetan,"Comedy, Ecchi, Magic, School",TV,12,18432
18251,4726,8,Druaga no Tou: The Sword of Uruk,"Adventure, Fantasy",TV,12,46237
47445,241,8,Girls Bravo: First Season,"Comedy, Ecchi, Fantasy, Harem, Romance, School",TV,11,84395
17958,268,9,Golden Boy,"Adventure, Comedy, Ecchi",OVA,6,113040
123,16916,9,Kuroko no Basket: Tip Off,"Comedy, School, Shounen, Sports",Special,1,41760
55313,587,7,Hanbun no Tsuki ga Noboru Sora,"Comedy, Drama, Romance",TV,6,65125
3707,27787,5,Nisekoi:,"Comedy, Harem, Romance, School, Shounen",TV,12,180686
1549,11771,9,Kuroko no Basket,"Comedy, School, Shounen, Sports",TV,25,338315
56785,7059,10,Black★Rock Shooter (OVA),"Action, Drama, School, Slice of Life",OVA,1,130665
15501,226,9,Elfen Lied,"Action, Drama, Horror, Psychological, Romance, Seinen, Supernatural",TV,13,623511
53661,14227,8,Tonari no Kaibutsu-kun,"Comedy, Romance, School, Shoujo, Slice of Life",TV,13,349836
45064,12995,3,Dark Blue,Hentai,OVA,2,3736
68171,15335,10,Gintama Movie: Kanketsu-hen - Yorozuya yo Eien Nare,"Action, Comedy, Historical, Parody, Samurai, Sci-Fi, Shounen",Movie,1,72534
57620,8457,9,Yozakura Quartet: Hoshi no Umi,"Action, Comedy, Magic, Shounen, Super Power, Supernatural",OVA,3,22065
13242,3503,8,Kanokon,"Comedy, Ecchi, Harem, Romance, School, Shounen, Slice of Life, Supernatural",TV,12,122288
6236,120,9,Fruits Basket,"Comedy, Drama, Fantasy, Romance, Shoujo, Slice of Life",TV,26,242553
49204,2798,7,Hatsu Inu The Animation,Hentai,OVA,2,14076
11867,20,8,Naruto,"Action, Comedy, Martial Arts, Shounen, Super Power",TV,220,683297
23573,208,10,R.O.D OVA,"Action, Adventure, Historical, Magic, Mystery, Sci-Fi",OVA,3,41701
7170,1015,-1,Full Metal Panic! The Second Raid: Wari to Hima na Sentaichou no Ichinichi,Comedy,Special,1,51688
6245,570,9,Jin-Rou,"Drama, Military, Police, Psychological, Romance",Movie,1,62464
53162,996,8,Bishoujo Senshi Sailor Moon: Sailor Stars,"Adventure, Comedy, Drama, Fantasy, Magic, Romance, Shoujo",TV,34,52586
25597,1417,7,Lupin III: Moeyo Zantetsuken!,"Action, Adventure, Comedy, Shounen",Special,1,3456
60409,9926,7,Sekaiichi Hatsukoi,"Comedy, Drama, Romance, Shounen Ai",TV,12,94820
47686,10379,8,Natsume Yuujinchou San,"Drama, Fantasy, Shoujo, Slice of Life, Supernatural",TV,13,102322
26691,23289,10,Gekkan Shoujo Nozaki-kun,"Comedy, Romance, School",TV,12,292622
1541,16067,10,Nagi no Asukara,"Drama, Fantasy, Romance",TV,26,224947
49656,1033,10,Sennen Joyuu,"Action, Adventure, Drama, Fantasy, Historical, Romance",Movie,1,58492
3812,8675,-1,Seitokai Yakuindomo,"Comedy, School, Shounen, Slice of Life",TV,13,217617
54534,100,7,Shin Shirayuki-hime Densetsu Prétear,"Comedy, Drama, Fantasy, Magic, Romance, Shoujo, Super Power",TV,13,37394
66713,3901,8,Baccano! Specials,"Action, Comedy, Historical, Mystery, Seinen, Supernatural",Special,3,100412
45347,164,8,Mononoke Hime,"Action, Adventure, Fantasy",Movie,1,339556
44913,9917,6,Pokemon Best Wishes!: Victini to Kuroki Eiyuu Zekrom,"Adventure, Comedy, Drama, Fantasy, Kids",Movie,1,17120
2562,6880,8,Deadman Wonderland,"Action, Horror, Sci-Fi",TV,12,453454
68891,4224,8,Toradora!,"Comedy, Romance, School, Slice of Life",TV,25,633817
18180,249,9,InuYasha,"Action, Adventure, Comedy, Demons, Fantasy, Magic, Romance, Shounen, Supernatural",TV,167,281632
10786,97,8,Last Exile,"Action, Adventure, Sci-Fi",TV,26,104193
50883,24,7,School Rumble,"Comedy, Romance, School, Shounen",TV,26,178553
42306,16498,10,Shingeki no Kyojin,"Action, Drama, Fantasy, Shounen, Super Power",TV,25,896229
62309,2966,10,Ookami to Koushinryou,"Adventure, Fantasy, Historical, Romance",TV,13,334932
13538,15225,9,Hentai Ouji to Warawanai Neko.,"Comedy, Harem, Romance, School, Seinen, Supernatural",TV,12,201735
5120,9736,7,Astarotte no Omocha!,"Comedy, Demons, Ecchi, Fantasy, Romance, Seinen",TV,12,73064
19569,205,10,Samurai Champloo,"Action, Adventure, Comedy, Historical, Samurai, Shounen",TV,26,390076
72554,6380,8,Tetsuwan Birdy Decode: The Cipher,"Action, Comedy, Sci-Fi",OVA,1,12944
44913,32438,-1,Mayoiga,"Drama, Horror, Mystery, Psychological",TV,12,117090
1450,29758,7,Taboo Tattoo,"Action, Comedy, Martial Arts, Mystery, Super Power, Supernatural",TV,12,99460
17549,23281,7,Psycho-Pass 2,"Action, Police, Psychological, Sci-Fi",TV,11,228435
27117,4901,9,Black Lagoon: Roberta&#039;s Blood Trail,"Action, Seinen",OVA,5,108099
45591,13663,8,To LOVE-Ru Darkness,"Comedy, Ecchi, Harem, Romance, School, Sci-Fi, Shounen",TV,12,135929
15663,2787,8,Shakugan no Shana II (Second),"Action, Drama, Fantasy, Romance, School, Supernatural",TV,24,184525
9625,23673,10,Ookami Shoujo to Kuro Ouji,"Comedy, Romance, School, Shoujo",TV,12,145439
21598,16694,-1,Sankarea: Wagahai mo... Zombie de Aru...,"Comedy, Ecchi, Horror, Romance, Shounen, Supernatural",Special,1,36573
68472,1172,8,Slayers Try,"Adventure, Comedy, Demons, Fantasy, Magic, Shounen",TV,26,32742
52289,448,-1,Tenjou Tenge: The Ultimate Fight,"Adventure, Drama, Martial Arts, Romance, Shounen, Supernatural",OVA,2,29039
3453,1676,4,Cosmo Warrior Zero,"Action, Adventure, Military, Sci-Fi, Space",TV,13,2613
20184,5081,8,Bakemonogatari,"Mystery, Romance, Supernatural, Vampire",TV,15,482268
16242,746,7,Papa to Kiss in the Dark,"Comedy, Drama, Romance, Yaoi",OVA,2,28620
14406,6045,10,Kimi ni Todoke,"Romance, School, Shoujo, Slice of Life",TV,25,309339
46392,5074,8,Tetsuwan Birdy Decode:02,"Action, Comedy, Sci-Fi",TV,12,29622
73491,6645,-1,Chuu Bra!!,"Comedy, Ecchi, School",TV,12,32470
39416,11013,7,Inu x Boku SS,"Comedy, Romance, Shounen, Supernatural",TV,12,216204
3040,23317,7,Kuroshitsuji: Book of Murder,"Comedy, Demons, Fantasy, Historical, Mystery, Shounen, Supernatural",OVA,2,67261
33593,28979,8,To LOVE-Ru Darkness 2nd,"Comedy, Ecchi, Harem, Romance, School, Sci-Fi, Shounen",TV,12,73909
15488,14345,9,Btooom!,"Action, Psychological, Sci-Fi, Seinen",TV,12,329561
24844,20,9,Naruto,"Action, Comedy, Martial Arts, Shounen, Super Power",TV,220,683297
16199,7066,8,Mahoromatic: I&#039;m Home!,"Comedy, Ecchi, Romance, Sci-Fi",Special,2,5760
69097,5958,7,Sora no Otoshimono,"Comedy, Ecchi, Harem, Romance, Sci-Fi, Shounen, Supernatural",TV,13,227681
21427,21507,7,Soul Eater NOT!,"Action, Comedy, Ecchi, Shounen, Supernatural",TV,12,92269
71762,22729,7,Aldnoah.Zero,"Action, Mecha, Sci-Fi",TV,12,244193
47372,5764,8,Zero no Tsukaima: Princesses no Rondo - Yuuwaku no Sunahama,"Comedy, Ecchi, Fantasy, Harem, Magic",Special,1,51816
51661,5630,6,Higashi no Eden,"Action, Comedy, Drama, Mystery, Romance, Sci-Fi, Thriller",TV,11,276593
49381,14513,10,Magi: The Labyrinth of Magic,"Action, Adventure, Fantasy, Magic, Shounen",TV,25,317513
6569,17187,8,Ghost in the Shell: Arise - Border:1 Ghost Pain,"Mecha, Police, Psychological, Sci-Fi",Movie,1,31747
49471,873,8,.hack//Roots,"Adventure, Drama, Fantasy, Game, Sci-Fi",TV,26,50480
12650,15613,8,Hakkenden: Touhou Hakken Ibun,"Action, Fantasy, Shoujo, Supernatural",TV,13,61017
1290,150,-1,Blood+,"Action, Drama, Horror, Military, Mystery, Supernatural, Vampire",TV,50,208321
4215,21431,6,Gokukoku no Brynhildr,"Drama, Mystery, Sci-Fi, Seinen",TV,13,159899
52814,1943,10,Paprika,"Fantasy, Horror, Mystery, Psychological, Sci-Fi, Thriller",Movie,1,163308
38013,11757,-1,Sword Art Online,"Action, Adventure, Fantasy, Game, Romance",TV,25,893100
37724,8277,7,Hyakka Ryouran: Samurai Girls,"Action, Comedy, Ecchi, Harem, Samurai, School",TV,12,99201
16055,2962,8,Digimon Adventure 02 Movies,"Adventure, Fantasy, Kids, Sci-Fi",Movie,2,26543
4432,4725,8,Ga-Rei: Zero,"Action, Super Power, Supernatural, Thriller",TV,12,145102
37356,2001,9,Tengen Toppa Gurren Lagann,"Action, Adventure, Comedy, Mecha, Sci-Fi",TV,27,562962
32070,552,-1,Digimon Adventure,"Action, Adventure, Comedy, Fantasy, Kids",TV,54,182208
62510,13377,8,Recorder to Randoseru Re♪,"Comedy, School, Seinen, Slice of Life",TV,13,17283
29324,7769,9,Ookami-san to Shichinin no Nakama-tachi,"Comedy, Parody, Romance",TV,12,145982
14919,7465,7,Eve no Jikan (Movie),"Sci-Fi, Slice of Life",Movie,1,66376
52422,31598,7,Luger Code 1951,"Action, Fantasy",Special,1,14410
26840,2993,8,Rosario to Vampire,"Comedy, Ecchi, Fantasy, Harem, Romance, School, Shounen, Vampire",TV,13,299278
62153,30123,8,Akagami no Shirayuki-hime,"Drama, Fantasy, Romance, Shoujo",TV,12,157551
49031,31630,-1,"Gyakuten Saiban: Sono &quot;Shinjitsu&quot;, Igi Ari!","Comedy, Drama, Mystery, Police",TV,24,61410
54960,71,9,Full Metal Panic!,"Action, Comedy, Mecha, Military, Sci-Fi",TV,24,256325
32291,11757,7,Sword Art Online,"Action, Adventure, Fantasy, Game, Romance",TV,25,893100
40848,4981,7,Casshern Sins,"Action, Adventure, Drama, Psychological, Sci-Fi",TV,24,80307
34901,16934,5,Chuunibyou demo Koi ga Shitai!: Kirameki no... Slapstick Noel,"Comedy, School",Special,1,72085
27036,11499,7,Sankarea,"Comedy, Ecchi, Horror, Romance, Shounen, Supernatural",TV,12,222657
8756,1575,10,Code Geass: Hangyaku no Lelouch,"Action, Mecha, Military, School, Sci-Fi, Super Power",TV,25,715151
53836,431,9,Howl no Ugoku Shiro,"Adventure, Drama, Fantasy, Romance",Movie,1,333186
22079,11499,8,Sankarea,"Comedy, Ecchi, Horror, Romance, Shounen, Supernatural",TV,12,222657
59516,1030,7,Heisei Tanuki Gassen Ponpoko,Kids,Movie,1,34263
7639,384,8,Gantz,"Action, Drama, Horror, Psychological, Sci-Fi, Supernatural",TV,13,165335
22459,339,10,Serial Experiments Lain,"Dementia, Drama, Mystery, Psychological, Sci-Fi, Supernatural",TV,13,215829
46245,10087,-1,Fate/Zero,"Action, Fantasy, Supernatural",TV,13,453630
62863,22673,10,Kuroko no Basket 2nd Season NG-shuu,"Comedy, Sports",Special,9,20477
25696,15125,7,Teekyuu,"Comedy, School, Shounen, Sports",TV,12,30291
61547,4901,10,Black Lagoon: Roberta&#039;s Blood Trail,"Action, Seinen",OVA,5,108099
69576,225,8,Dragon Ball GT,"Action, Adventure, Comedy, Fantasy, Magic, Sci-Fi, Shounen, Super Power",TV,64,226625
20811,17777,6,"Saikin, Imouto no Yousu ga Chotto Okashiinda ga.","Comedy, Ecchi, Romance, Shounen, Supernatural",TV,12,74320
46696,23281,8,Psycho-Pass 2,"Action, Police, Psychological, Sci-Fi",TV,11,228435
48238,13411,7,Guilty Crown: Lost Christmas,"Action, Drama, Sci-Fi, Super Power",OVA,1,51604
12961,4437,-1,Naruto: Shippuuden Movie 2 - Kizuna,"Action, Martial Arts, Shounen, Supernatural",Movie,1,97818
63274,853,7,Ouran Koukou Host Club,"Comedy, Harem, Romance, School, Shoujo",TV,26,422271
51060,1631,9,Eureka Seven: Navigation ray=out,"Mecha, Sci-Fi",Special,1,8630
23281,169,5,Shingetsutan Tsukihime,"Action, Horror, Mystery, Romance, Super Power, Supernatural, Vampire",TV,12,90713
48998,3299,10,H2O: Footprints in the Sand,"Harem, Romance, School",TV,12,64975
1656,10793,7,Guilty Crown,"Action, Drama, Sci-Fi, Super Power",TV,22,460959
53162,2713,7,Rockman.EXE Beast+,"Action, Adventure, Game, Mecha, Sci-Fi, Shounen",TV,26,3224
33004,269,-1,Bleach,"Action, Comedy, Shounen, Super Power, Supernatural",TV,366,624055
53129,4835,10,Bleach Movie 3: Fade to Black - Kimi no Na wo Yobu,"Action, Comedy, Shounen, Super Power, Supernatural",Movie,1,122373
66924,732,8,Vampire Hunter D,"Action, Horror, Sci-Fi, Supernatural, Vampire",Movie,1,42377
53585,7817,10,B Gata H Kei,"Comedy, Ecchi, Romance, School, Seinen",TV,12,192719
67638,11757,9,Sword Art Online,"Action, Adventure, Fantasy, Game, Romance",TV,25,893100
48538,2890,-1,Gake no Ue no Ponyo,"Adventure, Fantasy",Movie,1,140277
38275,32,9,Neon Genesis Evangelion: The End of Evangelion,"Dementia, Drama, Mecha, Psychological, Sci-Fi",Movie,1,215630
43992,552,8,Digimon Adventure,"Action, Adventure, Comedy, Fantasy, Kids",TV,54,182208
47611,2397,9,Digimon Adventure: Bokura no War Game!,"Adventure, Comedy, Kids, Sci-Fi",Movie,1,37078
38007,6115,-1,Lupin III vs. Detective Conan,"Action, Adventure, Comedy, Mystery, Shounen",Special,1,15220
6253,1578,8,Koisuru Tenshi Angelique: Kokoro no Mezameru Toki,"Adventure, Comedy, Drama, Fantasy, Magic, Romance, Sci-Fi, Shoujo",TV,13,6786
50596,5,-1,Cowboy Bebop: Tengoku no Tobira,"Action, Drama, Mystery, Sci-Fi, Space",Movie,1,137636
44306,32729,-1,Orange,"Drama, Romance, School, Sci-Fi, Shoujo",TV,13,165358
73187,9981,-1,Phi Brain: Kami no Puzzle,"Action, Game, Mystery, Shounen",TV,25,64958
6514,390,-1,Suzuka,"Drama, Romance, Sports",TV,26,64161
7323,18,7,Initial D Fourth Stage,"Action, Cars, Drama, Seinen, Sports",TV,24,41584
41675,4155,-1,One Piece Film: Strong World,"Action, Adventure, Comedy, Drama, Fantasy, Shounen",Movie,1,85020
20509,9135,8,Fullmetal Alchemist: The Sacred Star of Milos,"Action, Adventure, Comedy, Drama, Fantasy, Magic, Military, Shounen",Movie,1,87944
45834,3001,7,Moyashimon,"Comedy, School, Supernatural",TV,11,44465
35177,24439,8,Kekkai Sensen,"Action, Fantasy, Shounen, Super Power, Supernatural, Vampire",TV,12,220573
43636,8630,9,Hidan no Aria,"Action, Comedy, Romance, School",TV,12,171888
20436,16782,9,Kotonoha no Niwa,"Drama, Psychological, Romance, Slice of Life",Movie,1,189741
51296,1525,9,Pokemon Crystal: Raikou Ikazuchi no Densetsu,"Action, Adventure, Comedy, Fantasy, Kids",Special,1,13929
47464,7322,9,Needless Specials,"Comedy, Ecchi, School",Special,12,11609
15054,2961,8,Digimon Adventure Movie,"Action, Fantasy, Kids, Sci-Fi",Movie,1,60753
49004,227,9,FLCL,"Action, Comedy, Dementia, Mecha, Parody, Sci-Fi",OVA,6,305165
23727,22687,9,Terra Formars,"Action, Drama, Horror, Sci-Fi, Seinen, Space",TV,13,95964
11029,2136,9,Front Innocent: Mou Hitotsu no Lady Innocent,Hentai,OVA,1,7713
58517,26351,5,Nagato Yuki-chan no Shoushitsu,"Comedy, Romance, School, Seinen, Slice of Life",TV,16,62601
33368,1255,-1,Saint Seiya: Shinku no Shounen Densetsu,"Adventure, Fantasy, Sci-Fi, Shounen",Movie,1,8849
24873,10216,7,"Yondemasu yo, Azazel-san. (TV)","Comedy, Demons, Supernatural",TV,13,42147
44559,15051,8,Love Live! School Idol Project,"Music, School, Slice of Life",TV,13,155281
19262,916,5,Tokkou,"Action, Comedy, Horror, Mystery, Police, Supernatural",TV,13,30836
28963,22547,9,Blade &amp; Soul,"Action, Adventure, Fantasy, Martial Arts",TV,13,72692
29341,4814,10,Junjou Romantica 2,"Comedy, Drama, Romance, Shounen Ai",TV,12,87617
21081,10719,7,Boku wa Tomodachi ga Sukunai,"Comedy, Ecchi, Harem, Romance, School, Seinen, Slice of Life",TV,12,325664
57314,14467,7,K,"Action, Super Power, Supernatural",TV,13,297051
26231,10015,-1,Yu☆Gi☆Oh! Zexal,"Action, Fantasy, Game, Shounen",TV,73,22480
65736,8311,8,Tegamibachi Reverse,"Adventure, Fantasy, Shounen, Supernatural",TV,25,36228
27300,356,8,Fate/stay night,"Action, Fantasy, Magic, Romance, Supernatural",TV,24,374880
43482,8630,-1,Hidan no Aria,"Action, Comedy, Romance, School",TV,12,171888
45411,578,10,Hotaru no Haka,"Drama, Historical",Movie,1,174878
45819,9617,8,K-On! Movie,"Comedy, Music, Slice of Life",Movie,1,115252
71974,20853,7,Hitsugi no Chaika,"Action, Adventure, Comedy, Fantasy, Romance, Shounen",TV,12,164510
561,10075,9,Naruto x UT,"Action, Comedy, Martial Arts, Shounen, Super Power",OVA,1,23465
63770,17074,9,Monogatari Series: Second Season,"Comedy, Mystery, Romance, Supernatural, Vampire",TV,26,205959
29430,576,7,Magikano,"Comedy, Fantasy, Harem, Magic, Romance, Shounen",TV,13,22664
32494,12673,6,Papa no Iukoto wo Kikinasai!: Pokkapoka,"Comedy, Romance, Slice of Life",Special,1,22414
42767,10490,-1,Blood-C,"Action, Horror, School, Supernatural, Vampire",TV,12,118553
64363,8074,6,Highschool of the Dead,"Action, Ecchi, Horror, Supernatural",TV,12,535892
21539,6351,7,"Clannad: After Story - Mou Hitotsu no Sekai, Kyou-hen","Drama, Romance, School",Special,1,138364
36907,6372,7,Higashi no Eden Movie I: The King of Eden,"Comedy, Drama, Mystery, Romance, Slice of Life, Thriller",Movie,1,101734
20533,1140,-1,Giniro no Kami no Agito,"Adventure, Drama, Fantasy, Romance, Sci-Fi",Movie,1,45084
9892,31404,-1,Netoge no Yome wa Onnanoko ja Nai to Omotta?,"Comedy, Ecchi, Game, Romance, School",TV,12,137102
47651,291,4,D.C.S.S: Da Capo Second Season,"Comedy, Drama, Harem, Romance, Supernatural",TV,26,23364
2490,6205,6,Kämpfer,"Action, Comedy, Ecchi, Romance, School, Shoujo Ai, Super Power",TV,12,146631
6952,918,10,Gintama,"Action, Comedy, Historical, Parody, Samurai, Sci-Fi, Shounen",TV,201,336376
15278,6746,10,Durarara!!,"Action, Mystery, Supernatural",TV,24,556431
44106,658,10,Touhai Densetsu Akagi: Yami ni Maiorita Tensai,"Game, Psychological, Seinen, Thriller",TV,26,48127
19290,356,8,Fate/stay night,"Action, Fantasy, Magic, Romance, Supernatural",TV,24,374880
19369,17082,8,Aiura,"Comedy, School, Shounen, Slice of Life",TV,12,43737
25815,5114,8,Fullmetal Alchemist: Brotherhood,"Action, Adventure, Drama, Fantasy, Magic, Military, Shounen",TV,64,793665
68662,8460,-1,Mirai Nikki,"Action, Shounen, Supernatural",OVA,1,114217
27278,46,8,Rurouni Kenshin: Meiji Kenkaku Romantan - Ishinshishi e no Chinkonka,"Drama, Historical, Samurai, Shounen",Movie,1,33191
4012,54,-1,Appleseed (Movie),"Action, Drama, Mecha, Military, Police, Sci-Fi, Shounen",Movie,1,49553
50400,4156,7,Ichigo Mashimaro Episode 0,Comedy,Special,1,9610
46892,7367,7,Naruto: The Cross Roads,"Action, Adventure, Comedy, Shounen",Special,1,22131
41411,1530,8,Kanon (2006),"Drama, Romance, Slice of Life, Supernatural",TV,24,163171
53763,861,8,xxxHOLiC,"Comedy, Drama, Mystery, Psychological, Supernatural",TV,24,150872
65682,22663,9,Seiken Tsukai no World Break,"Action, Fantasy, Harem, Romance, School, Supernatural",TV,12,97401
40726,11241,3,Brave 10,"Action, Adventure, Historical, Samurai, Seinen, Super Power",TV,12,82205
63179,18247,6,IS: Infinite Stratos 2,"Action, Comedy, Harem, Mecha, Sci-Fi",TV,12,146979
3325,3655,-1,Nabari no Ou,"Action, Comedy, Drama, Fantasy, Shounen, Supernatural",TV,26,107384
39430,11757,10,Sword Art Online,"Action, Adventure, Fantasy, Game, Romance",TV,25,893100
72308,18897,10,Nisekoi,"Comedy, Harem, Romance, School, Shounen",TV,20,347599
5376,6213,7,Toaru Kagaku no Railgun,"Action, Sci-Fi, Super Power",TV,24,231079
26731,8557,10,Shinryaku! Ika Musume,"Comedy, Shounen, Slice of Life",TV,12,95242
42691,2006,-1,Yu☆Gi☆Oh! (1999),"Adventure, Comedy, Fantasy, Game, Shounen",Movie,1,26934
50930,10080,10,Kami nomi zo Shiru Sekai II,"Comedy, Harem, Romance, Shounen, Supernatural",TV,12,194300
44538,2001,8,Tengen Toppa Gurren Lagann,"Action, Adventure, Comedy, Mecha, Sci-Fi",TV,27,562962
59144,2147,5,Call Me Tonight,"Comedy, Horror, Romance, Sci-Fi",OVA,1,3777
54825,793,8,xxxHOLiC Movie: Manatsu no Yoru no Yume,"Comedy, Drama, Mystery, Psychological, Supernatural",Movie,1,41547
24889,6166,7,Asobi ni Iku yo!,"Comedy, Ecchi, Harem, Romance, Sci-Fi",TV,12,95005
44158,18119,-1,Servant x Service,"Comedy, Slice of Life",TV,13,81037
16755,21843,9,Shingeki no Bahamut: Genesis,"Action, Adventure, Demons, Fantasy, Magic, Supernatural",TV,12,143701
66492,19697,7,Toaru Kagaku no Railgun S: Motto Marutto Railgun,Comedy,Special,2,14807
30225,57,-1,Beck,"Comedy, Drama, Music, Shounen, Slice of Life",TV,26,148328
56429,4382,8,Suzumiya Haruhi no Yuuutsu (2009),"Comedy, Mystery, Parody, Romance, School, Sci-Fi, Slice of Life",TV,14,243448
7291,10087,-1,Fate/Zero,"Action, Fantasy, Supernatural",TV,13,453630
33201,13469,-1,Hyouka: Motsubeki Mono wa,Slice of Life,OVA,1,68823
21488,5680,-1,K-On!,"Comedy, Music, School, Slice of Life",TV,13,386048
59032,1555,10,Tokimeki Memorial: Only Love,"Comedy, Harem, Romance, School",TV,25,24691
58462,21557,8,Omoide no Marnie,"Drama, Mystery, Psychological",Movie,1,53590
6866,3167,7,Eve no Jikan,"Sci-Fi, Slice of Life",ONA,6,99074
41635,4565,9,Tengen Toppa Gurren Lagann Movie: Lagann-hen,"Action, Mecha, Sci-Fi, Space, Super Power",Movie,1,82253
61700,1842,8,Major S3,"Drama, Shounen, Sports",TV,26,29528
68356,22097,9,Magi: Sinbad no Bouken,"Action, Adventure, Fantasy, Magic, Shounen",OVA,5,52351
7460,4999,7,Asu no Yoichi!,"Comedy, Ecchi, Harem, Martial Arts, Romance, Shounen",TV,12,110748
70847,8074,8,Highschool of the Dead,"Action, Ecchi, Horror, Supernatural",TV,12,535892
18515,9919,-1,Ao no Exorcist,"Action, Demons, Fantasy, Shounen, Supernatural",TV,25,583823
33359,20919,7,Diabolik Lovers Recap,"Shoujo, Vampire",Special,1,11802
2063,11266,10,Ao no Exorcist: Kuro no Iede,"Action, Demons, Fantasy, Shounen, Supernatural",Special,1,59755
20171,9341,5,Try Z,Hentai,OVA,1,289
17895,121,8,Fullmetal Alchemist,"Action, Adventure, Comedy, Drama, Fantasy, Magic, Military, Shounen",TV,51,600384
5530,1519,9,Black Lagoon: The Second Barrage,"Action, Seinen",TV,12,203233
62649,23225,10,Yuru Yuri Nachuyachumi!,"Comedy, Shoujo Ai, Slice of Life",OVA,1,28339
63476,3712,6,Zero no Tsukaima: Princesses no Rondo,"Action, Adventure, Comedy, Ecchi, Fantasy, Harem, Magic, Romance, School",TV,12,210891
42090,13759,6,Sakurasou no Pet na Kanojo,"Comedy, Drama, Romance, School, Slice of Life",TV,24,380375
28521,30206,9,Amagi Brilliant Park: Nonbirishiteiru Hima ga Nai!,Comedy,Special,1,30342
13877,31683,8,Danchigai Special,"Comedy, Slice of Life",Special,1,8000
70909,26213,8,Free!: Eternal Summer Special,"Comedy, School, Slice of Life",Special,1,36091
65139,11319,7,Zero no Tsukaima F,"Adventure, Ecchi, Fantasy, Magic, Romance",TV,12,174026
5078,1562,7,Yamato Nadeshiko Shichihenge♥,"Comedy, Shoujo",TV,25,92088
19875,18897,10,Nisekoi,"Comedy, Harem, Romance, School, Shounen",TV,20,347599
461,10087,9,Fate/Zero,"Action, Fantasy, Supernatural",TV,13,453630
40555,12149,5,AKB0048,"Music, Sci-Fi",TV,13,37763
17682,21881,-1,Sword Art Online II,"Action, Adventure, Fantasy, Game, Romance",TV,24,537892
59700,147,5,Kimi ga Nozomu Eien,"Drama, Romance, Slice of Life",TV,14,90379
33614,15195,10,Hetalia: The Beautiful World,"Comedy, Historical, Parody",ONA,20,34960
3675,7817,8,B Gata H Kei,"Comedy, Ecchi, Romance, School, Seinen",TV,12,192719
54393,5521,-1,Hayate no Gotoku!!: Atsu ga Natsuize - Mizugi-hen!,"Action, Comedy, Harem, Parody, Romance",OVA,1,26587
60015,5504,7,Shinkyoku Soukai Polyphonica Crimson S,"Drama, Fantasy, Music, Romance, School",TV,12,16720
62104,5114,10,Fullmetal Alchemist: Brotherhood,"Action, Adventure, Drama, Fantasy, Magic, Military, Shounen",TV,64,793665
25676,9041,-1,IS: Infinite Stratos,"Action, Comedy, Harem, Mecha, Sci-Fi",TV,12,254543
36382,23701,9,Toradora! OVA,"Comedy, Romance, School, Slice of Life",OVA,1,25154
68387,5114,10,Fullmetal Alchemist: Brotherhood,"Action, Adventure, Drama, Fantasy, Magic, Military, Shounen",TV,64,793665
4807,2404,10,Zombie-Loan,"Action, Horror, Shounen, Supernatural",TV,11,93637
8719,1506,10,Detective Conan Movie 10: Requiem of the Detectives,"Adventure, Comedy, Mystery, Police, Shounen",Movie,1,21789
23356,232,7,Cardcaptor Sakura,"Adventure, Comedy, Drama, Fantasy, Magic, Romance, School, Shoujo",TV,70,181249
46290,1559,-1,Shijou Saikyou no Deshi Kenichi,"Action, Comedy, Martial Arts, School, Shounen",TV,50,129112
49714,1296,7,Project A-Ko 2: Daitokuji Zaibatsu no Inbou,"Action, Comedy, Mecha, Sci-Fi, Super Power",OVA,1,2876
11974,24833,-1,Ansatsu Kyoushitsu (TV),"Action, Comedy, School, Shounen",TV,22,312654
42276,21563,7,Kamigami no Asobi,"Fantasy, Harem, Romance, Shoujo, Supernatural",TV,12,61410
48916,1253,10,Saint Seiya: Meiou Hades Meikai-hen,"Action, Adventure, Demons, Fantasy, Sci-Fi, Shounen, Super Power",OVA,12,21240
22008,1840,9,Zero no Tsukaima: Futatsuki no Kishi,"Action, Adventure, Comedy, Ecchi, Fantasy, Harem, Magic, Romance, School",TV,12,235684
50708,1258,5,Saint Seiya: Kamigami no Atsuki Tatakai,"Adventure, Sci-Fi, Shounen",Movie,1,8894
32556,5341,10,Ookami to Koushinryou II,"Adventure, Fantasy, Historical, Romance",TV,12,210491
8265,226,9,Elfen Lied,"Action, Drama, Horror, Psychological, Romance, Seinen, Supernatural",TV,13,623511
5340,218,8,Kidou Senkan Nadesico,"Action, Comedy, Mecha, Military, Parody, Romance, Sci-Fi, Shounen, Space",TV,26,27976
71466,21939,8,Mushishi Zoku Shou,"Adventure, Fantasy, Historical, Mystery, Seinen, Slice of Life, Supernatural",TV,10,101351
56644,1535,-1,Death Note,"Mystery, Police, Psychological, Supernatural, Thriller",TV,37,1013917
26122,1526,-1,Pokemon Advanced Generation: Mew to Hadou no Yuusha Lucario,"Action, Adventure, Drama, Fantasy, Kids",Movie,1,46887
67584,528,-1,Pokemon: Mewtwo no Gyakushuu,"Action, Adventure, Comedy, Drama, Fantasy, Kids",Movie,1,100089
29372,17821,10,Stella Jogakuin Koutou-ka C³-bu,"Military, School, Sports",TV,13,36235
57709,32282,9,Shokugeki no Souma: Ni no Sara,"Ecchi, School, Shounen",TV,13,185015
26622,11757,-1,Sword Art Online,"Action, Adventure, Fantasy, Game, Romance",TV,25,893100
34895,457,-1,Mushishi,"Adventure, Fantasy, Historical, Mystery, Seinen, Slice of Life, Supernatural",TV,26,300030
44835,11703,8,Code:Breaker,"Action, Comedy, School, Shounen, Super Power, Supernatural",TV,13,135255
40786,719,9,Ai no Kusabi,"Drama, Romance, Sci-Fi, Yaoi",OVA,2,20964
12408,1952,-1,Vampire Hunter,"Action, Adventure, Drama, Fantasy",OVA,4,9826
27682,9893,-1,Suite Precure♪,"Action, Fantasy, Magic, Shoujo",TV,48,7314
42268,31741,-1,Magi: Sinbad no Bouken (TV),"Action, Adventure, Fantasy, Magic, Shounen",TV,13,73480
69862,29787,-1,Gochuumon wa Usagi Desu ka??,"Comedy, Slice of Life",TV,12,38102
31537,30901,8,Utawarerumono: Itsuwari no Kamen,"Action, Drama, Fantasy",TV,25,55851
71954,18397,9,Shingeki no Kyojin OVA,"Action, Drama, Fantasy, Shounen, Super Power",OVA,3,121063
3850,2494,9,Goshuushou-sama Ninomiya-kun,"Comedy, Ecchi, Fantasy, Harem",TV,12,63370
64493,268,8,Golden Boy,"Adventure, Comedy, Ecchi",OVA,6,113040
53427,558,10,Major S2,"Comedy, Drama, Shounen, Sports",TV,26,30689
44363,5530,9,Pandora Hearts,"Adventure, Fantasy, Mystery, Shounen, Supernatural",TV,25,229567
59554,2414,8,Assemble Insert,"Comedy, Police, Sci-Fi",OVA,2,1566
5889,5680,5,K-On!,"Comedy, Music, School, Slice of Life",TV,13,386048
50459,1846,7,Princess Nine: Kisaragi Joshikou Yakyuubu,"Drama, Romance, Sports",TV,26,5758
30359,4535,-1,Candy Boy: Nonchalant Talk of the Certain Twin Sisters in Daily Life,"Romance, School, Shoujo Ai",ONA,7,43338
50905,1128,7,UFO Princess Valkyrie 2: Juunigatsu no Yasoukyoku,"Comedy, Romance, Sci-Fi",TV,12,6249
10194,987,6,Dragon Ball GT: Goku Gaiden! Yuuki no Akashi wa Suushinchuu,"Action, Adventure, Comedy, Fantasy, Martial Arts, Shounen, Super Power",Special,1,32853
58832,10620,-1,Mirai Nikki (TV),"Action, Mystery, Psychological, Shounen, Supernatural, Thriller",TV,26,657190
72657,13659,9,Ore no Imouto ga Konnani Kawaii Wake ga Nai.,"Comedy, Seinen, Slice of Life",TV,13,194791
60111,1015,9,Full Metal Panic! The Second Raid: Wari to Hima na Sentaichou no Ichinichi,Comedy,Special,1,51688
23050,2167,10,Clannad,"Comedy, Drama, Romance, School, Slice of Life, Supernatural",TV,23,566690
45539,8769,10,Ore no Imouto ga Konnani Kawaii Wake ga Nai,"Comedy, Seinen, Slice of Life",TV,12,321477
42697,3229,10,Kimi ga Aruji de Shitsuji ga Ore de,"Comedy, Ecchi, Harem, Parody, Romance",TV,13,66236
59818,1255,8,Saint Seiya: Shinku no Shounen Densetsu,"Adventure, Fantasy, Sci-Fi, Shounen",Movie,1,8849
51464,1303,-1,The Animatrix,"Action, Drama, Sci-Fi",OVA,9,42831
17439,330,8,Midori no Hibi,"Comedy, Drama, Ecchi, Romance, Shounen",TV,13,87938
29652,15809,9,Hataraku Maou-sama!,"Comedy, Demons, Fantasy, Romance, Shounen",TV,13,409037
22434,6500,7,Seikon no Qwaser,"Action, Ecchi, Seinen, Super Power, Supernatural",TV,24,145592
1797,4975,7,ChäoS;HEAd,"Harem, Mystery, Psychological, Sci-Fi, Supernatural",TV,12,174337
21676,1382,8,Yuusha-Ou GaoGaiGar Final,"Adventure, Drama, Mecha, Sci-Fi, Shounen",OVA,8,5001
19290,2031,6,Shining Tears X Wind,"Action, Adventure, Fantasy, Magic",TV,13,23477
5133,430,9,Fullmetal Alchemist: The Conqueror of Shamballa,"Comedy, Drama, Fantasy, Historical, Military, Shounen",Movie,1,186465
61610,6347,-1,Baka to Test to Shoukanjuu,"Comedy, Romance, School, Super Power",TV,13,301282
50383,4715,-1,Shigofumi Special,"Drama, Fantasy, Psychological, Thriller",Special,1,11797
34557,451,7,InuYasha: Tenka Hadou no Ken,"Adventure, Comedy, Demons, Drama, Fantasy, Historical, Romance, Shounen, Supernatural",Movie,1,51079
18059,290,10,Seikai no Monshou,"Action, Military, Romance, Sci-Fi, Space",TV,13,26379
33448,9750,7,Itsuka Tenma no Kuro Usagi,"Comedy, Ecchi, Romance, Shounen, Supernatural, Vampire",TV,12,73555
10176,1218,6,Tonagura!,"Comedy, Drama, Ecchi, Romance, School",TV,13,31856
39251,8857,9,Nichijou: Nichijou no 0-wa,"Comedy, School, Slice of Life",OVA,1,37342
26094,9834,-1,Level E,"Comedy, Sci-Fi, Shounen",TV,13,55252
32938,395,8,Gantz 2nd Stage,"Action, Drama, Horror, Psychological, Sci-Fi, Supernatural",TV,13,87240
7314,222,7,Mezzo DSA,"Action, Adventure, Comedy, Mystery, Sci-Fi",TV,13,11750
30893,31240,10,Re:Zero kara Hajimeru Isekai Seikatsu,"Drama, Fantasy, Psychological, Thriller",TV,25,355839
64768,11757,9,Sword Art Online,"Action, Adventure, Fantasy, Game, Romance",TV,25,893100
67324,478,8,Sousei no Aquarion,"Action, Mecha, Romance, Sci-Fi, Super Power, Supernatural",TV,26,46647
7522,502,5,Dragon Ball Movie 1: Shen Long no Densetsu,"Action, Adventure, Comedy, Fantasy, Shounen, Super Power",Movie,1,30279
45808,5680,-1,K-On!,"Comedy, Music, School, Slice of Life",TV,13,386048
37796,33,9,Berserk,"Action, Adventure, Demons, Drama, Fantasy, Horror, Military, Romance, Seinen, Supernatural",TV,25,226430
10921,22789,-1,Barakamon,"Comedy, Slice of Life",TV,12,225927
72948,10080,8,Kami nomi zo Shiru Sekai II,"Comedy, Harem, Romance, Shounen, Supernatural",TV,12,194300
61561,3702,10,Detroit Metal City,"Comedy, Music",OVA,12,104893
36508,16498,8,Shingeki no Kyojin,"Action, Drama, Fantasy, Shounen, Super Power",TV,25,896229
30141,27727,4,Binan Koukou Chikyuu Bouei-bu LOVE!,"Comedy, Magic, School, Slice of Life",TV,12,45873
54101,356,8,Fate/stay night,"Action, Fantasy, Magic, Romance, Supernatural",TV,24,374880
11400,14837,8,Dragon Ball Z Movie 14: Kami to Kami,"Action, Adventure, Fantasy, Martial Arts, Shounen, Super Power",Movie,1,66471
66377,901,10,"Dragon Ball Z Movie 08: Moetsukiro!! Nessen, Ressen, Chougekisen","Adventure, Comedy, Fantasy, Sci-Fi, Shounen",Movie,1,65953
15875,8525,8,Kami nomi zo Shiru Sekai,"Comedy, Harem, Romance, Shounen, Supernatural",TV,12,284846
51790,9253,-1,Steins;Gate,"Sci-Fi, Thriller",TV,24,673572
57356,149,-1,Loveless,"Action, Drama, Fantasy, Mystery, Romance, Shoujo, Shounen Ai, Supernatural",TV,12,85554
31979,16894,-1,Kuroko no Basket 2nd Season,"Comedy, School, Shounen, Sports",TV,25,243325
8883,7054,7,Kaichou wa Maid-sama!,"Comedy, Romance, School, Shoujo",TV,26,391628
41447,10686,-1,Naruto: Honoo no Chuunin Shiken! Naruto vs. Konohamaru!!,"Action, Adventure, Martial Arts, Shounen, Super Power",Movie,1,30378
3573,32542,-1,Sakamoto desu ga?,"Comedy, School, Seinen",TV,12,171452
59254,4177,9,Bounen no Xamdou,"Action, Military, Sci-Fi",ONA,26,79026
56879,239,9,Gankutsuou,"Drama, Mystery, Sci-Fi, Supernatural, Thriller",TV,24,103828
49339,3702,10,Detroit Metal City,"Comedy, Music",OVA,12,104893
49322,13639,6,Hi no Youjin,"Historical, Slice of Life",Movie,1,3757
32424,15583,9,Date A Live,"Comedy, Harem, Mecha, Romance, School, Sci-Fi",TV,12,301358
49908,2787,-1,Shakugan no Shana II (Second),"Action, Drama, Fantasy, Romance, School, Supernatural",TV,24,184525
23730,9936,4,Maken-Ki!,"Action, Ecchi, Harem, Martial Arts, School, Super Power",TV,12,104182
58862,2198,9,Aa! Megami-sama!: Sorezore no Tsubasa Specials,"Comedy, Magic, Romance, Seinen, Supernatural",Special,2,16986
50284,5690,-1,Nodame Cantabile Finale,"Comedy, Josei, Music, Romance",TV,11,67697
22383,202,10,Wolf&#039;s Rain,"Action, Adventure, Drama, Fantasy, Mystery, Sci-Fi",TV,26,171863
63209,15085,-1,Amnesia,"Fantasy, Josei, Mystery, Romance",TV,12,134349
38750,12049,-1,Fairy Tail Movie 1: Houou no Miko,"Action, Adventure, Comedy, Fantasy, Magic, Shounen",Movie,1,77560
49342,9782,8,Norageki!,"Mystery, Sci-Fi, Space",OVA,1,6727
31924,24,10,School Rumble,"Comedy, Romance, School, Shounen",TV,26,178553
10076,28223,10,Death Parade,"Drama, Game, Mystery, Psychological, Thriller",TV,12,383914
5366,874,4,Digimon Tamers,"Adventure, Comedy, Drama, Fantasy, Shounen",TV,51,94391
45081,3157,-1,Guardian Hearts-Power UP!,"Action, Comedy, Ecchi, Fantasy, Harem, Magic, Romance",OVA,4,2402
51051,395,6,Gantz 2nd Stage,"Action, Drama, Horror, Psychological, Sci-Fi, Supernatural",TV,13,87240
17830,855,7,Strawberry Panic,"Drama, Romance, School, Shoujo Ai",TV,26,72790
7459,3457,8,Vampire Knight,"Drama, Mystery, Romance, Shoujo, Supernatural, Vampire",TV,13,286826
69305,11757,-1,Sword Art Online,"Action, Adventure, Fantasy, Game, Romance",TV,25,893100
43276,8769,8,Ore no Imouto ga Konnani Kawaii Wake ga Nai,"Comedy, Seinen, Slice of Life",TV,12,321477
53289,2581,9,Mobile Suit Gundam 00,"Action, Drama, Mecha, Military, Sci-Fi, Space",TV,25,120351
51593,1530,7,Kanon (2006),"Drama, Romance, Slice of Life, Supernatural",TV,24,163171
6583,1847,8,Rec: Yurusarezarumono,"Comedy, Drama, Romance",Special,1,16654
24438,10502,7,Tansu Warashi.,"Comedy, Slice of Life, Supernatural",Movie,1,4028
31747,45,-1,Rurouni Kenshin: Meiji Kenkaku Romantan,"Action, Adventure, Comedy, Historical, Romance, Samurai",TV,94,218928
68633,3958,8,Kannagi,"Comedy, School, Shounen, Supernatural",TV,13,94202
22260,20,-1,Naruto,"Action, Comedy, Martial Arts, Shounen, Super Power",TV,220,683297
49173,1981,7,Twilight Q,"Mystery, Psychological, Sci-Fi",OVA,2,2962
5244,30276,7,One Punch Man,"Action, Comedy, Parody, Sci-Fi, Seinen, Super Power, Supernatural",TV,12,552458
30895,6045,-1,Kimi ni Todoke,"Romance, School, Shoujo, Slice of Life",TV,25,309339
64645,16498,9,Shingeki no Kyojin,"Action, Drama, Fantasy, Shounen, Super Power",TV,25,896229
64252,1815,7,Shakugan no Shana Movie,"Action, Fantasy, Supernatural",Movie,1,43962
57950,9798,-1,Pandane to Tamago-hime,"Adventure, Fantasy",Movie,1,1995
30825,21659,8,Kill la Kill Special,"Action, Comedy, School, Super Power",Special,1,83795
9108,269,10,Bleach,"Action, Comedy, Shounen, Super Power, Supernatural",TV,366,624055
43291,20033,6,Miss Monochrome: The Animation,"Comedy, Music, Slice of Life",TV,13,30403
29069,182,10,Tenkuu no Escaflowne,"Adventure, Fantasy, Mecha, Romance, Shoujo",TV,26,83437
28322,1101,9,Tenchi Muyou! Manatsu no Eve,"Action, Comedy, Sci-Fi, Shounen, Space",Movie,1,10523
36190,11061,9,Hunter x Hunter (2011),"Action, Adventure, Shounen, Super Power",TV,148,425855
51618,20583,9,Haikyuu!!,"Comedy, Drama, School, Shounen, Sports",TV,25,284498
65698,1329,8,Rail of the Star: A True Story of Children,"Drama, Historical",Movie,1,1302
51894,732,8,Vampire Hunter D,"Action, Horror, Sci-Fi, Supernatural, Vampire",Movie,1,42377
58257,1514,10,UFO Princess Valkyrie 3: Seiresetsu no Hanayome,"Comedy, Magic, Romance, Sci-Fi",OVA,6,4764
31200,6573,8,Darker than Black: Ryuusei no Gemini,"Action, Mystery, Sci-Fi, Super Power",TV,12,222243
11475,8557,3,Shinryaku! Ika Musume,"Comedy, Shounen, Slice of Life",TV,12,95242
24401,522,10,Metropolis,"Adventure, Drama, Police, Romance, Sci-Fi, Shounen",Movie,1,44030
15704,14967,-1,Boku wa Tomodachi ga Sukunai Next,"Comedy, Harem, Romance, School, Seinen, Slice of Life",TV,12,214319
18292,3470,-1,Special A,"Comedy, Romance, School, Shoujo",TV,24,173603
62978,11577,9,Steins;Gate Movie: Fuka Ryouiki no Déjà vu,"Sci-Fi, Thriller",Movie,1,192424
72761,11843,8,Danshi Koukousei no Nichijou,"Comedy, School, Shounen, Slice of Life",TV,12,258914
3118,19195,8,Ghost in the Shell: Arise - Border:4 Ghost Stands Alone,"Mecha, Police, Psychological, Sci-Fi",Movie,1,19565
31143,459,7,One Piece Movie 1,"Action, Adventure, Comedy, Fantasy, Shounen, Super Power",Movie,1,46455
16795,13759,-1,Sakurasou no Pet na Kanojo,"Comedy, Drama, Romance, School, Slice of Life",TV,24,380375
37269,14813,-1,Yahari Ore no Seishun Love Comedy wa Machigatteiru.,"Comedy, Drama, Romance, School",TV,13,353876
240,12883,-1,Tsuritama,"Comedy, Sci-Fi, Slice of Life, Sports",TV,12,90625
70639,121,7,Fullmetal Alchemist,"Action, Adventure, Comedy, Drama, Fantasy, Magic, Military, Shounen",TV,51,600384
6118,3266,9,Ai Yori Aoshi: Enishi - Miyuki,"Comedy, Drama, Romance",Special,1,12647
59006,2001,10,Tengen Toppa Gurren Lagann,"Action, Adventure, Comedy, Mecha, Sci-Fi",TV,27,562962
5598,32,-1,Neon Genesis Evangelion: The End of Evangelion,"Dementia, Drama, Mecha, Psychological, Sci-Fi",Movie,1,215630
16299,60,8,Chrno Crusade,"Action, Demons, Historical, Romance, Supernatural",TV,24,140865
56093,11737,-1,Ao no Exorcist Movie,"Action, Demons, Fantasy, Shounen, Supernatural",Movie,1,105183
41208,6610,7,Ibara no Ou,"Action, Mystery, Sci-Fi, Thriller",Movie,1,38670
12586,21863,9,Mangaka-san to Assistant-san to The Animation,"Comedy, Ecchi, Harem, Seinen, Slice of Life",TV,12,108642
15554,18851,-1,Fate/kaleid liner Prisma☆Illya: Undoukai de Dance!,"Comedy, Fantasy, Magic",OVA,1,22543
51656,4654,-1,Toaru Majutsu no Index,"Action, Magic, Sci-Fi, Super Power",TV,24,313114
68522,10578,6,C³,"Action, Comedy, Ecchi, School, Supernatural",TV,12,100425
36113,849,-1,Suzumiya Haruhi no Yuuutsu,"Comedy, Mystery, Parody, School, Sci-Fi, Slice of Life",TV,14,428569
16762,31704,10,One Punch Man: Road to Hero,"Action, Comedy, Parody, Sci-Fi, Seinen, Super Power, Supernatural",OVA,1,94839
7108,190,-1,Love Hina Again,"Comedy, Drama, Ecchi, Romance, Shounen",OVA,3,61154
28032,10232,7,Tamayura: Hitotose,"Comedy, Drama, Slice of Life",TV,12,25760
9059,1639,1,Boku no Pico,"Hentai, Yaoi",OVA,1,57355
56690,521,-1,Mermaid Melody Pichi Pichi Pitch,"Adventure, Comedy, Magic, Romance, Shoujo",TV,52,32296
61254,10391,5,Kuragehime: Soreike! Amars Tankentai,"Adventure, Comedy, Josei",Special,6,6115
68633,10447,8,Aquarion Evol,"Action, Comedy, Drama, Fantasy, Mecha, Romance, Sci-Fi",TV,26,62753
12033,889,9,Black Lagoon,"Action, Seinen",TV,12,332562
26838,9941,8,Tiger &amp; Bunny,"Action, Comedy, Mystery, Super Power",TV,25,104075
72706,9936,5,Maken-Ki!,"Action, Ecchi, Harem, Martial Arts, School, Super Power",TV,12,104182
17672,20507,8,Noragami,"Action, Adventure, Shounen, Supernatural",TV,12,515378
64478,4975,7,ChäoS;HEAd,"Harem, Mystery, Psychological, Sci-Fi, Supernatural",TV,12,174337
19718,5341,10,Ookami to Koushinryou II,"Adventure, Fantasy, Historical, Romance",TV,12,210491
43642,226,8,Elfen Lied,"Action, Drama, Horror, Psychological, Romance, Seinen, Supernatural",TV,13,623511
38259,15633,-1,Code:Breaker OVA,"Action, Comedy, Ecchi, School, Shounen, Super Power, Supernatural",OVA,3,17814
39814,11759,-1,Accel World,"Action, Game, Romance, School, Sci-Fi",TV,24,324284
50465,3702,8,Detroit Metal City,"Comedy, Music",OVA,12,104893
39029,1280,8,Mamono Hunter Youko,"Comedy, Fantasy, Horror, Magic, Supernatural",OVA,6,6385
28007,12149,7,AKB0048,"Music, Sci-Fi",TV,13,37763
40638,1195,9,Zero no Tsukaima,"Action, Adventure, Comedy, Ecchi, Fantasy, Harem, Magic, Romance, School",TV,13,346828
23229,15117,8,Kami nomi zo Shiru Sekai: Tenri-hen,"Comedy, Harem, Romance, Shounen, Supernatural",OVA,2,68623
50995,101,10,Air,"Drama, Romance, Slice of Life, Supernatural",TV,13,188861
53726,209,9,R.O.D the TV,"Action, Adventure, Comedy, Drama, Sci-Fi, Super Power",TV,26,47053
5837,2904,10,Code Geass: Hangyaku no Lelouch R2,"Action, Drama, Mecha, Military, Sci-Fi, Super Power",TV,25,572888
67296,11635,8,Sacred Seven: Shirogane no Tsubasa,"Action, School, Sci-Fi, Super Power",Movie,1,3940
54698,24,8,School Rumble,"Comedy, Romance, School, Shounen",TV,26,178553
72064,2476,2,School Days,"Drama, Harem, Romance, School",TV,12,279183
23975,15979,3,Eureka Seven AO: Aratanari Fukaki Ao,"Comedy, Slice of Life",ONA,10,3331
51056,2398,10,Digimon Adventure 02: Diablomon no Gyakushuu,"Adventure, Comedy, Drama, Kids, Sci-Fi",Movie,1,31961
23217,12893,-1,Danshi Koukousei no Nichijou Specials,"Comedy, School, Shounen, Slice of Life",Special,6,49891
57887,149,8,Loveless,"Action, Drama, Fantasy, Mystery, Romance, Shoujo, Shounen Ai, Supernatural",TV,12,85554
26459,4551,8,Hakushaku to Yousei,"Adventure, Fantasy, Historical, Magic",TV,12,63915
14626,1119,9,Pokemon: Celebi Toki wo Koeta Deai,"Adventure, Comedy, Drama, Fantasy, Kids",Movie,1,58359
48631,1529,7,De:vadasy,"Action, Ecchi, Mecha, Psychological",OVA,3,1269
60310,11751,9,"Senki Zesshou Symphogear: Meteoroid-Falling, Burning, and Disappear, Then...","Action, Music, Sci-Fi",TV,13,47588
17332,12293,7,Campione!: Matsurowanu Kamigami to Kamigoroshi no Maou,"Comedy, Ecchi, Fantasy, Harem, Magic, Romance",TV,13,151928
51690,1361,10,Final Fantasy: The Spirits Within,Sci-Fi,Movie,1,53822
41822,650,-1,Gunsmith Cats,"Action, Comedy, Police, Seinen",OVA,3,15176
34485,10805,5,Kami nomi zo Shiru Sekai: 4-nin to Idol,"Comedy, Music, Shounen, Supernatural",OVA,1,57797
13589,263,10,Hajime no Ippo,"Comedy, Drama, Shounen, Sports",TV,75,157670
25767,6205,7,Kämpfer,"Action, Comedy, Ecchi, Romance, School, Shoujo Ai, Super Power",TV,12,146631
72107,9936,6,Maken-Ki!,"Action, Ecchi, Harem, Martial Arts, School, Super Power",TV,12,104182
33672,11741,-1,Fate/Zero 2nd Season,"Action, Fantasy, Supernatural, Thriller",TV,12,340973
36587,30276,9,One Punch Man,"Action, Comedy, Parody, Sci-Fi, Seinen, Super Power, Supernatural",TV,12,552458
24458,934,-1,Higurashi no Naku Koro ni,"Horror, Mystery, Psychological, Supernatural, Thriller",TV,26,359494
48648,15437,8,Kore wa Zombie Desu ka? of the Dead OVA,"Action, Comedy, Ecchi, Harem, Magic, Supernatural",OVA,1,54828
15768,10793,-1,Guilty Crown,"Action, Drama, Sci-Fi, Super Power",TV,22,460959
5760,770,9,Pale Cocoon,"Drama, Sci-Fi",OVA,1,44030
67463,270,-1,Hellsing,"Action, Horror, Seinen, Supernatural, Vampire",TV,13,308995
66148,12355,-1,Ookami Kodomo no Ame to Yuki,"Fantasy, Slice of Life",Movie,1,226193
17656,1726,8,Devil May Cry,"Action, Demons, Fantasy",TV,12,166398
33101,9989,8,Ano Hi Mita Hana no Namae wo Bokutachi wa Mada Shiranai.,"Drama, Slice of Life, Supernatural",TV,11,463835
68762,9756,7,Mahou Shoujo Madoka★Magica,"Drama, Magic, Psychological, Thriller",TV,12,462974
38083,5525,-1,07-Ghost,"Action, Demons, Fantasy, Magic, Military, Shoujo",TV,25,126083
7243,1887,9,Lucky☆Star,"Comedy, Parody, School, Slice of Life",TV,24,305837
64470,270,8,Hellsing,"Action, Horror, Seinen, Supernatural, Vampire",TV,13,308995
14852,15689,8,Nekomonogatari: Kuro,"Comedy, Romance, Supernatural",TV,4,173264
53151,1230,6,Innocent Venus,"Adventure, Drama, Mecha, Military, Sci-Fi",TV,12,19708
68987,14467,8,K,"Action, Super Power, Supernatural",TV,13,297051
5066,1362,9,Street Fighter II: The Movie,"Action, Martial Arts, Shounen",Movie,1,15421
26671,15689,-1,Nekomonogatari: Kuro,"Comedy, Romance, Supernatural",TV,4,173264
10981,1072,8,Sweat Punch,"Action, Fantasy, Historical, Mecha",OVA,5,26679
53625,1535,9,Death Note,"Mystery, Police, Psychological, Supernatural, Thriller",TV,37,1013917
21466,13261,7,Inazuma Eleven Go: Chrono Stone,"Shounen, Sports, Super Power",TV,51,11939
28308,19111,10,Love Live! School Idol Project 2nd Season,"Music, School, Slice of Life",TV,13,91864
62110,12403,6,Yuru Yuri♪♪,"Comedy, School, Shoujo Ai, Slice of Life",TV,12,83097
45169,67,5,Basilisk: Kouga Ninpou Chou,"Action, Adventure, Fantasy, Historical, Romance, Samurai, Supernatural",TV,24,98144
59619,442,9,Naruto Movie 1: Dai Katsugeki!! Yuki Hime Shinobu Houjou Dattebayo!,"Adventure, Comedy, Drama, Historical, Shounen, Supernatural",Movie,1,120571
50519,2926,7,Myself; Yourself,"Drama, Romance, School",TV,13,115075
58287,10076,7,Kämpfer für die Liebe,"Action, Comedy, Ecchi, Shoujo Ai, Super Power",Special,2,37047
30258,131,7,Saiyuuki Reload Gunlock,"Action, Adventure, Comedy, Fantasy, Shoujo",TV,26,11233
43537,28927,7,Owari no Seraph: Nagoya Kessen-hen,"Action, Drama, Shounen, Supernatural, Vampire",TV,12,190058
15983,6880,6,Deadman Wonderland,"Action, Horror, Sci-Fi",TV,12,453454
26451,8311,6,Tegamibachi Reverse,"Adventure, Fantasy, Shounen, Supernatural",TV,25,36228
60128,10379,9,Natsume Yuujinchou San,"Drama, Fantasy, Shoujo, Slice of Life, Supernatural",TV,13,102322
342,12549,-1,"Dakara Boku wa, H ga Dekinai.","Comedy, Ecchi, Romance, Supernatural",TV,12,169615
60657,524,-1,Onegai☆Twins: Natsu wa Owaranai,"Comedy, Drama, Romance",OVA,1,22614
56144,15117,8,Kami nomi zo Shiru Sekai: Tenri-hen,"Comedy, Harem, Romance, Shounen, Supernatural",OVA,2,68623
57729,57,9,Beck,"Comedy, Drama, Music, Shounen, Slice of Life",TV,26,148328
71997,25161,9,One Piece 3D2Y: Ace no shi wo Koete! Luffy Nakama Tono Chikai,"Adventure, Comedy, Fantasy, Shounen",Special,1,30516
29177,270,6,Hellsing,"Action, Horror, Seinen, Supernatural, Vampire",TV,13,308995
63286,6203,8,Sasameki Koto,"Comedy, Romance, School, Shoujo Ai",TV,13,34297
46777,30503,-1,Noragami Aragoto,"Action, Adventure, Shounen, Supernatural",TV,13,299434
62331,8086,8,Densetsu no Yuusha no Densetsu,"Action, Adventure, Fantasy, Magic, Shounen",TV,24,130689
40100,8408,-1,Durarara!! Specials,"Action, Comedy, Supernatural",Special,2,103105
32235,5717,6,Kiniro no Corda: Secondo Passo,"Harem, Music, School, Shoujo",Special,2,24379
70573,9712,-1,Maria†Holic Alive,"Comedy, Parody, School, Shoujo Ai",TV,12,40502
54935,11759,9,Accel World,"Action, Game, Romance, School, Sci-Fi",TV,24,324284
51938,5116,7,Candy Boy Episode: EX01 - Mirai Yohouzu,"School, Shoujo Ai, Slice of Life",OVA,1,16405
51430,61,9,D.N.Angel,"Action, Comedy, Fantasy, Magic, Romance, School, Shoujo",TV,26,126914
56325,20507,8,Noragami,"Action, Adventure, Shounen, Supernatural",TV,12,515378
1099,2904,10,Code Geass: Hangyaku no Lelouch R2,"Action, Drama, Mecha, Military, Sci-Fi, Super Power",TV,25,572888
66091,1648,8,UFO Princess Valkyrie 4: Toki to Yume to Ginga no Utage,"Comedy, Romance, Sci-Fi",OVA,2,3993
19924,24833,-1,Ansatsu Kyoushitsu (TV),"Action, Comedy, School, Shounen",TV,22,312654
26343,6676,-1,Asura Cryin&#039; 2,"Action, Mecha, Supernatural",TV,13,43725
29122,228,8,Jigoku Shoujo,"Horror, Mystery, Psychological, Supernatural",TV,26,172415
26024,897,7,Dragon Ball Z Movie 04: Super Saiyajin da Son Gokuu,"Adventure, Fantasy, Sci-Fi, Shounen",Movie,1,51924
47767,14527,7,Medaka Box Abnormal,"Action, Comedy, Ecchi, Martial Arts, School, Shounen, Super Power",TV,12,66972
40691,2482,6,Good Morning Althea,"Action, Mecha, Sci-Fi",OVA,1,830
42717,15225,7,Hentai Ouji to Warawanai Neko.,"Comedy, Harem, Romance, School, Seinen, Supernatural",TV,12,201735
65420,28979,8,To LOVE-Ru Darkness 2nd,"Comedy, Ecchi, Harem, Romance, School, Sci-Fi, Shounen",TV,12,73909
24098,154,7,Shaman King,"Action, Adventure, Comedy, Drama, Shounen, Supernatural",TV,64,169517
7457,4901,7,Black Lagoon: Roberta&#039;s Blood Trail,"Action, Seinen",OVA,5,108099
71673,1195,6,Zero no Tsukaima,"Action, Adventure, Comedy, Ecchi, Fantasy, Harem, Magic, Romance, School",TV,13,346828
14642,3354,3,Zombie-Loan Specials,"Action, Shounen, Supernatural",Special,2,22182
71245,12293,9,Campione!: Matsurowanu Kamigami to Kamigoroshi no Maou,"Comedy, Ecchi, Fantasy, Harem, Magic, Romance",TV,13,151928
50324,201,8,Video Girl Ai,"Comedy, Drama, Ecchi, Romance",OVA,6,13970
67531,513,9,Tenkuu no Shiro Laputa,"Adventure, Fantasy, Romance, Sci-Fi",Movie,1,151061
662,288,6,Bakuten Shoot Beyblade,"Action, Adventure, Comedy, Sci-Fi, Shounen, Sports",TV,51,49467
66133,26441,9,Junketsu no Maria,"Comedy, Fantasy, Historical, Magic, Seinen",TV,12,75460
53946,8278,7,Biohazard 4: Incubate,"Action, Demons, Horror, Military, Mystery, Police, Supernatural, Thriller",OVA,1,3604
12761,11499,9,Sankarea,"Comedy, Ecchi, Horror, Romance, Shounen, Supernatural",TV,12,222657
59018,2001,10,Tengen Toppa Gurren Lagann,"Action, Adventure, Comedy, Mecha, Sci-Fi",TV,27,562962
50503,488,7,Ichigo Mashimaro,"Comedy, Slice of Life",TV,12,46333
57263,1535,-1,Death Note,"Mystery, Police, Psychological, Supernatural, Thriller",TV,37,1013917
12827,136,-1,Hunter x Hunter,"Action, Adventure, Shounen, Super Power",TV,62,166255
16066,649,7,Hanaukyou Maid-tai: La Verite,"Comedy, Ecchi, Harem, Romance",TV,12,14069
72859,32,-1,Neon Genesis Evangelion: The End of Evangelion,"Dementia, Drama, Mecha, Psychological, Sci-Fi",Movie,1,215630
23496,1818,6,Claymore,"Action, Adventure, Demons, Fantasy, Shounen, Super Power, Supernatural",TV,26,316853
59819,1179,-1,Gakuen Senki Muryou,"Adventure, Mecha, Sci-Fi, Shounen, Space, Supernatural",TV,26,3108
41320,173,7,Tactics,"Comedy, Drama, Fantasy, Mystery, Shounen, Super Power",TV,25,27358
23853,202,8,Wolf&#039;s Rain,"Action, Adventure, Drama, Fantasy, Mystery, Sci-Fi",TV,26,171863
51798,99,-1,Mai-Otome,"Comedy, Drama, Fantasy, Magic",TV,26,36924
8282,1230,8,Innocent Venus,"Adventure, Drama, Mecha, Military, Sci-Fi",TV,12,19708
23904,17265,9,Log Horizon,"Action, Adventure, Fantasy, Game, Magic, Shounen",TV,25,387100
58475,248,7,Ichigo 100%,"Comedy, Ecchi, Harem, Romance, Shounen",TV,12,67310
35556,10790,-1,Kore wa Zombie Desu ka? of the Dead,"Action, Comedy, Ecchi, Harem, Magic, Supernatural",TV,10,180032
24301,25429,5,Isuca,"Action, Comedy, Ecchi, Romance, School, Seinen, Supernatural",TV,10,63638
66510,4981,8,Casshern Sins,"Action, Adventure, Drama, Psychological, Sci-Fi",TV,24,80307
2609,54,7,Appleseed (Movie),"Action, Drama, Mecha, Military, Police, Sci-Fi, Shounen",Movie,1,49553
7669,21437,-1,Buddy Complex,"Action, Mecha, Sci-Fi",TV,13,44006
26635,24415,6,Kuroko no Basket 3rd Season,"Comedy, School, Shounen, Sports",TV,25,184525
34416,3956,-1,Shakugan no Shana II (Second) Specials,"Comedy, Parody",Special,3,34305
29717,6707,6,Kuroshitsuji II,"Action, Comedy, Demons, Fantasy, Shounen, Supernatural",TV,12,234955
10659,15751,9,Senyuu.,"Action, Comedy, Fantasy, Parody, Shounen",TV,13,56815
4455,21405,8,Bokura wa Minna Kawaisou,"Comedy, Romance, School, Slice of Life",TV,12,159793
38892,25159,7,Inou-Battle wa Nichijou-kei no Naka de,"Comedy, Romance, School, Slice of Life, Supernatural",TV,12,144370
6092,63,-1,DearS,"Comedy, Ecchi, Harem, Romance, Sci-Fi",TV,12,91037
20570,180,-1,Vandread,"Action, Ecchi, Mecha, Sci-Fi, Shounen, Space",TV,13,53360
5325,92,8,After War Gundam X,"Adventure, Drama, Mecha, Sci-Fi, Space",TV,39,19132
33099,9041,9,IS: Infinite Stratos,"Action, Comedy, Harem, Mecha, Sci-Fi",TV,12,254543
16748,17419,-1,Dog Days&#039; Specials,"Action, Adventure, Fantasy, Magic",Special,13,4854
5000,10620,9,Mirai Nikki (TV),"Action, Mystery, Psychological, Shounen, Supernatural, Thriller",TV,26,657190
53257,8675,8,Seitokai Yakuindomo,"Comedy, School, Shounen, Slice of Life",TV,13,217617
58285,10155,7,Dog Days,"Action, Adventure, Fantasy, Magic",TV,13,97809
49377,4107,9,Tengen Toppa Gurren Lagann Movie: Gurren-hen,"Action, Comedy, Mecha",Movie,1,72933
34384,5958,-1,Sora no Otoshimono,"Comedy, Ecchi, Harem, Romance, Sci-Fi, Shounen, Supernatural",TV,13,227681
4650,33082,8,Kingsglaive: Final Fantasy XV,Action,Movie,1,15508
60922,9863,9,SKET Dance,"Comedy, School, Shounen",TV,77,101027
46134,199,8,Sen to Chihiro no Kamikakushi,"Adventure, Drama, Supernatural",Movie,1,466254
45184,747,6,Haru wo Daite Ita,"Drama, Romance, Yaoi",OVA,2,15269
39917,20,7,Naruto,"Action, Comedy, Martial Arts, Shounen, Super Power",TV,220,683297
23825,5682,-1,Phantom: Requiem for the Phantom,"Action, Drama, Seinen, Thriller",TV,26,159105
41402,16001,9,Kokoro Connect: Michi Random,"Comedy, Drama, Romance, School, Slice of Life, Supernatural",Special,4,106989
51057,11837,-1,Zetman,"Action, Drama, Horror, Romance, Sci-Fi, Seinen, Supernatural",TV,13,65633
66411,7724,7,Shiki,"Mystery, Supernatural, Thriller, Vampire",TV,22,251093
24095,44,10,Rurouni Kenshin: Meiji Kenkaku Romantan - Tsuioku-hen,"Action, Drama, Historical, Martial Arts, Romance, Samurai",OVA,4,129307
37404,20853,-1,Hitsugi no Chaika,"Action, Adventure, Comedy, Fantasy, Romance, Shounen",TV,12,164510
57547,240,-1,Genshiken,"Comedy, Parody, Slice of Life",TV,12,104258
52371,168,-1,s.CRY.ed,"Action, Adventure, Drama, Sci-Fi, Super Power",TV,26,52784
2325,24231,-1,Hitsugi no Chaika: Avenging Battle,"Action, Adventure, Comedy, Fantasy, Romance, Shounen",TV,10,91049
48079,31964,-1,Boku no Hero Academia,"Action, Comedy, School, Shounen, Super Power",TV,13,282002
12389,7769,8,Ookami-san to Shichinin no Nakama-tachi,"Comedy, Parody, Romance",TV,12,145982
65557,223,8,Dragon Ball,"Adventure, Comedy, Fantasy, Martial Arts, Shounen, Super Power",TV,153,316102
33715,15565,8,Maken-Ki! Two,"Action, Ecchi, Harem, Martial Arts, School, Super Power",TV,10,49842
38579,5734,-1,Tayutama: Kiss on My Deity,"Harem, Romance, Supernatural",TV,12,43288
15397,7739,1,11eyes: Momoiro Genmutan,"Comedy, Ecchi, Super Power, Supernatural",Special,1,28144
48656,6987,8,Aki-Sora,"Ecchi, Romance, Seinen",OVA,1,54567
60052,22125,9,Kuroko no Basket: Mou Ikkai Yarimasen ka,"Comedy, School, Shounen, Sports",Special,1,20397
41887,6324,6,Omamori Himari,"Action, Comedy, Demons, Ecchi, Harem, Romance, Supernatural",TV,12,119572
34432,32863,-1,Ansatsu Kyoushitsu (TV) 2nd Season: Kagaijugyou-hen,"Action, Comedy, School, Shounen",ONA,8,7999
24717,17895,8,Golden Time,"Comedy, Romance, Seinen",TV,24,273191
34972,895,6,Dragon Ball Z Movie 02: Kono Yo de Ichiban Tsuyoi Yatsu,"Adventure, Comedy, Fantasy, Sci-Fi, Shounen",Movie,1,53765
3759,4752,10,Vampire Knight Guilty,"Drama, Mystery, Romance, Shoujo, Supernatural, Vampire",TV,13,198492
34467,45,8,Rurouni Kenshin: Meiji Kenkaku Romantan,"Action, Adventure, Comedy, Historical, Romance, Samurai",TV,94,218928
30047,462,-1,One Piece Movie 4: Dead End no Bouken,"Action, Adventure, Comedy, Fantasy, Shounen, Super Power",Movie,1,39946
22521,195,8,Onegai☆Teacher,"Comedy, Drama, Romance, School, Sci-Fi",TV,12,99558
31494,550,4,Yu☆Gi☆Oh!,"Action, Comedy, Fantasy, Game, Shounen",TV,27,89243
49874,226,6,Elfen Lied,"Action, Drama, Horror, Psychological, Romance, Seinen, Supernatural",TV,13,623511
30590,30123,7,Akagami no Shirayuki-hime,"Drama, Fantasy, Romance, Shoujo",TV,12,157551
51530,479,8,The Law of Ueki,"Adventure, Comedy, Drama, Shounen, Supernatural",TV,51,60027
53481,121,10,Fullmetal Alchemist,"Action, Adventure, Comedy, Drama, Fantasy, Magic, Military, Shounen",TV,51,600384
73114,50,10,Aa! Megami-sama! (TV),"Comedy, Magic, Romance, Seinen, Supernatural",TV,24,96694
29156,33004,6,Tanaka-kun wa Kyou mo Kedaruge,"Comedy, School",Special,35,10434
43632,20449,8,"Watashi ga Motenai no wa Dou Kangaetemo Omaera ga Warui!: Motenaishi, Nazomeite Miru","Comedy, School, Slice of Life",OVA,1,39779
55440,785,10,Otaku no Video,"Comedy, Drama, Historical, Magic, Mecha, Sci-Fi",OVA,2,13885
27694,1123,9,Beet the Vandel Buster Excellion,"Adventure, Fantasy, Shounen, Supernatural",TV,25,5198
38072,849,6,Suzumiya Haruhi no Yuuutsu,"Comedy, Mystery, Parody, School, Sci-Fi, Slice of Life",TV,14,428569
32571,31043,10,Boku dake ga Inai Machi,"Mystery, Psychological, Seinen, Supernatural",TV,12,402381
27050,13659,8,Ore no Imouto ga Konnani Kawaii Wake ga Nai.,"Comedy, Seinen, Slice of Life",TV,13,194791
25987,9332,8,.hack//Quantum,"Action, Adventure, Fantasy, Game, Sci-Fi",OVA,3,26163
57626,1048,9,The SoulTaker: Tamashii-gari,"Demons, Horror, Supernatural",TV,13,15796
66244,165,8,RahXephon,"Action, Drama, Mecha, Music, Mystery, Psychological, Romance, Sci-Fi",TV,26,66751
26781,9471,9,Baka to Test to Shoukanjuu: Matsuri,"Comedy, School, Super Power",OVA,2,67684
4823,1195,8,Zero no Tsukaima,"Action, Adventure, Comedy, Ecchi, Fantasy, Harem, Magic, Romance, School",TV,13,346828
31809,11887,10,Kokoro Connect,"Comedy, Drama, Romance, School, Slice of Life, Supernatural",TV,13,283847
31205,2759,7,Evangelion: 1.0 You Are (Not) Alone,"Action, Mecha, Sci-Fi",Movie,1,194561
40389,146,7,Kono Minikuku mo Utsukushii Sekai,"Comedy, Drama, Magic, Romance, Sci-Fi",TV,12,41756
19094,1581,6,Gift: Eternal Rainbow,"Comedy, Drama, Harem, Magic, Romance, School",TV,12,21979
5740,4999,5,Asu no Yoichi!,"Comedy, Ecchi, Harem, Martial Arts, Romance, Shounen",TV,12,110748
5562,9587,6,Oniichan no Koto nanka Zenzen Suki ja Nai n da kara ne!!,"Comedy, Ecchi, Harem, Romance",TV,12,51637
44306,8934,-1,Star Driver: Kagayaki no Takuto,"Action, Mecha, Romance, Shounen",TV,25,66084
31825,2107,8,One Piece Movie 8: Episode of Alabasta - Sabaku no Oujo to Kaizoku-tachi,"Action, Adventure, Fantasy, Shounen",Movie,1,31909
32758,10073,7,Seikon no Qwaser II,"Action, Ecchi, Seinen, Super Power, Supernatural",TV,12,64168
16966,2263,-1,Sonic★the★Hedgehog,"Adventure, Comedy, Sci-Fi, Shounen",OVA,2,7297
55319,20035,5,Toaru Majutsu no Index: Endymion no Kiseki Special,"Action, Magic, Sci-Fi, Super Power",Special,1,11241
38135,205,8,Samurai Champloo,"Action, Adventure, Comedy, Historical, Samurai, Shounen",TV,26,390076
37063,18679,10,Kill la Kill,"Action, Comedy, School, Super Power",TV,24,508118
27585,7769,7,Ookami-san to Shichinin no Nakama-tachi,"Comedy, Parody, Romance",TV,12,145982
9019,587,7,Hanbun no Tsuki ga Noboru Sora,"Comedy, Drama, Romance",TV,6,65125
45291,1535,10,Death Note,"Mystery, Police, Psychological, Supernatural, Thriller",TV,37,1013917
72682,28171,-1,Shokugeki no Souma,"Ecchi, School, Shounen",TV,24,348951
37844,19815,-1,No Game No Life,"Adventure, Comedy, Ecchi, Fantasy, Game, Supernatural",TV,12,602291
36787,14941,7,AKB0048: Next Stage,"Music, Sci-Fi",TV,13,22302
40652,6746,8,Durarara!!,"Action, Mystery, Supernatural",TV,24,556431
24718,13333,10,Tari Tari,"Music, School, Slice of Life",TV,13,80960
1889,16067,-1,Nagi no Asukara,"Drama, Fantasy, Romance",TV,26,224947
72984,849,5,Suzumiya Haruhi no Yuuutsu,"Comedy, Mystery, Parody, School, Sci-Fi, Slice of Life",TV,14,428569
10825,72,8,Full Metal Panic? Fumoffu,"Action, Comedy, School",TV,12,171086
50232,56,5,Avenger,"Adventure, Fantasy, Sci-Fi, Shounen",TV,13,12286
17578,288,9,Bakuten Shoot Beyblade,"Action, Adventure, Comedy, Sci-Fi, Shounen, Sports",TV,51,49467
6100,731,8,Interstella5555: The 5tory of The 5ecret 5tar 5ystem,"Adventure, Drama, Music, Sci-Fi",Music,1,31464
41228,22535,9,Kiseijuu: Sei no Kakuritsu,"Action, Drama, Horror, Psychological, Sci-Fi, Seinen",TV,24,425457
51689,7791,6,K-On!!,"Comedy, Music, School, Slice of Life",TV,26,246276
53283,226,10,Elfen Lied,"Action, Drama, Horror, Psychological, Romance, Seinen, Supernatural",TV,13,623511
70165,15225,10,Hentai Ouji to Warawanai Neko.,"Comedy, Harem, Romance, School, Seinen, Supernatural",TV,12,201735
66706,191,7,Love Hina Christmas Special: Silent Eve,"Comedy, Romance, Slice of Life",Special,1,45137
19104,28171,8,Shokugeki no Souma,"Ecchi, School, Shounen",TV,24,348951
18308,10620,-1,Mirai Nikki (TV),"Action, Mystery, Psychological, Shounen, Supernatural, Thriller",TV,26,657190
38966,1462,8,Memories,"Drama, Horror, Psychological, Sci-Fi",Movie,3,38643
39957,6573,8,Darker than Black: Ryuusei no Gemini,"Action, Mystery, Sci-Fi, Super Power",TV,12,222243
66631,427,9,Kaleido Star,"Comedy, Drama, Fantasy, Shoujo",TV,51,42253
7928,11887,9,Kokoro Connect,"Comedy, Drama, Romance, School, Slice of Life, Supernatural",TV,13,283847
28264,32606,6,Onigiri,"Comedy, Fantasy, Supernatural",TV,13,15364
28460,857,7,Air Gear,"Action, Comedy, Ecchi, Shounen, Sports",TV,25,194611
13032,20359,-1,Yamada-kun to 7-nin no Majo,"Comedy, School, Shounen, Supernatural",ONA,1,23937
26115,5680,6,K-On!,"Comedy, Music, School, Slice of Life",TV,13,386048
45871,2403,7,Kodomo no Jikan (TV),"Comedy, Ecchi, School",TV,12,63348
16154,2246,-1,Mononoke,"Demons, Fantasy, Historical, Horror, Mystery, Seinen, Supernatural",TV,12,88850
68322,3927,10,Mobile Suit Gundam 00 Second Season,"Action, Drama, Mecha, Military, Sci-Fi, Space",TV,25,86972
38168,9958,-1,Hayate no Gotoku! Heaven Is a Place on Earth,"Comedy, Harem, Parody",Movie,1,22973
50735,72,9,Full Metal Panic? Fumoffu,"Action, Comedy, School",TV,12,171086
42154,12001,6,One Piece 3D: Gekisou! Trap Coaster,"Action, Adventure, Comedy, Fantasy, Shounen",Movie,1,10373
8421,225,6,Dragon Ball GT,"Action, Adventure, Comedy, Fantasy, Magic, Sci-Fi, Shounen, Super Power",TV,64,226625
35175,14751,8,Bishoujo Senshi Sailor Moon Crystal,"Demons, Magic, Romance, Shoujo",ONA,26,69702
17900,4026,7,Pokemon Diamond &amp; Pearl: Giratina to Sora no Hanataba Sheimi,"Action, Adventure, Fantasy, Kids",Movie,1,32654
65796,9314,8,Fractale,"Adventure, Fantasy, Sci-Fi",TV,11,55100
23465,443,7,Onegai☆Teacher: Himitsu na Futari,"Comedy, Ecchi, Romance, Sci-Fi",OVA,1,32134
22946,34103,-1,Danganronpa 3: The End of Kibougamine Gakuen - Kibou-hen,"Action, Horror, Mystery, Psychological",Special,1,29969
71688,3457,7,Vampire Knight,"Drama, Mystery, Romance, Shoujo, Supernatural, Vampire",TV,13,286826
31335,27,8,Trinity Blood,"Action, Supernatural, Vampire",TV,24,113791
35586,12365,8,Bakuman. 3rd Season,"Comedy, Drama, Romance, Shounen",TV,25,133620
27702,270,10,Hellsing,"Action, Horror, Seinen, Supernatural, Vampire",TV,13,308995
52498,6746,8,Durarara!!,"Action, Mystery, Supernatural",TV,24,556431
5475,4282,6,Kara no Kyoukai 5: Mujun Rasen,"Action, Drama, Mystery, Romance, Supernatural, Thriller",Movie,1,111074
39159,1082,7,Hikari to Mizu no Daphne,"Comedy, Drama, Mystery, Police, Psychological, Sci-Fi",TV,24,8876
11339,3991,8,Mahou Shoujo-tai Arusu the Adventure,"Adventure, Comedy, Fantasy, Magic",OVA,6,3208
70235,5680,-1,K-On!,"Comedy, Music, School, Slice of Life",TV,13,386048
12718,8302,6,Ladies versus Butlers! Specials,"Ecchi, Seinen",Special,6,18524
24316,7724,10,Shiki,"Mystery, Supernatural, Thriller, Vampire",TV,22,251093
7369,6884,6,Ookami to Koushinryou II Specials,Fantasy,Special,2,34903
54148,3269,-1,.hack//G.U. Trilogy,"Action, Fantasy, Game, Sci-Fi",Movie,1,22537
42198,10087,9,Fate/Zero,"Action, Fantasy, Supernatural",TV,13,453630
69495,22535,10,Kiseijuu: Sei no Kakuritsu,"Action, Drama, Horror, Psychological, Sci-Fi, Seinen",TV,24,425457
28520,8557,9,Shinryaku! Ika Musume,"Comedy, Shounen, Slice of Life",TV,12,95242
15790,202,-1,Wolf&#039;s Rain,"Action, Adventure, Drama, Fantasy, Mystery, Sci-Fi",TV,26,171863
10040,9675,-1,Kami nomi zo Shiru Sekai: Flag 0,"Comedy, Shounen, Supernatural",OVA,1,35753
22083,10161,5,No.6,"Action, Sci-Fi",TV,11,168017
6451,11111,9,Another,"Horror, Mystery, School, Supernatural, Thriller",TV,12,534657
33172,1579,7,Kiniro no Corda: Primo Passo,"Comedy, Drama, Harem, Magic, Music, Romance, School, Shoujo",TV,25,63134
28094,2034,-1,Lovely★Complex,"Comedy, Romance, Shoujo",TV,24,235003
56793,7054,-1,Kaichou wa Maid-sama!,"Comedy, Romance, School, Shoujo",TV,26,391628
5826,543,8,Vampire Hunter D (2000),"Action, Drama, Fantasy, Horror, Romance, Sci-Fi, Vampire",Movie,1,68229
4834,24,8,School Rumble,"Comedy, Romance, School, Shounen",TV,26,178553
9384,23273,10,Shigatsu wa Kimi no Uso,"Drama, Music, Romance, School, Shounen",TV,22,416397
50761,20689,8,Hamatora The Animation,"Comedy, Mystery, Super Power",TV,12,133571
10442,450,7,InuYasha: Kagami no Naka no Mugenjo,"Adventure, Demons, Drama, Fantasy, Historical, Romance, Shounen, Supernatural",Movie,1,54854
67732,63,5,DearS,"Comedy, Ecchi, Harem, Romance, Sci-Fi",TV,12,91037
28520,14355,7,Yama no Susume,"Adventure, Comedy, Slice of Life",TV,12,27487
33216,268,8,Golden Boy,"Adventure, Comedy, Ecchi",OVA,6,113040
5708,157,8,Mahou Sensei Negima!,"Comedy, Ecchi, Fantasy, Harem, Magic, Romance, School, Shounen, Super Power, Supernatural",TV,26,76253
10952,11633,-1,Blood Lad,"Action, Comedy, Demons, Seinen, Supernatural, Vampire",TV,10,241513
65703,28927,8,Owari no Seraph: Nagoya Kessen-hen,"Action, Drama, Shounen, Supernatural, Vampire",TV,12,190058
56508,112,2,Chou Henshin Cosprayers,"Action, Adventure, Comedy, Ecchi, Fantasy, Magic, Sci-Fi, Super Power",TV,8,5555
5886,3931,7,Initial D Battle Stage 2,"Action, Cars, Drama, Seinen, Sports",OVA,1,11015
73162,241,7,Girls Bravo: First Season,"Comedy, Ecchi, Fantasy, Harem, Romance, School",TV,11,84395
40552,918,10,Gintama,"Action, Comedy, Historical, Parody, Samurai, Sci-Fi, Shounen",TV,201,336376
47253,462,8,One Piece Movie 4: Dead End no Bouken,"Action, Adventure, Comedy, Fantasy, Shounen, Super Power",Movie,1,39946
18640,2971,6,Kyou kara Maou! R,"Adventure, Comedy, Fantasy",OVA,5,14845
10419,16049,8,Toaru Kagaku no Railgun S,"Action, Sci-Fi, Super Power",TV,24,137105
45736,338,-1,Rose of Versailles,"Adventure, Drama, Historical, Romance, Shoujo",TV,40,32188
17690,1117,-1,Pokemon: Maboroshi no Pokemon Lugia Bakutan,"Adventure, Comedy, Drama, Fantasy, Kids",Movie,1,78876
30864,12677,-1,Ozma,"Action, Sci-Fi",TV,6,11556
18223,242,9,Gokusen,"Comedy, Drama, Josei, School, Slice of Life",TV,13,22009
54946,880,-1,Aa! Megami-sama!: Sorezore no Tsubasa,"Comedy, Magic, Romance, Seinen, Supernatural",TV,22,42026
13547,30749,6,Saijaku Muhai no Bahamut,"Action, Ecchi, Fantasy, Harem, Mecha, Romance, School, Supernatural",TV,12,94430
611,16904,-1,K: Missing Kings,"Action, Super Power, Supernatural",Movie,1,98549
69037,13659,8,Ore no Imouto ga Konnani Kawaii Wake ga Nai.,"Comedy, Seinen, Slice of Life",TV,13,194791
57552,6811,6,InuYasha: Kanketsu-hen,"Action, Adventure, Comedy, Demons, Fantasy, Magic, Romance, Shounen, Supernatural",TV,26,99128
73159,10719,7,Boku wa Tomodachi ga Sukunai,"Comedy, Ecchi, Harem, Romance, School, Seinen, Slice of Life",TV,12,325664
58098,853,9,Ouran Koukou Host Club,"Comedy, Harem, Romance, School, Shoujo",TV,26,422271
7445,28907,8,"Gate: Jieitai Kanochi nite, Kaku Tatakaeri","Action, Adventure, Fantasy, Military",TV,12,244314
64419,19163,7,Date A Live II,"Comedy, Harem, Mecha, Romance, School, Sci-Fi",TV,10,186187
44780,15225,6,Hentai Ouji to Warawanai Neko.,"Comedy, Harem, Romance, School, Seinen, Supernatural",TV,12,201735
11840,22745,7,Brothers Conflict Special,"Harem, Romance, Shoujo",Special,1,10451
8163,199,10,Sen to Chihiro no Kamikakushi,"Adventure, Drama, Supernatural",Movie,1,466254
41326,16009,8,Kamisama no Inai Nichiyoubi,"Fantasy, Mystery",TV,12,122031
60093,6895,7,Hakuouki,"Action, Drama, Historical, Josei, Samurai, Supernatural",TV,12,90612
12890,18849,9,Natsume Yuujinchou: Nyanko-sensei to Hajimete no Otsukai,"Drama, Fantasy, Shoujo, Slice of Life, Supernatural",Special,1,14703
53364,7769,7,Ookami-san to Shichinin no Nakama-tachi,"Comedy, Parody, Romance",TV,12,145982
52481,1813,8,Genshiken OVA,"Comedy, Parody, Slice of Life",OVA,3,35493
58547,4898,6,Kuroshitsuji,"Action, Comedy, Demons, Fantasy, Historical, Shounen, Supernatural",TV,24,424919
52022,8652,8,Arbeit Shiyo!!,Hentai,OVA,3,1841
4948,21809,-1,Kenzen Robo Daimidaler,"Comedy, Ecchi, Mecha, Seinen",TV,12,33059
32596,2608,9,Wangan Midnight,"Action, Cars, Seinen, Sports",TV,26,10058
52343,659,9,Azumanga Daioh: Gekijou Tanpen,"Comedy, School, Slice of Life",Special,1,28941
53767,9074,9,Arakawa Under the Bridge x Bridge,"Comedy, Romance, Seinen",TV,13,80394
21734,5114,10,Fullmetal Alchemist: Brotherhood,"Action, Adventure, Drama, Fantasy, Magic, Military, Shounen",TV,64,793665
35809,2167,8,Clannad,"Comedy, Drama, Romance, School, Slice of Life, Supernatural",TV,23,566690
9996,11617,5,High School DxD,"Comedy, Demons, Ecchi, Harem, Romance, School",TV,12,398660
35025,10477,-1,Haiyoru! Nyaruani: Remember My Love(craft-sensei) Special,"Comedy, Sci-Fi",Special,1,8434
16363,20973,-1,Sekai Seifuku: Bouryaku no Zvezda,"Action, Comedy, Fantasy",TV,12,67877
40931,822,-1,Initial D Extra Stage,"Action, Cars, Drama, Seinen, Sports",OVA,2,15363
33285,15689,-1,Nekomonogatari: Kuro,"Comedy, Romance, Supernatural",TV,4,173264
18191,2787,8,Shakugan no Shana II (Second),"Action, Drama, Fantasy, Romance, School, Supernatural",TV,24,184525
5784,6793,8,Kuroshitsuji Special,"Comedy, Demons, Parody",Special,1,53706
69036,11235,-1,Amagami SS+ Plus,"Comedy, Romance, School, Slice of Life",TV,13,73813
63887,513,10,Tenkuu no Shiro Laputa,"Adventure, Fantasy, Romance, Sci-Fi",Movie,1,151061
72523,2236,-1,Toki wo Kakeru Shoujo,"Adventure, Drama, Romance, Sci-Fi",Movie,1,289206
54401,174,7,Tenjou Tenge,"Action, Comedy, Ecchi, Martial Arts, School, Shounen, Super Power",TV,24,103449
53698,1335,5,Ghost in the Shell: Stand Alone Complex - Tachikoma na Hibi,"Comedy, Mecha, Sci-Fi",Special,26,18178
51057,85,-1,Mobile Suit Zeta Gundam,"Drama, Mecha, Military, Sci-Fi, Space",TV,50,28959
26904,8668,5,Seikon no Qwaser Picture Drama,Ecchi,Special,16,8932
31507,11759,7,Accel World,"Action, Game, Romance, School, Sci-Fi",TV,24,324284
40799,65,-1,Rozen Maiden: Träumend,"Action, Comedy, Drama, Magic, Seinen",TV,12,72645
60477,2251,9,Baccano!,"Action, Comedy, Historical, Mystery, Seinen, Supernatural",TV,13,363215
22207,11887,-1,Kokoro Connect,"Comedy, Drama, Romance, School, Slice of Life, Supernatural",TV,13,283847
51692,9724,8,Break Blade 5: Shisen no Hate,"Action, Mecha, Military, Shounen",Movie,1,40053
3344,32595,-1,Seisen Cerberus: Ryuukoku no Fatalités,"Adventure, Fantasy",TV,13,49394
32729,15051,8,Love Live! School Idol Project,"Music, School, Slice of Life",TV,13,155281
26014,16592,6,Danganronpa: Kibou no Gakuen to Zetsubou no Koukousei The Animation,"Action, Horror, Mystery, Psychological",TV,13,298550
67027,1033,6,Sennen Joyuu,"Action, Adventure, Drama, Fantasy, Historical, Romance",Movie,1,58492
54066,241,10,Girls Bravo: First Season,"Comedy, Ecchi, Fantasy, Harem, Romance, School",TV,11,84395
47107,22877,5,Seirei Tsukai no Blade Dance,"Action, Comedy, Ecchi, Fantasy, Harem, Romance, School, Supernatural",TV,12,124448
1497,12291,7,Acchi Kocchi (TV),"Comedy, Romance, School, Seinen, Slice of Life",TV,12,127973
45986,2993,10,Rosario to Vampire,"Comedy, Ecchi, Fantasy, Harem, Romance, School, Shounen, Vampire",TV,13,299278
1298,9756,-1,Mahou Shoujo Madoka★Magica,"Drama, Magic, Psychological, Thriller",TV,12,462974
68250,1905,9,Harukanaru Toki no Naka de: Hachiyou Shou Specials,"Fantasy, Historical, Magic, Romance, Shoujo, Supernatural",Special,8,1773
6092,7662,-1,Shinrei Tantei Yakumo,"Horror, Mystery, Shoujo, Supernatural",TV,13,78952
9243,2476,8,School Days,"Drama, Harem, Romance, School",TV,12,279183
59402,1505,-1,Detective Conan Movie 09: Strategy Above the Depths,"Adventure, Comedy, Mystery, Police, Shounen",Movie,1,20347
12151,9253,10,Steins;Gate,"Sci-Fi, Thriller",TV,24,673572
48358,14967,-1,Boku wa Tomodachi ga Sukunai Next,"Comedy, Harem, Romance, School, Seinen, Slice of Life",TV,12,214319
36360,9253,8,Steins;Gate,"Sci-Fi, Thriller",TV,24,673572
32716,6922,-1,Fate/stay night Movie: Unlimited Blade Works,"Action, Fantasy, Magic, Supernatural",Movie,1,110983
32385,12365,10,Bakuman. 3rd Season,"Comedy, Drama, Romance, Shounen",TV,25,133620
9631,28805,10,Bakemono no Ko,"Adventure, Supernatural",Movie,1,80825
71224,8841,9,Kore wa Zombie Desu ka?,"Action, Comedy, Ecchi, Harem, Magic, Supernatural",TV,12,295782
65128,205,7,Samurai Champloo,"Action, Adventure, Comedy, Historical, Samurai, Shounen",TV,26,390076
1012,5341,10,Ookami to Koushinryou II,"Adventure, Fantasy, Historical, Romance",TV,12,210491
32548,4181,9,Clannad: After Story,"Drama, Fantasy, Romance, Slice of Life, Supernatural",TV,24,456749
426,20785,-1,Mahouka Koukou no Rettousei,"Magic, Romance, School, Sci-Fi, Supernatural",TV,26,285317
22987,30503,7,Noragami Aragoto,"Action, Adventure, Shounen, Supernatural",TV,13,299434
10321,1361,8,Final Fantasy: The Spirits Within,Sci-Fi,Movie,1,53822
23750,9756,9,Mahou Shoujo Madoka★Magica,"Drama, Magic, Psychological, Thriller",TV,12,462974
43103,8516,7,Baka to Test to Shoukanjuu Ni!,"Comedy, Romance, School, Super Power",TV,13,183722
14242,18679,10,Kill la Kill,"Action, Comedy, School, Super Power",TV,24,508118
37985,21939,9,Mushishi Zoku Shou,"Adventure, Fantasy, Historical, Mystery, Seinen, Slice of Life, Supernatural",TV,10,101351
15130,20541,6,Mikakunin de Shinkoukei,"Comedy, Romance, School, Slice of Life",TV,12,133385
55994,9656,-1,Kimi ni Todoke 2nd Season,"Romance, School, Shoujo, Slice of Life",TV,12,171866
6216,164,7,Mononoke Hime,"Action, Adventure, Fantasy",Movie,1,339556
12968,400,9,Seihou Bukyou Outlaw Star,"Action, Adventure, Comedy, Sci-Fi, Space",TV,24,78600
12138,5341,8,Ookami to Koushinryou II,"Adventure, Fantasy, Historical, Romance",TV,12,210491
4521,889,-1,Black Lagoon,"Action, Seinen",TV,12,332562
54629,24439,5,Kekkai Sensen,"Action, Fantasy, Shounen, Super Power, Supernatural, Vampire",TV,12,220573
12392,22199,10,Akame ga Kill!,"Action, Adventure, Fantasy",TV,24,492133
43790,227,7,FLCL,"Action, Comedy, Dementia, Mecha, Parody, Sci-Fi",OVA,6,305165
7514,2248,4,Naruto: Dai Katsugeki!! Yuki Hime Shinobu Houjou Dattebayo! Special: Konoha Annual Sports Festival,"Action, Comedy, Fantasy, Martial Arts, Shounen, Sports",Special,1,47988
53421,30901,7,Utawarerumono: Itsuwari no Kamen,"Action, Drama, Fantasy",TV,25,55851
8217,1241,9,Mobile Suit Gundam Seed Destiny Final Plus: The Chosen Future,"Drama, Mecha, Military, Sci-Fi, Space",OVA,1,16102
13234,16049,8,Toaru Kagaku no Railgun S,"Action, Sci-Fi, Super Power",TV,24,137105
57913,944,-1,The Third: Aoi Hitomi no Shoujo,"Action, Adventure, Sci-Fi, Seinen",TV,24,14304
32856,32189,-1,Danganronpa 3: The End of Kibougamine Gakuen - Mirai-hen,"Action, Horror, Mystery, Psychological",TV,12,83343
28619,1691,8,Kaze no Stigma,"Action, Fantasy, Magic, Romance, Shounen",TV,24,205338
42093,431,8,Howl no Ugoku Shiro,"Adventure, Drama, Fantasy, Romance",Movie,1,333186
73282,16498,10,Shingeki no Kyojin,"Action, Drama, Fantasy, Shounen, Super Power",TV,25,896229
7432,6922,8,Fate/stay night Movie: Unlimited Blade Works,"Action, Fantasy, Magic, Supernatural",Movie,1,110983
26320,1894,9,Yu☆Gi☆Oh!: Hikari no Pyramid,"Adventure, Comedy, Fantasy, Game",Movie,1,37398
29303,9723,-1,Hakuouki Hekketsuroku Episode 0,"Action, Drama, Harem, Historical, Josei, Samurai, Supernatural, Vampire",Special,1,8025
27338,529,7,Saishuu Heiki Kanojo,"Drama, Romance, School, Sci-Fi",TV,13,58051
71990,6610,-1,Ibara no Ou,"Action, Mystery, Sci-Fi, Thriller",Movie,1,38670
26117,15775,-1,Saint☆Oniisan,"Comedy, Seinen, Slice of Life",OVA,2,33668
49858,517,7,School Rumble Ichi Gakki Hoshuu,"Comedy, Romance, School, Shounen",OVA,2,40868
30714,27899,8,Tokyo Ghoul √A,"Action, Drama, Horror, Mystery, Psychological, Seinen, Supernatural",TV,12,408357
67670,4654,5,Toaru Majutsu no Index,"Action, Magic, Sci-Fi, Super Power",TV,24,313114
45944,16662,6,Kaze Tachinu,"Drama, Historical, Romance",Movie,1,75359
65360,31737,6,Gakusen Toshi Asterisk 2nd Season,"Comedy, Ecchi, Fantasy, Harem, Romance, School, Sci-Fi, Supernatural",TV,12,101287
11915,24439,9,Kekkai Sensen,"Action, Fantasy, Shounen, Super Power, Supernatural, Vampire",TV,12,220573
1350,24135,6,Nobunaga Concerto,"Historical, Romance, Shounen",TV,10,25167
50215,127,7,Gate Keepers,"Action, Comedy, Fantasy, Mecha, Sci-Fi, Shounen",TV,24,14582
60188,5680,10,K-On!,"Comedy, Music, School, Slice of Life",TV,13,386048
72421,11617,-1,High School DxD,"Comedy, Demons, Ecchi, Harem, Romance, School",TV,12,398660
38232,12467,3,Nazo no Kanojo X,"Ecchi, Romance, School, Seinen",TV,13,99788
10383,888,10,Megami Kouhosei,"Action, Mecha, Military, Sci-Fi, Space",TV,12,14757
34977,460,-1,One Piece Movie 2: Nejimaki-jima no Daibouken,"Action, Adventure, Comedy, Fantasy, Shounen, Super Power",Movie,1,37792
294,2593,8,Kara no Kyoukai 1: Fukan Fuukei,"Action, Mystery, Supernatural, Thriller",Movie,1,178880
51597,1400,8,Macross 7 Movie: Ginga ga Ore wo Yondeiru!,"Action, Adventure, Comedy, Drama, Mecha, Music, Sci-Fi, Shounen",Movie,1,5270
36324,12113,-1,Berserk: Ougon Jidai-hen II - Doldrey Kouryaku,"Action, Adventure, Demons, Drama, Fantasy, Horror, Military, Seinen, Supernatural",Movie,1,66721
50759,740,7,Bishoujo Senshi Sailor Moon R,"Demons, Magic, Romance, Shoujo",TV,43,73305
45917,1689,9,Byousoku 5 Centimeter,"Drama, Romance, Slice of Life",Movie,3,324035
10322,1698,9,Nodame Cantabile,"Comedy, Drama, Josei, Music, Romance, Slice of Life",TV,23,157025
5278,6774,9,Kuuchuu Buranko,"Comedy, Drama, Psychological, Seinen",TV,11,41521
16886,14397,9,Chihayafuru 2,"Drama, Game, Josei, Slice of Life, Sports",TV,25,86074
18765,10067,7,Angel Beats!: Another Epilogue,"Drama, School, Supernatural",Special,1,134180
64437,14967,-1,Boku wa Tomodachi ga Sukunai Next,"Comedy, Harem, Romance, School, Seinen, Slice of Life",TV,12,214319
23077,853,10,Ouran Koukou Host Club,"Comedy, Harem, Romance, School, Shoujo",TV,26,422271
50324,2332,-1,Plastic Little,"Action, Adventure, Comedy, Ecchi, Mecha, Military, Romance, Sci-Fi",OVA,1,7287
71601,9471,9,Baka to Test to Shoukanjuu: Matsuri,"Comedy, School, Super Power",OVA,2,67684
37066,6347,-1,Baka to Test to Shoukanjuu,"Comedy, Romance, School, Super Power",TV,13,301282
15188,27787,6,Nisekoi:,"Comedy, Harem, Romance, School, Shounen",TV,12,180686
22855,270,10,Hellsing,"Action, Horror, Seinen, Supernatural, Vampire",TV,13,308995
65303,20031,8,D-Frag!,"Comedy, Game, School, Seinen",TV,12,154548
13879,2966,9,Ookami to Koushinryou,"Adventure, Fantasy, Historical, Romance",TV,13,334932
65611,16067,8,Nagi no Asukara,"Drama, Fantasy, Romance",TV,26,224947
54282,853,10,Ouran Koukou Host Club,"Comedy, Harem, Romance, School, Shoujo",TV,26,422271
51485,90,10,Mobile Suit Gundam Wing,"Action, Drama, Mecha, Military, Sci-Fi, Space",TV,49,86001
54162,168,-1,s.CRY.ed,"Action, Adventure, Drama, Sci-Fi, Super Power",TV,26,52784
15226,11285,-1,Black★Rock Shooter (TV),"Action, Drama, School, Slice of Life",TV,8,198991
14533,31389,9,Fate/stay night: Unlimited Blade Works 2nd Season - Sunny Day,"Action, Fantasy, Magic, Shounen, Supernatural",Special,1,26382
53914,3076,-1,Bishoujo Senshi Sailor Moon SuperS Special,"Magic, Romance, Shoujo",Special,3,12317
27676,889,-1,Black Lagoon,"Action, Seinen",TV,12,332562
5534,3226,8,Major S4,"Comedy, Drama, Shounen, Sports",TV,26,28002
19369,19151,7,Walkure Romanze,"Action, Ecchi, Harem, Romance, School, Sports",TV,12,56131
32324,28907,10,"Gate: Jieitai Kanochi nite, Kaku Tatakaeri","Action, Adventure, Fantasy, Military",TV,12,244314
72957,1535,-1,Death Note,"Mystery, Police, Psychological, Supernatural, Thriller",TV,37,1013917
46415,9289,-1,Hanasaku Iroha,"Comedy, Drama, Seinen, Slice of Life",TV,26,150393
12792,1602,-1,Soukou no Strain,"Drama, Ecchi, Mecha, Military, Sci-Fi, Space",TV,13,14925
21244,16011,6,Tokyo Ravens,"Comedy, School, Shounen, Super Power, Supernatural",TV,24,171384
68171,2204,9,Karakuri Zoushi Ayatsuri Sakon,"Horror, Mystery, Thriller",TV,26,6197
53959,6747,7,Dance in the Vampire Bund,"Action, Supernatural, Vampire",TV,12,121005
30138,17265,5,Log Horizon,"Action, Adventure, Fantasy, Game, Magic, Shounen",TV,25,387100
47019,2001,8,Tengen Toppa Gurren Lagann,"Action, Adventure, Comedy, Mecha, Sci-Fi",TV,27,562962
46906,1505,5,Detective Conan Movie 09: Strategy Above the Depths,"Adventure, Comedy, Mystery, Police, Shounen",Movie,1,20347
29192,11113,7,Usagi Drop Specials,"Josei, Slice of Life",Special,4,36351
63557,8074,8,Highschool of the Dead,"Action, Ecchi, Horror, Supernatural",TV,12,535892
14029,19163,10,Date A Live II,"Comedy, Harem, Mecha, Romance, School, Sci-Fi",TV,10,186187
47098,19261,7,Gintama x Mameshiba,"Comedy, Parody",Special,6,5566
62652,27655,10,Aldnoah.Zero 2nd Season,"Action, Mecha, Sci-Fi, Space",TV,12,149364
49993,14921,-1,RDG: Red Data Girl,"Fantasy, Magic",TV,12,67100
60287,10620,9,Mirai Nikki (TV),"Action, Mystery, Psychological, Shounen, Supernatural, Thriller",TV,26,657190
53492,19469,3,Saiki Kusuo no Ψ-nan,"Comedy, School, Shounen, Supernatural",ONA,1,3584
23482,202,10,Wolf&#039;s Rain,"Action, Adventure, Drama, Fantasy, Mystery, Sci-Fi",TV,26,171863
59534,227,9,FLCL,"Action, Comedy, Dementia, Mecha, Parody, Sci-Fi",OVA,6,305165
62787,18897,8,Nisekoi,"Comedy, Harem, Romance, School, Shounen",TV,20,347599
59920,10152,7,Kimi ni Todoke 2nd Season: Kataomoi,"Romance, Shoujo",Special,1,35243
42550,665,6,JoJo no Kimyou na Bouken: Adventure,"Adventure, Drama, Fantasy, Horror, Shounen, Supernatural, Vampire",OVA,7,20337
12266,2132,9,Inukami! The Movie: Tokumei Reiteki Sousakan Karina Shirou!,"Comedy, Ecchi, Magic, Romance, Supernatural",Movie,1,13115
60871,24415,9,Kuroko no Basket 3rd Season,"Comedy, School, Shounen, Sports",TV,25,184525
52698,1482,9,D.Gray-man,"Action, Adventure, Comedy, Shounen",TV,103,334399
12730,269,10,Bleach,"Action, Comedy, Shounen, Super Power, Supernatural",TV,366,624055
51049,31,-1,Neon Genesis Evangelion: Death &amp; Rebirth,"Drama, Mecha, Psychological, Sci-Fi",Movie,1,102093
11366,1648,7,UFO Princess Valkyrie 4: Toki to Yume to Ginga no Utage,"Comedy, Romance, Sci-Fi",OVA,2,3993
21531,245,8,Great Teacher Onizuka,"Comedy, Drama, School, Shounen, Slice of Life",TV,43,268487
41573,12673,-1,Papa no Iukoto wo Kikinasai!: Pokkapoka,"Comedy, Romance, Slice of Life",Special,1,22414
15052,6746,8,Durarara!!,"Action, Mystery, Supernatural",TV,24,556431
65535,28223,7,Death Parade,"Drama, Game, Mystery, Psychological, Thriller",TV,12,383914
50468,5505,9,Viper&#039;s Creed,"Action, Military, Sci-Fi",TV,12,7393
45064,4849,6,Triangle Heart: Sazanami Joshi Ryo,Hentai,OVA,5,1549
6958,5277,6,Sekirei: Pure Engagement,"Action, Comedy, Ecchi, Harem, Super Power",TV,13,113911
10003,2404,6,Zombie-Loan,"Action, Horror, Shounen, Supernatural",TV,11,93637
20313,849,7,Suzumiya Haruhi no Yuuutsu,"Comedy, Mystery, Parody, School, Sci-Fi, Slice of Life",TV,14,428569
40052,226,9,Elfen Lied,"Action, Drama, Horror, Psychological, Romance, Seinen, Supernatural",TV,13,623511
6606,1562,8,Yamato Nadeshiko Shichihenge♥,"Comedy, Shoujo",TV,25,92088
52917,5,7,Cowboy Bebop: Tengoku no Tobira,"Action, Drama, Mystery, Sci-Fi, Space",Movie,1,137636
4241,7674,10,Bakuman.,"Comedy, Romance, Shounen",TV,25,246899
65485,14227,7,Tonari no Kaibutsu-kun,"Comedy, Romance, School, Shoujo, Slice of Life",TV,13,349836
45015,512,9,Majo no Takkyuubin,"Adventure, Comedy, Drama, Fantasy, Magic, Romance",Movie,1,152331
39491,8074,10,Highschool of the Dead,"Action, Ecchi, Horror, Supernatural",TV,12,535892
4890,6704,6,Queen&#039;s Blade: Rurou no Senshi Specials,"Action, Adventure, Ecchi, Fantasy",Special,6,9470
18998,24151,-1,Ao Haru Ride OVA,"Romance, School, Shoujo, Slice of Life",OVA,2,46864
64803,5039,9,Kurozuka,"Action, Drama, Historical, Horror, Romance, Sci-Fi, Vampire",TV,12,52145
20385,30100,7,Black Bullet: Tenchuu＊Girls,Fantasy,Special,1,6806
22908,22123,7,Inugami-san to Nekoyama-san,"Comedy, School, Shoujo Ai",TV,12,35872
61710,25183,9,Gangsta.,"Action, Drama, Seinen",TV,12,210752
14814,13377,6,Recorder to Randoseru Re♪,"Comedy, School, Seinen, Slice of Life",TV,13,17283
54690,8246,9,Naruto: Shippuuden Movie 4 - The Lost Tower,"Action, Comedy, Martial Arts, Shounen, Super Power",Movie,1,84527
49900,529,9,Saishuu Heiki Kanojo,"Drama, Romance, School, Sci-Fi",TV,13,58051
64825,5081,9,Bakemonogatari,"Mystery, Romance, Supernatural, Vampire",TV,15,482268
8688,13391,8,Rakuen Tsuihou: Expelled from Paradise,"Action, Mecha, Sci-Fi",Movie,1,46678
38069,227,7,FLCL,"Action, Comedy, Dementia, Mecha, Parody, Sci-Fi",OVA,6,305165
19959,22297,9,Fate/stay night: Unlimited Blade Works,"Action, Fantasy, Magic, Shounen, Supernatural",TV,12,267484
45130,10495,10,Yuru Yuri,"Comedy, School, Shoujo Ai, Slice of Life",TV,12,148140
58153,688,8,Uta Kata,"Drama, Magic",TV,12,16688
15946,5118,7,Suzumiya Haruhi-chan no Yuuutsu,"Comedy, Parody",ONA,25,70416
6152,4107,10,Tengen Toppa Gurren Lagann Movie: Gurren-hen,"Action, Comedy, Mecha",Movie,1,72933
39256,15225,7,Hentai Ouji to Warawanai Neko.,"Comedy, Harem, Romance, School, Seinen, Supernatural",TV,12,201735
72254,10790,9,Kore wa Zombie Desu ka? of the Dead,"Action, Comedy, Ecchi, Harem, Magic, Supernatural",TV,10,180032
23070,659,7,Azumanga Daioh: Gekijou Tanpen,"Comedy, School, Slice of Life",Special,1,28941
25902,5593,-1,Dogs: Bullets &amp; Carnage,"Action, Seinen",OVA,4,44826
33312,2904,10,Code Geass: Hangyaku no Lelouch R2,"Action, Drama, Mecha, Military, Sci-Fi, Super Power",TV,25,572888
66391,5080,3,Quiz Magic Academy: The Original Animation,"Comedy, Fantasy, Magic, School",OVA,1,7367
34436,11701,-1,Another: The Other - Inga,"Horror, Mystery, Thriller",OVA,1,86261
2331,11111,9,Another,"Horror, Mystery, School, Supernatural, Thriller",TV,12,534657
12890,28677,10,Yamada-kun to 7-nin no Majo (TV),"Comedy, Harem, Mystery, Romance, School, Shounen, Supernatural",TV,12,193566
70234,15335,-1,Gintama Movie: Kanketsu-hen - Yorozuya yo Eien Nare,"Action, Comedy, Historical, Parody, Samurai, Sci-Fi, Shounen",Movie,1,72534
62855,22199,10,Akame ga Kill!,"Action, Adventure, Fantasy",TV,24,492133
45603,223,7,Dragon Ball,"Adventure, Comedy, Fantasy, Martial Arts, Shounen, Super Power",TV,153,316102
42398,11741,8,Fate/Zero 2nd Season,"Action, Fantasy, Supernatural, Thriller",TV,12,340973
49192,10620,8,Mirai Nikki (TV),"Action, Mystery, Psychological, Shounen, Supernatural, Thriller",TV,26,657190
52501,1564,-1,Pokemon Advanced Generation,"Action, Adventure, Comedy, Fantasy, Kids",TV,192,67386
27364,11285,7,Black★Rock Shooter (TV),"Action, Drama, School, Slice of Life",TV,8,198991
17492,27631,-1,God Eater,"Action, Fantasy, Military, Sci-Fi",TV,13,192433
10390,7627,9,Mitsudomoe,"Comedy, School, Slice of Life",TV,13,56483
17433,10863,9,Steins;Gate: Oukoubakko no Poriomania,"Sci-Fi, Thriller",Special,1,159548
7562,1818,8,Claymore,"Action, Adventure, Demons, Fantasy, Shounen, Super Power, Supernatural",TV,26,316853
19251,11977,7,Mahou Shoujo Madoka★Magica Movie 1: Hajimari no Monogatari,"Drama, Magic, Psychological, Thriller",Movie,1,88164
39865,6547,9,Angel Beats!,"Action, Comedy, Drama, School, Supernatural",TV,13,717796
13383,31665,-1,Hibike! Euphonium: Kakedasu Monaka,"Drama, Music, School",Special,1,17770
594,11843,8,Danshi Koukousei no Nichijou,"Comedy, School, Shounen, Slice of Life",TV,12,258914
70513,250,10,Konjiki no Gash Bell!!,"Adventure, Comedy, Magic, Shounen, Supernatural",TV,150,51403
8039,2397,8,Digimon Adventure: Bokura no War Game!,"Adventure, Comedy, Kids, Sci-Fi",Movie,1,37078
36839,19815,9,No Game No Life,"Adventure, Comedy, Ecchi, Fantasy, Game, Supernatural",TV,12,602291
47785,1048,7,The SoulTaker: Tamashii-gari,"Demons, Horror, Supernatural",TV,13,15796
17650,1890,10,Clover,"Drama, Fantasy, Music, Sci-Fi, Shoujo",Music,1,8524
22155,199,9,Sen to Chihiro no Kamikakushi,"Adventure, Drama, Supernatural",Movie,1,466254
5861,20,8,Naruto,"Action, Comedy, Martial Arts, Shounen, Super Power",TV,220,683297
59123,732,10,Vampire Hunter D,"Action, Horror, Sci-Fi, Supernatural, Vampire",Movie,1,42377
72511,20,4,Naruto,"Action, Comedy, Martial Arts, Shounen, Super Power",TV,220,683297
15910,6880,6,Deadman Wonderland,"Action, Horror, Sci-Fi",TV,12,453454
46635,11061,-1,Hunter x Hunter (2011),"Action, Adventure, Shounen, Super Power",TV,148,425855
38909,469,-1,Karin,"Comedy, Romance, School, Shounen, Vampire",TV,24,106142
69522,13391,8,Rakuen Tsuihou: Expelled from Paradise,"Action, Mecha, Sci-Fi",Movie,1,46678
60717,4898,9,Kuroshitsuji,"Action, Comedy, Demons, Fantasy, Historical, Shounen, Supernatural",TV,24,424919
24310,11743,10,Toaru Majutsu no Index: Endymion no Kiseki,"Action, Magic, Sci-Fi, Super Power",Movie,1,54873
29165,401,10,Rurouni Kenshin: Meiji Kenkaku Romantan - Seisou-hen,"Drama, Historical, Romance, Samurai, Shounen",OVA,2,49454
17045,853,10,Ouran Koukou Host Club,"Comedy, Harem, Romance, School, Shoujo",TV,26,422271
66396,6707,7,Kuroshitsuji II,"Action, Comedy, Demons, Fantasy, Shounen, Supernatural",TV,12,234955
35570,3927,-1,Mobile Suit Gundam 00 Second Season,"Action, Drama, Mecha, Military, Sci-Fi, Space",TV,25,86972
5406,853,-1,Ouran Koukou Host Club,"Comedy, Harem, Romance, School, Shoujo",TV,26,422271
60621,637,7,Iketeru Futari,"Comedy, Ecchi, Romance, School, Seinen",TV,16,11933
50470,3389,6,Bus Gamer,Action,TV,3,20550
61401,2746,8,Vexille: 2077 Nihon Sakoku,"Action, Military, Sci-Fi",Movie,1,14754
6515,97,7,Last Exile,"Action, Adventure, Sci-Fi",TV,26,104193
65183,21659,9,Kill la Kill Special,"Action, Comedy, School, Super Power",Special,1,83795
9212,1535,9,Death Note,"Mystery, Police, Psychological, Supernatural, Thriller",TV,37,1013917
15130,10162,10,Usagi Drop,"Josei, Slice of Life",TV,11,194855
51259,2167,10,Clannad,"Comedy, Drama, Romance, School, Slice of Life, Supernatural",TV,23,566690
30303,5762,6,15 Bishoujo Hyouryuuki,"Comedy, Harem, Hentai",OVA,3,11680
8460,5114,9,Fullmetal Alchemist: Brotherhood,"Action, Adventure, Drama, Fantasy, Magic, Military, Shounen",TV,64,793665
53145,177,7,Tsubasa Chronicle,"Action, Adventure, Fantasy, Magic, Romance, Shounen, Supernatural",TV,26,134705
40367,11061,8,Hunter x Hunter (2011),"Action, Adventure, Shounen, Super Power",TV,148,425855
72446,22877,7,Seirei Tsukai no Blade Dance,"Action, Comedy, Ecchi, Fantasy, Harem, Romance, School, Supernatural",TV,12,124448
20848,21881,7,Sword Art Online II,"Action, Adventure, Fantasy, Game, Romance",TV,24,537892
66227,5277,8,Sekirei: Pure Engagement,"Action, Comedy, Ecchi, Harem, Super Power",TV,13,113911
21464,21653,10,IS: Infinite Stratos 2 - World Purge-hen,"Action, Comedy, Harem, Mecha, Sci-Fi",OVA,1,28626
53141,257,-1,Ikkitousen,"Ecchi, Martial Arts, School, Super Power",TV,13,88969
22062,16934,7,Chuunibyou demo Koi ga Shitai!: Kirameki no... Slapstick Noel,"Comedy, School",Special,1,72085
65705,1482,8,D.Gray-man,"Action, Adventure, Comedy, Shounen",TV,103,334399
6169,1074,8,Naruto Narutimate Hero 3: Tsuini Gekitotsu! Jounin vs. Genin!! Musabetsu Dairansen taikai Kaisai!!,"Adventure, Comedy, Game, Shounen",OVA,1,45188
31916,4752,-1,Vampire Knight Guilty,"Drama, Mystery, Romance, Shoujo, Supernatural, Vampire",TV,13,198492
721,10408,8,Hotarubi no Mori e,"Drama, Romance, Shoujo, Supernatural",Movie,1,197439
51693,34085,9,Sakura Nagashi,"Action, Drama, Mecha, Music, Sci-Fi",Music,1,2945
56092,30307,6,Monster Musume no Iru Nichijou,"Comedy, Ecchi, Fantasy, Harem, Romance, Seinen",TV,12,181845
53129,8476,8,Otome Youkai Zakuro,"Demons, Historical, Military, Romance, Seinen, Supernatural",TV,13,61957
8094,5671,6,Saki,"Game, School, Slice of Life",TV,25,55970
8371,1361,8,Final Fantasy: The Spirits Within,Sci-Fi,Movie,1,53822
8715,31478,9,Bungou Stray Dogs,"Action, Comedy, Mystery, Seinen, Supernatural",TV,12,187805
33243,30307,8,Monster Musume no Iru Nichijou,"Comedy, Ecchi, Fantasy, Harem, Romance, Seinen",TV,12,181845
27478,1840,7,Zero no Tsukaima: Futatsuki no Kishi,"Action, Adventure, Comedy, Ecchi, Fantasy, Harem, Magic, Romance, School",TV,12,235684
49666,5507,8,Senjou no Valkyria,"Action, Military, Romance",TV,26,77591
18070,9181,-1,Motto To LOVE-Ru,"Comedy, Ecchi, Harem, School, Sci-Fi, Shounen",TV,12,134988
60154,5114,10,Fullmetal Alchemist: Brotherhood,"Action, Adventure, Drama, Fantasy, Magic, Military, Shounen",TV,64,793665
8423,23755,8,Nanatsu no Taizai,"Action, Adventure, Ecchi, Fantasy, Shounen, Supernatural",TV,24,331627
5218,567,8,The Big O,"Action, Mecha, Mystery, Psychological, Sci-Fi",TV,26,45843
37512,22147,5,Amagi Brilliant Park,"Comedy, Magic",TV,13,217003
55189,2129,9,True Tears,"Drama, Romance, School",TV,13,118644
38959,21085,7,Witch Craft Works,"Action, Fantasy, Magic, Seinen, Supernatural",TV,12,106381
67509,28,5,Yakitate!! Japan,"Comedy, Shounen",TV,69,50876
10038,5,10,Cowboy Bebop: Tengoku no Tobira,"Action, Drama, Mystery, Sci-Fi, Space",Movie,1,137636
40580,4884,10,Tales of the Abyss,"Adventure, Drama, Fantasy",TV,26,74901
9686,269,7,Bleach,"Action, Comedy, Shounen, Super Power, Supernatural",TV,366,624055
45980,14713,7,Kamisama Hajimemashita,"Comedy, Demons, Fantasy, Romance, Shoujo, Supernatural",TV,13,189641
7330,5356,10,Canaan,"Action, Seinen",TV,13,123217
52217,8675,5,Seitokai Yakuindomo,"Comedy, School, Shounen, Slice of Life",TV,13,217617
177,20159,10,Pokemon: The Origin,"Action, Adventure, Comedy, Fantasy, Kids",Special,4,85947
5384,8230,-1,True Tears Epilogue,"Drama, Music, Romance",Music,1,8053
69199,5081,10,Bakemonogatari,"Mystery, Romance, Supernatural, Vampire",TV,15,482268
35018,120,8,Fruits Basket,"Comedy, Drama, Fantasy, Romance, Shoujo, Slice of Life",TV,26,242553
27017,2890,7,Gake no Ue no Ponyo,"Adventure, Fantasy",Movie,1,140277
45968,2251,9,Baccano!,"Action, Comedy, Historical, Mystery, Seinen, Supernatural",TV,13,363215
11536,12187,7,Carnival Phantasm EX Season,"Comedy, Supernatural",OVA,1,22955
71203,5060,9,Hetalia Axis Powers,"Comedy, Historical, Parody",ONA,52,144898
70015,24855,5,Girlfriend (Kari),"School, Slice of Life",TV,12,24338
1450,60,8,Chrno Crusade,"Action, Demons, Historical, Romance, Supernatural",TV,24,140865
53753,10794,2,IS: Infinite Stratos Encore - Koi ni Kogareru Rokujuusou,"Action, Comedy, Harem, Mecha, Sci-Fi",OVA,1,56577
32284,32,-1,Neon Genesis Evangelion: The End of Evangelion,"Dementia, Drama, Mecha, Psychological, Sci-Fi",Movie,1,215630
31255,5955,7,Toaru Majutsu no Index-tan,"Comedy, Parody",Special,2,32949
18863,9253,-1,Steins;Gate,"Sci-Fi, Thriller",TV,24,673572
9903,30240,10,Prison School,"Comedy, Ecchi, Romance, School, Seinen",TV,12,227734
317,157,8,Mahou Sensei Negima!,"Comedy, Ecchi, Fantasy, Harem, Magic, Romance, School, Shounen, Super Power, Supernatural",TV,26,76253
71564,20785,10,Mahouka Koukou no Rettousei,"Magic, Romance, School, Sci-Fi, Supernatural",TV,26,285317
67114,10155,7,Dog Days,"Action, Adventure, Fantasy, Magic",TV,13,97809
40352,4081,10,Natsume Yuujinchou,"Drama, Fantasy, Shoujo, Slice of Life, Supernatural",TV,13,210736
46599,22297,7,Fate/stay night: Unlimited Blade Works,"Action, Fantasy, Magic, Shounen, Supernatural",TV,12,267484
26656,2403,8,Kodomo no Jikan (TV),"Comedy, Ecchi, School",TV,12,63348
55098,249,9,InuYasha,"Action, Adventure, Comedy, Demons, Fantasy, Magic, Romance, Shounen, Supernatural",TV,167,281632
38184,759,8,Tokyo Godfathers,"Comedy, Drama",Movie,1,89424
19290,358,6,"Iriya no Sora, UFO no Natsu","Drama, Romance, Sci-Fi",OVA,6,18254
58462,5670,6,GA: Geijutsuka Art Design Class,"Comedy, School, Seinen, Slice of Life",TV,12,12825
42143,2001,7,Tengen Toppa Gurren Lagann,"Action, Adventure, Comedy, Mecha, Sci-Fi",TV,27,562962
57817,2020,8,One Piece: Nenmatsu Tokubetsu Kikaku! Mugiwara no Luffy Oyabun Torimonochou,"Adventure, Comedy, Fantasy, Shounen",Special,1,18307
2723,27833,8,Durarara!!x2 Ketsu,"Action, Mystery, Supernatural",TV,12,115295
64198,11785,10,Haiyore! Nyaruko-san,"Comedy, Parody, Sci-Fi",TV,12,154595
39337,5,6,Cowboy Bebop: Tengoku no Tobira,"Action, Drama, Mystery, Sci-Fi, Space",Movie,1,137636
43535,9312,6,Mofukuzuma,Hentai,OVA,2,3060
45621,8861,6,"Yosuga no Sora: In Solitude, Where We Are Least Alone.","Drama, Ecchi, Harem, Romance",TV,12,173216
51250,1910,8,Master Keaton OVA,"Adventure, Mystery",OVA,15,3205
899,11741,9,Fate/Zero 2nd Season,"Action, Fantasy, Supernatural, Thriller",TV,12,340973
35013,10380,-1,Oni Chichi: Re-birth,Hentai,OVA,1,14925
11365,885,10,Tenshi no Tamago,"Dementia, Drama, Fantasy",OVA,1,35634
7325,4477,8,Nodame Cantabile: Paris-hen,"Comedy, Josei, Music, Romance, Slice of Life",TV,11,70822
813,9656,9,Kimi ni Todoke 2nd Season,"Romance, School, Shoujo, Slice of Life",TV,12,171866
30737,3706,5,Seikoujo: Haitoku no Biden Dorei,Hentai,OVA,2,2038
50752,209,-1,R.O.D the TV,"Action, Adventure, Comedy, Drama, Sci-Fi, Super Power",TV,26,47053
42843,6956,9,Working!!,"Comedy, Slice of Life",TV,13,189367
5404,138,7,Hunter x Hunter: Greed Island,"Action, Adventure, Shounen, Super Power",OVA,8,57029
64899,17895,10,Golden Time,"Comedy, Romance, Seinen",TV,24,273191
12827,10418,-1,Deadman Wonderland OVA,"Action, Horror, Sci-Fi",OVA,1,78878
14093,20,1,Naruto,"Action, Comedy, Martial Arts, Shounen, Super Power",TV,220,683297
50596,1719,-1,Rozen Maiden: Ouvertüre,"Action, Comedy, Drama, Magic, Seinen",Special,2,44388
19389,5081,8,Bakemonogatari,"Mystery, Romance, Supernatural, Vampire",TV,15,482268
6602,433,9,"Kumo no Mukou, Yakusoku no Basho","Drama, Military, Romance, Sci-Fi",Movie,1,103975
68659,3588,6,Soul Eater,"Action, Adventure, Comedy, Fantasy, Shounen, Supernatural",TV,51,580184
58840,357,6,Bokusatsu Tenshi Dokuro-chan,"Comedy, Ecchi, Magic",OVA,4,117080
44930,10067,9,Angel Beats!: Another Epilogue,"Drama, School, Supernatural",Special,1,134180
40179,30,8,Neon Genesis Evangelion,"Action, Dementia, Drama, Mecha, Psychological, Sci-Fi",TV,26,461946
14180,52,7,Kidou Tenshi Angelic Layer,"Comedy, Drama, Sci-Fi, Shounen, Sports",TV,26,39758
8832,17895,9,Golden Time,"Comedy, Romance, Seinen",TV,24,273191
71866,9989,9,Ano Hi Mita Hana no Namae wo Bokutachi wa Mada Shiranai.,"Drama, Slice of Life, Supernatural",TV,11,463835
9531,28883,5,Hidan no Aria AA,"Action, School, Shoujo Ai",TV,12,39538
70170,15699,8,Haiyore! Nyaruko-san W,"Comedy, Parody, Sci-Fi",TV,12,84442
1822,4411,6,Mirai Robo Daltanias,"Comedy, Mecha, Shounen, Space",TV,47,509
7035,214,-1,Pia Carrot e Youkoso!! 2,"Comedy, Hentai, Romance",OVA,3,1408
69351,24913,8,Bokura wa Minna Kawaisou: Hajimete no,"Comedy, Romance, School, Slice of Life",Special,1,20622
3370,1120,7,Pokemon: Mizu no Miyako no Mamorigami Latias to Latios,"Adventure, Comedy, Drama, Fantasy, Kids",Movie,1,42389
25777,7088,7,Ichiban Ushiro no Daimaou,"Action, Comedy, Ecchi, Fantasy, Harem, Magic, School, Shounen",TV,12,203618
36391,3655,-1,Nabari no Ou,"Action, Comedy, Drama, Fantasy, Shounen, Supernatural",TV,26,107384
40257,3972,8,Yu☆Gi☆Oh! 5D&#039;s,"Action, Game, Shounen",TV,154,47119
53813,101,-1,Air,"Drama, Romance, Slice of Life, Supernatural",TV,13,188861
26170,1535,10,Death Note,"Mystery, Police, Psychological, Supernatural, Thriller",TV,37,1013917
34692,1195,-1,Zero no Tsukaima,"Action, Adventure, Comedy, Ecchi, Fantasy, Harem, Magic, Romance, School",TV,13,346828
40553,11757,8,Sword Art Online,"Action, Adventure, Fantasy, Game, Romance",TV,25,893100
50995,21267,7,Go! Go! 575,Slice of Life,TV,4,7755
4353,20939,10,"Ore no Nounai Sentakushi ga, Gakuen Love Comedy wo Zenryoku de Jama Shiteiru OVA","Comedy, Romance, School",OVA,1,35583
47937,9919,10,Ao no Exorcist,"Action, Demons, Fantasy, Shounen, Supernatural",TV,25,583823
30565,10958,7,High Score,"Comedy, Shoujo",TV,8,4894
342,32376,-1,Kindaichi Shounen no Jikenbo Returns 2nd Season: Akechi Keibu no Jikenbo,"Mystery, Shounen",Special,1,625
16669,512,10,Majo no Takkyuubin,"Adventure, Comedy, Drama, Fantasy, Magic, Romance",Movie,1,152331
37495,29786,7,Shimoneta to Iu Gainen ga Sonzai Shinai Taikutsu na Sekai,"Comedy, Ecchi, School",TV,12,193822
47597,9888,8,Shinryaku! Ika Musume Specials,Comedy,Special,2,14497
29487,2752,10,Prince of Tennis: The National Tournament Semifinals,"Action, Comedy, Sports",OVA,6,21186
22651,13659,10,Ore no Imouto ga Konnani Kawaii Wake ga Nai.,"Comedy, Seinen, Slice of Life",TV,13,194791
70174,1691,6,Kaze no Stigma,"Action, Fantasy, Magic, Romance, Shounen",TV,24,205338
67542,6361,-1,ef: A Tale of Memories. - Prologue,"Drama, Music",Special,1,21002
33014,6045,10,Kimi ni Todoke,"Romance, School, Shoujo, Slice of Life",TV,25,309339
39988,2904,10,Code Geass: Hangyaku no Lelouch R2,"Action, Drama, Mecha, Military, Sci-Fi, Super Power",TV,25,572888
11224,1594,9,Jigoku Shoujo Futakomori,"Horror, Mystery, Psychological, Supernatural",TV,26,79816
61055,16498,7,Shingeki no Kyojin,"Action, Drama, Fantasy, Shounen, Super Power",TV,25,896229
34864,578,8,Hotaru no Haka,"Drama, Historical",Movie,1,174878
35178,12049,7,Fairy Tail Movie 1: Houou no Miko,"Action, Adventure, Comedy, Fantasy, Magic, Shounen",Movie,1,77560
13165,6205,-1,Kämpfer,"Action, Comedy, Ecchi, Romance, School, Shoujo Ai, Super Power",TV,12,146631
16568,7222,8,Macross F Movie 2: Sayonara no Tsubasa,"Action, Mecha, Military, Music, Romance, Sci-Fi, Space",Movie,1,17826
46906,11739,6,Kimi to Boku. 2,"Comedy, Drama, Romance, School, Shounen, Slice of Life",TV,13,44564
20344,11033,9,"Natsu-iro Egao de 1, 2, Jump!",Music,Music,1,6939
8128,102,7,Aishiteruze Baby★★,"Comedy, Drama, Romance, Shoujo",TV,26,63959
72851,4063,-1,Sekirei,"Action, Comedy, Ecchi, Harem, Super Power",TV,12,182713
1086,9379,-1,Denpa Onna to Seishun Otoko,"Comedy, Sci-Fi, Seinen, Slice of Life",TV,12,149497
59176,1575,-1,Code Geass: Hangyaku no Lelouch,"Action, Mecha, Military, School, Sci-Fi, Super Power",TV,25,715151
67014,50,10,Aa! Megami-sama! (TV),"Comedy, Magic, Romance, Seinen, Supernatural",TV,24,96694
12658,31251,10,Mobile Suit Gundam: Iron-Blooded Orphans,"Action, Drama, Mecha, Sci-Fi, Space",TV,25,60525
27258,13601,10,Psycho-Pass,"Action, Police, Psychological, Sci-Fi",TV,22,509109
7773,3467,5,Nogizaka Haruka no Himitsu,"Comedy, Romance",TV,12,80820
29969,5244,-1,Aria The Natural: Sono Futatabi Deaeru Kiseki ni...,"Fantasy, Sci-Fi, Shounen, Slice of Life",Special,1,10069
47889,4795,10,Pokemon: Pika Pika Hoshizora Camp,"Adventure, Comedy, Fantasy, Kids",Movie,1,10143
19079,30503,8,Noragami Aragoto,"Action, Adventure, Shounen, Supernatural",TV,13,299434
46022,15315,9,Mondaiji-tachi ga Isekai kara Kuru Sou Desu yo?,"Comedy, Fantasy, Supernatural",TV,10,218231
44810,191,9,Love Hina Christmas Special: Silent Eve,"Comedy, Romance, Slice of Life",Special,1,45137
30109,190,10,Love Hina Again,"Comedy, Drama, Ecchi, Romance, Shounen",OVA,3,61154
1145,11113,8,Usagi Drop Specials,"Josei, Slice of Life",Special,4,36351
5740,25649,7,Junjou Romantica 3,"Comedy, Drama, Romance, Shounen Ai",TV,12,39866
55427,3525,4,Extra,"Action, Dementia, Horror, Music, Sci-Fi",Music,1,2401
71222,21563,9,Kamigami no Asobi,"Fantasy, Harem, Romance, Shoujo, Supernatural",TV,12,61410
43981,8861,4,"Yosuga no Sora: In Solitude, Where We Are Least Alone.","Drama, Ecchi, Harem, Romance",TV,12,173216
65307,21659,5,Kill la Kill Special,"Action, Comedy, School, Super Power",Special,1,83795
3288,14227,10,Tonari no Kaibutsu-kun,"Comedy, Romance, School, Shoujo, Slice of Life",TV,13,349836
3008,30015,8,ReLIFE,"Romance, School, Slice of Life",TV,13,202249
10390,509,7,I My Me! Strawberry Eggs,"Comedy, Drama, Romance, School, Slice of Life",TV,13,25043
35175,8769,8,Ore no Imouto ga Konnani Kawaii Wake ga Nai,"Comedy, Seinen, Slice of Life",TV,12,321477
50804,6098,6,Sora no Manimani,"Comedy, Romance, School, Slice of Life",TV,12,28652
34465,9289,7,Hanasaku Iroha,"Comedy, Drama, Seinen, Slice of Life",TV,26,150393
20862,25397,7,Absolute Duo,"Action, Ecchi, Harem, Romance, School, Supernatural",TV,12,168811
5634,1004,7,Kanojo to Kanojo no Neko,"Drama, Psychological, Romance, Slice of Life",OVA,1,53463
44193,1313,9,Digimon Adventure 02,"Action, Adventure, Comedy, Drama, Fantasy, Kids",TV,50,120268
54496,25015,-1,Kyoukai no Kanata Movie: I&#039;ll Be Here - Kako-hen,"Action, Fantasy, Supernatural",Movie,1,42304
63708,28891,10,Haikyuu!! Second Season,"Comedy, Drama, School, Shounen, Sports",TV,25,179342
52102,889,9,Black Lagoon,"Action, Seinen",TV,12,332562
21581,13125,10,Shinsekai yori,"Drama, Horror, Mystery, Sci-Fi, Supernatural",TV,25,288376
12216,8525,8,Kami nomi zo Shiru Sekai,"Comedy, Harem, Romance, Shounen, Supernatural",TV,12,284846
41014,1827,9,Seirei no Moribito,"Action, Adventure, Fantasy, Historical",TV,26,106888
58343,171,-1,Strange Dawn,"Adventure, Drama, Fantasy",TV,13,1865
3192,14397,9,Chihayafuru 2,"Drama, Game, Josei, Slice of Life, Sports",TV,25,86074
60541,6746,9,Durarara!!,"Action, Mystery, Supernatural",TV,24,556431
52530,5978,6,Kannagi: Moshimo Kannagi ga Attara...,"Comedy, School, Shounen, Supernatural",Special,1,22155
11198,20221,-1,Minami-ke Natsuyasumi,"Comedy, Slice of Life",OVA,1,9580
38950,15037,-1,Corpse Party: Tortured Souls - Bougyakusareta Tamashii no Jukyou,"Horror, Mystery",OVA,4,126699
63848,18897,7,Nisekoi,"Comedy, Harem, Romance, School, Shounen",TV,20,347599
6309,18153,7,Kyoukai no Kanata,"Fantasy, Slice of Life, Supernatural",TV,12,359011
1529,2031,-1,Shining Tears X Wind,"Action, Adventure, Fantasy, Magic",TV,13,23477
30536,16762,9,Mirai Nikki Redial,"Action, Psychological, Shounen, Supernatural",OVA,1,135604
31428,63,-1,DearS,"Comedy, Ecchi, Harem, Romance, Sci-Fi",TV,12,91037
38183,687,8,Tokyo Mew Mew,"Adventure, Comedy, Fantasy, Magic, Romance, Sci-Fi, Shoujo, Supernatural",TV,52,67936
5584,5356,6,Canaan,"Action, Seinen",TV,13,123217
63470,3597,6,Fantasia,"Comedy, Drama, Fantasy, Magic, Romance",OVA,1,877
2087,5028,1,Major S5,"Comedy, Drama, Romance, Sports",TV,25,28653
25117,8876,9,Koe de Oshigoto! The Animation,"Comedy, Ecchi, Seinen",OVA,2,57466
30956,10470,7,God Eater Prologue,"Action, Fantasy, Military, Sci-Fi",Special,1,19414
28093,2459,8,Maison Ikkoku: Ikkokujima Nanpa Shimatsuki,"Comedy, Drama, Romance",OVA,1,2341
56280,9232,-1,Yebisu Celebrities 1st,Yaoi,OVA,1,5082
37820,6151,7,Final Fantasy VII: On the Way to a Smile - Episode: Denzel,"Action, Fantasy, Super Power",OVA,1,18795
45349,6324,8,Omamori Himari,"Action, Comedy, Demons, Ecchi, Harem, Romance, Supernatural",TV,12,119572
23193,32828,8,Amaama to Inazuma,"Comedy, Seinen, Slice of Life",TV,12,95339
69696,32083,7,Luck &amp; Logic,"Action, Fantasy",TV,12,48314
62689,23277,8,Saenai Heroine no Sodatekata,"Comedy, Ecchi, Harem, Romance, School",TV,12,155795
73378,814,8,Prince of Tennis: Atobe&#039;s Gift,"Comedy, Shounen, Sports",Movie,1,10567
2562,31500,8,High School Fleet,"Action, Military, School",TV,12,38646
38908,14467,7,K,"Action, Super Power, Supernatural",TV,13,297051
19791,31540,8,Sekkou Boys,"Comedy, Music",TV,12,28303
68084,461,6,One Piece Movie 3: Chinjuu-jima no Chopper Oukoku,"Action, Adventure, Comedy, Fantasy, Shounen, Super Power",Movie,1,36558
40868,30296,6,Rakudai Kishi no Cavalry,"Action, Ecchi, Fantasy, Romance, School",TV,12,188685
20606,72,7,Full Metal Panic? Fumoffu,"Action, Comedy, School",TV,12,171086
58994,7053,-1,Fault!!,Hentai,OVA,3,11055
1260,849,6,Suzumiya Haruhi no Yuuutsu,"Comedy, Mystery, Parody, School, Sci-Fi, Slice of Life",TV,14,428569
17615,9989,8,Ano Hi Mita Hana no Namae wo Bokutachi wa Mada Shiranai.,"Drama, Slice of Life, Supernatural",TV,11,463835
3154,20853,7,Hitsugi no Chaika,"Action, Adventure, Comedy, Fantasy, Romance, Shounen",TV,12,164510
71758,9936,10,Maken-Ki!,"Action, Ecchi, Harem, Martial Arts, School, Super Power",TV,12,104182
5837,6896,5,Pandora Hearts Specials,Comedy,Special,9,32103
14637,11161,5,Hoshizora e Kakaru Hashi: Kakaru ka? Gakuensai ni Koi no Hashi,"Comedy, Ecchi, Romance, School",Special,1,17770
15954,2581,10,Mobile Suit Gundam 00,"Action, Drama, Mecha, Military, Sci-Fi, Space",TV,25,120351
38691,9379,8,Denpa Onna to Seishun Otoko,"Comedy, Sci-Fi, Seinen, Slice of Life",TV,12,149497
33669,22147,8,Amagi Brilliant Park,"Comedy, Magic",TV,13,217003
1116,28405,10,Ansatsu Kyoushitsu (TV): Deai no Jikan,"Action, Comedy, School, Shounen",Special,1,29382
73396,4898,8,Kuroshitsuji,"Action, Comedy, Demons, Fantasy, Historical, Shounen, Supernatural",TV,24,424919
22122,1650,-1,Uchuu Senkan Yamato,"Action, Adventure, Drama, Military, Sci-Fi, Space",TV,26,10688
14594,4224,-1,Toradora!,"Comedy, Romance, School, Slice of Life",TV,25,633817
32677,72,10,Full Metal Panic? Fumoffu,"Action, Comedy, School",TV,12,171086
52258,895,-1,Dragon Ball Z Movie 02: Kono Yo de Ichiban Tsuyoi Yatsu,"Adventure, Comedy, Fantasy, Sci-Fi, Shounen",Movie,1,53765
52701,18507,6,Free!,"Comedy, School, Slice of Life, Sports",TV,12,265791
23305,6682,-1,11eyes,"Action, Ecchi, Super Power, Supernatural",TV,12,133971
69005,6547,-1,Angel Beats!,"Action, Comedy, Drama, School, Supernatural",TV,13,717796
67894,6880,-1,Deadman Wonderland,"Action, Horror, Sci-Fi",TV,12,453454
20637,20021,5,Sword Art Online: Extra Edition,"Action, Adventure, Fantasy, Game, Romance",Special,1,121722
44971,7724,9,Shiki,"Mystery, Supernatural, Thriller, Vampire",TV,22,251093
61405,31964,9,Boku no Hero Academia,"Action, Comedy, School, Shounen, Super Power",TV,13,282002
38225,10624,8,Mardock Scramble: The Second Combustion,"Action, Psychological, Sci-Fi",Movie,1,23866
4933,1361,6,Final Fantasy: The Spirits Within,Sci-Fi,Movie,1,53822
49123,4382,6,Suzumiya Haruhi no Yuuutsu (2009),"Comedy, Mystery, Parody, Romance, School, Sci-Fi, Slice of Life",TV,14,243448
69054,7858,6,Sora no Otoshimono: Project Pink,"Comedy, Ecchi, Harem, Sci-Fi, Shounen, Supernatural",OVA,1,61903
62842,23989,-1,Maken-Ki! Two Specials,Ecchi,Special,5,7858
64372,29786,5,Shimoneta to Iu Gainen ga Sonzai Shinai Taikutsu na Sekai,"Comedy, Ecchi, School",TV,12,193822
17527,16035,9,Karneval (TV),"Action, Fantasy, Mystery, Sci-Fi, Shoujo",TV,13,108174
6540,4722,7,Skip Beat!,"Comedy, Drama, Romance, Shoujo",TV,25,134818
1431,8460,6,Mirai Nikki,"Action, Shounen, Supernatural",OVA,1,114217
42430,11123,7,Sekaiichi Hatsukoi 2,"Comedy, Drama, Romance, Shounen Ai",TV,12,69253
41251,1691,6,Kaze no Stigma,"Action, Fantasy, Magic, Romance, Shounen",TV,24,205338
8645,357,7,Bokusatsu Tenshi Dokuro-chan,"Comedy, Ecchi, Magic",OVA,4,117080
24865,14833,6,Maoyuu Maou Yuusha,"Adventure, Demons, Fantasy, Historical, Romance",TV,12,164445
41110,48,-1,.hack//Sign,"Adventure, Fantasy, Game, Magic, Mystery, Sci-Fi",TV,26,110304
28212,741,7,Sensitive Pornograph,"Comedy, Drama, Hentai, Romance, Yaoi",OVA,1,27518
25647,9917,8,Pokemon Best Wishes!: Victini to Kuroki Eiyuu Zekrom,"Adventure, Comedy, Drama, Fantasy, Kids",Movie,1,17120
3605,10087,9,Fate/Zero,"Action, Fantasy, Supernatural",TV,13,453630
12454,5958,7,Sora no Otoshimono,"Comedy, Ecchi, Harem, Romance, Sci-Fi, Shounen, Supernatural",TV,13,227681
45815,6045,-1,Kimi ni Todoke,"Romance, School, Shoujo, Slice of Life",TV,25,309339
43199,28701,9,Fate/stay night: Unlimited Blade Works 2nd Season,"Action, Fantasy, Magic, Shounen, Supernatural",TV,13,205987
34488,199,10,Sen to Chihiro no Kamikakushi,"Adventure, Drama, Supernatural",Movie,1,466254
1846,901,10,"Dragon Ball Z Movie 08: Moetsukiro!! Nessen, Ressen, Chougekisen","Adventure, Comedy, Fantasy, Sci-Fi, Shounen",Movie,1,65953
35801,2476,-1,School Days,"Drama, Harem, Romance, School",TV,12,279183
31081,8074,10,Highschool of the Dead,"Action, Ecchi, Horror, Supernatural",TV,12,535892
26147,225,5,Dragon Ball GT,"Action, Adventure, Comedy, Fantasy, Magic, Sci-Fi, Shounen, Super Power",TV,64,226625
41932,121,8,Fullmetal Alchemist,"Action, Adventure, Comedy, Drama, Fantasy, Magic, Military, Shounen",TV,51,600384
39937,15605,5,Brothers Conflict,"Harem, Romance, Shoujo",TV,12,74069
49785,4280,8,Kara no Kyoukai 4: Garan no Dou,"Action, Mystery, Supernatural, Thriller",Movie,1,103600
45201,22199,9,Akame ga Kill!,"Action, Adventure, Fantasy",TV,24,492133
45562,17777,6,"Saikin, Imouto no Yousu ga Chotto Okashiinda ga.","Comedy, Ecchi, Romance, Shounen, Supernatural",TV,12,74320
33141,2966,8,Ookami to Koushinryou,"Adventure, Fantasy, Historical, Romance",TV,13,334932
30530,1172,-1,Slayers Try,"Adventure, Comedy, Demons, Fantasy, Magic, Shounen",TV,26,32742
30082,4437,-1,Naruto: Shippuuden Movie 2 - Kizuna,"Action, Martial Arts, Shounen, Supernatural",Movie,1,97818
1197,23273,10,Shigatsu wa Kimi no Uso,"Drama, Music, Romance, School, Shounen",TV,22,416397
57535,28701,9,Fate/stay night: Unlimited Blade Works 2nd Season,"Action, Fantasy, Magic, Shounen, Supernatural",TV,13,205987
63329,528,-1,Pokemon: Mewtwo no Gyakushuu,"Action, Adventure, Comedy, Drama, Fantasy, Kids",Movie,1,100089
50995,5306,8,Tales of Symphonia The Animation: Tethe&#039;alla-hen,"Action, Adventure, Fantasy, Magic, Martial Arts, Shounen",OVA,4,20355
33918,199,10,Sen to Chihiro no Kamikakushi,"Adventure, Drama, Supernatural",Movie,1,466254
57306,31798,7,Kiznaiver,"Drama, Sci-Fi",TV,12,197912
70028,7724,7,Shiki,"Mystery, Supernatural, Thriller, Vampire",TV,22,251093
59750,641,8,Ichigo 100% Special 2,"Comedy, Ecchi, Romance, Shounen",Special,1,13562
8499,16742,8,Watashi ga Motenai no wa Dou Kangaetemo Omaera ga Warui!,"Comedy, School, Shounen, Slice of Life",TV,12,257925
13635,21647,5,Tamako Love Story,"Comedy, Romance, Slice of Life",Movie,1,72708
23166,2762,7,Igano Kabamaru,"Adventure, Comedy, Romance, Shounen",TV,24,5063
18869,19669,7,Kuroko no Basket: Baka ja Katenai no yo!,"Comedy, School, Shounen, Sports",OVA,1,26785
38435,2001,7,Tengen Toppa Gurren Lagann,"Action, Adventure, Comedy, Mecha, Sci-Fi",TV,27,562962
72175,12677,5,Ozma,"Action, Sci-Fi",TV,6,11556
69737,30363,9,Shinmai Maou no Testament Burst,"Action, Demons, Ecchi, Fantasy, Harem, Romance",TV,10,93293
51421,9252,8,Break Blade 3: Kyoujin no Ato,"Action, Fantasy, Mecha, Military, Shounen",Movie,1,42653
39491,4063,9,Sekirei,"Action, Comedy, Ecchi, Harem, Super Power",TV,12,182713
30992,1530,-1,Kanon (2006),"Drama, Romance, Slice of Life, Supernatural",TV,24,163171
45834,903,9,Dragon Ball Z Movie 10: Kiken na Futari! Super Senshi wa Nemurenai,"Action, Adventure, Comedy, Demons, Fantasy, Martial Arts, Shounen, Super Power",Movie,1,54947
28567,7593,7,Kiss x Sis (TV),"Comedy, Ecchi, Harem, Romance, School, Seinen",TV,12,215361
25478,204,-1,Yumeria,"Action, Comedy, Ecchi, Harem, Super Power",TV,12,19138
73233,2403,-1,Kodomo no Jikan (TV),"Comedy, Ecchi, School",TV,12,63348
16932,6205,10,Kämpfer,"Action, Comedy, Ecchi, Romance, School, Shoujo Ai, Super Power",TV,12,146631
67967,13201,-1,Monster Farm: Legend e no Michi,"Action, Adventure, Comedy, Fantasy",TV,25,6611
14366,17074,9,Monogatari Series: Second Season,"Comedy, Mystery, Romance, Supernatural, Vampire",TV,26,205959
52419,3298,8,Hatenkou Yuugi,"Adventure, Comedy, Drama, Fantasy, Romance, Shoujo",TV,10,25885
48766,23189,-1,Dekoboko Shin Gachou: Meian no Shippai,Comedy,Movie,1,102
48155,1840,6,Zero no Tsukaima: Futatsuki no Kishi,"Action, Adventure, Comedy, Ecchi, Fantasy, Harem, Magic, Romance, School",TV,12,235684
32770,71,8,Full Metal Panic!,"Action, Comedy, Mecha, Military, Sci-Fi",TV,24,256325
6407,2025,9,Darker than Black: Kuro no Keiyakusha,"Action, Mystery, Sci-Fi, Super Power",TV,25,440334
71841,22145,-1,Kuroshitsuji: Book of Circus,"Comedy, Demons, Fantasy, Historical, Shounen, Supernatural",TV,10,122895
59870,3962,6,Chocolate Underground,"Comedy, Kids",ONA,13,9351
6381,969,6,Tsubasa Chronicle 2nd Season,"Action, Adventure, Drama, Fantasy, Mystery, Romance, Shounen, Supernatural",TV,26,79166
2507,14175,9,Hanasaku Iroha: Home Sweet Home,"Comedy, Drama, Slice of Life",Movie,1,34630
41621,2926,8,Myself; Yourself,"Drama, Romance, School",TV,13,115075
37904,12549,8,"Dakara Boku wa, H ga Dekinai.","Comedy, Ecchi, Romance, Supernatural",TV,12,169615
59504,318,7,Hand Maid May,"Comedy, Ecchi, Harem, Romance, Sci-Fi",TV,10,17895
21463,7720,10,Ookiku Furikabutte: Natsu no Taikai-hen,"Comedy, Sports",TV,13,22190
21550,20,7,Naruto,"Action, Comedy, Martial Arts, Shounen, Super Power",TV,220,683297
64674,16706,8,Kami nomi zo Shiru Sekai: Megami-hen,"Comedy, Harem, Romance, Shounen, Supernatural",TV,12,142612
23351,5764,9,Zero no Tsukaima: Princesses no Rondo - Yuuwaku no Sunahama,"Comedy, Ecchi, Fantasy, Harem, Magic",Special,1,51816
10356,10793,9,Guilty Crown,"Action, Drama, Sci-Fi, Super Power",TV,22,460959
70844,11111,9,Another,"Horror, Mystery, School, Supernatural, Thriller",TV,12,534657
792,10863,9,Steins;Gate: Oukoubakko no Poriomania,"Sci-Fi, Thriller",Special,1,159548
11253,2798,-1,Hatsu Inu The Animation,Hentai,OVA,2,14076
36205,19163,9,Date A Live II,"Comedy, Harem, Mecha, Romance, School, Sci-Fi",TV,10,186187
814,11597,8,Nisemonogatari,"Comedy, Mystery, Supernatural",TV,11,260062
8425,1902,-1,Happiness!: Watarase Jun no Kareinaru Ichinichi,"Comedy, Fantasy",OVA,1,5037
20278,16001,10,Kokoro Connect: Michi Random,"Comedy, Drama, Romance, School, Slice of Life, Supernatural",Special,4,106989
24035,996,9,Bishoujo Senshi Sailor Moon: Sailor Stars,"Adventure, Comedy, Drama, Fantasy, Magic, Romance, Shoujo",TV,34,52586
30518,2476,6,School Days,"Drama, Harem, Romance, School",TV,12,279183
26907,12565,-1,Fate/Prototype,"Action, Fantasy, Magic, Romance, Shounen, Supernatural",OVA,1,43469
14448,1122,-1,Pokemon Advanced Generation: Rekkuu no Houmonsha Deoxys,"Action, Adventure, Comedy, Fantasy, Kids, Sci-Fi",Movie,1,45203
48048,28171,8,Shokugeki no Souma,"Ecchi, School, Shounen",TV,24,348951
1044,5079,8,Kurokami The Animation,"Action, Martial Arts, Super Power",TV,23,72750
71508,11843,10,Danshi Koukousei no Nichijou,"Comedy, School, Shounen, Slice of Life",TV,12,258914
32872,1357,8,Shin Hokuto no Ken,"Action, Martial Arts, Sci-Fi, Shounen",OVA,3,6426
45562,7674,8,Bakuman.,"Comedy, Romance, Shounen",TV,25,246899
57307,23281,8,Psycho-Pass 2,"Action, Police, Psychological, Sci-Fi",TV,11,228435
41527,135,-1,Hikaru no Go,"Comedy, Game, Shounen, Supernatural",TV,75,69000
26111,10155,6,Dog Days,"Action, Adventure, Fantasy, Magic",TV,13,97809
13425,7088,8,Ichiban Ushiro no Daimaou,"Action, Comedy, Ecchi, Fantasy, Harem, Magic, School, Shounen",TV,12,203618
24428,8917,8,Mouretsu Pirates,"Sci-Fi, Space",TV,26,48245
46577,10870,-1,Ghost in the Shell: Stand Alone Complex - Tachikoma na Hibi (TV),"Comedy, Mecha, Sci-Fi",TV,12,7582
20534,12049,8,Fairy Tail Movie 1: Houou no Miko,"Action, Adventure, Comedy, Fantasy, Magic, Shounen",Movie,1,77560
32408,225,9,Dragon Ball GT,"Action, Adventure, Comedy, Fantasy, Magic, Sci-Fi, Shounen, Super Power",TV,64,226625
54459,889,7,Black Lagoon,"Action, Seinen",TV,12,332562
16466,2759,8,Evangelion: 1.0 You Are (Not) Alone,"Action, Mecha, Sci-Fi",Movie,1,194561
8752,11771,9,Kuroko no Basket,"Comedy, School, Shounen, Sports",TV,25,338315
29070,1860,5,Tokyo Majin Gakuen Kenpucho: Tou,"Action, Drama, Fantasy, Horror, Martial Arts, School, Supernatural",TV,14,43632
15606,9734,8,K-On!!: Keikaku!,"Comedy, Music, School, Slice of Life",Special,1,50496
55062,2508,7,Genshiken 2,"Comedy, Parody, Slice of Life",TV,12,55825
58471,30,9,Neon Genesis Evangelion,"Action, Dementia, Drama, Mecha, Psychological, Sci-Fi",TV,26,461946
11038,10456,8,Kyoukaisenjou no Horizon,"Action, Fantasy",TV,13,90977
58568,8074,7,Highschool of the Dead,"Action, Ecchi, Horror, Supernatural",TV,12,535892
3976,31665,8,Hibike! Euphonium: Kakedasu Monaka,"Drama, Music, School",Special,1,17770
45291,20517,8,Little Busters!: EX,"Comedy, Drama, Romance, School, Slice of Life, Supernatural",Special,8,26709
71491,28817,7,Mikagura Gakuen Kumikyoku,"Action, Comedy, School, Shoujo Ai",TV,12,47642
39095,7590,6,Mayoi Neko Overrun!,"Comedy, Harem, Romance",TV,13,75517
14090,990,8,Kamisama Kazoku,"Comedy, Drama, Fantasy, Romance",TV,13,32828
19833,936,-1,Naruto Movie 2: Dai Gekitotsu! Maboroshi no Chiteiiseki Dattebayo!,"Adventure, Comedy, Drama, Fantasy, Shounen, Supernatural",Movie,1,97308
17553,7791,6,K-On!!,"Comedy, Music, School, Slice of Life",TV,26,246276
38472,22057,7,"Inari, Konkon, Koi Iroha.: Inari, Konkon, Semishigure.","Comedy, Romance, Seinen, Supernatural",OVA,1,12930
50553,14719,6,JoJo no Kimyou na Bouken (TV),"Action, Adventure, Shounen, Supernatural, Vampire",TV,26,190197
35678,21879,6,Sword Art Online: Sword Art Offline - Extra Edition,Comedy,Special,1,27380
16601,185,9,Initial D First Stage,"Action, Cars, Drama, Seinen, Sports",TV,26,68128
41272,11759,9,Accel World,"Action, Game, Romance, School, Sci-Fi",TV,24,324284
40581,1699,-1,Romeo x Juliet,"Drama, Fantasy, Historical, Romance",TV,24,91530
53454,3841,-1,Chi&#039;s Sweet Home,"Comedy, Slice of Life",TV,104,36307
40372,732,9,Vampire Hunter D,"Action, Horror, Sci-Fi, Supernatural, Vampire",Movie,1,42377
8816,5341,-1,Ookami to Koushinryou II,"Adventure, Fantasy, Historical, Romance",TV,12,210491
55650,8769,7,Ore no Imouto ga Konnani Kawaii Wake ga Nai,"Comedy, Seinen, Slice of Life",TV,12,321477
39477,17277,5,Code Geass: Soubou no Oz Picture Drama,"Action, Drama, Mecha, Military, School, Supernatural",OVA,5,6467
48074,16444,7,Mondaiji-tachi ga Isekai kara Kuru Sou Desu yo?: Onsen Manyuuki,"Fantasy, Supernatural",OVA,1,44450
59818,7017,7,K-On!: Ura-On!,Comedy,Special,7,36560
52953,226,10,Elfen Lied,"Action, Drama, Horror, Psychological, Romance, Seinen, Supernatural",TV,13,623511
53528,45,6,Rurouni Kenshin: Meiji Kenkaku Romantan,"Action, Adventure, Comedy, Historical, Romance, Samurai",TV,94,218928
65845,3503,9,Kanokon,"Comedy, Ecchi, Harem, Romance, School, Shounen, Slice of Life, Supernatural",TV,12,122288
21593,6773,-1,Shakugan no Shana III (Final),"Action, Drama, Fantasy, Romance, Supernatural",TV,24,133010
27533,46,8,Rurouni Kenshin: Meiji Kenkaku Romantan - Ishinshishi e no Chinkonka,"Drama, Historical, Samurai, Shounen",Movie,1,33191
23829,2001,10,Tengen Toppa Gurren Lagann,"Action, Adventure, Comedy, Mecha, Sci-Fi",TV,27,562962
37744,158,6,Maria-sama ga Miteru,"Drama, Romance, Shoujo, Shoujo Ai, Slice of Life",TV,13,33989
30665,10020,10,Ore no Imouto ga Konnani Kawaii Wake ga Nai Specials,"Comedy, Seinen, Slice of Life",ONA,4,101495
1822,32,8,Neon Genesis Evangelion: The End of Evangelion,"Dementia, Drama, Mecha, Psychological, Sci-Fi",Movie,1,215630
60055,845,-1,Kiba,"Adventure, Fantasy, Shounen",TV,51,47651
39247,24459,-1,Tales of Zestiria: Doushi no Yoake,Fantasy,Special,1,23484
30773,50,7,Aa! Megami-sama! (TV),"Comedy, Magic, Romance, Seinen, Supernatural",TV,24,96694
37923,25157,7,Trinity Seven,"Action, Comedy, Ecchi, Fantasy, Harem, Magic, Romance, School, Shounen, Supernatural",TV,12,208796
72718,65,8,Rozen Maiden: Träumend,"Action, Comedy, Drama, Magic, Seinen",TV,12,72645
7380,528,8,Pokemon: Mewtwo no Gyakushuu,"Action, Adventure, Comedy, Drama, Fantasy, Kids",Movie,1,100089
69004,24231,-1,Hitsugi no Chaika: Avenging Battle,"Action, Adventure, Comedy, Fantasy, Romance, Shounen",TV,10,91049
16466,8407,8,Sora no Otoshimono: Forte,"Comedy, Ecchi, Harem, Romance, Sci-Fi, Shounen, Supernatural",TV,12,146697
30772,15689,-1,Nekomonogatari: Kuro,"Comedy, Romance, Supernatural",TV,4,173264
11080,2787,5,Shakugan no Shana II (Second),"Action, Drama, Fantasy, Romance, School, Supernatural",TV,24,184525
30896,777,10,Hellsing Ultimate,"Action, Horror, Military, Seinen, Supernatural, Vampire",OVA,10,297454
46187,11617,4,High School DxD,"Comedy, Demons, Ecchi, Harem, Romance, School",TV,12,398660
66291,358,7,"Iriya no Sora, UFO no Natsu","Drama, Romance, Sci-Fi",OVA,6,18254
26490,30654,10,Ansatsu Kyoushitsu (TV) 2nd Season,"Action, Comedy, School, Shounen",TV,25,176475
48682,8074,7,Highschool of the Dead,"Action, Ecchi, Horror, Supernatural",TV,12,535892
38927,32379,7,Berserk (2016),"Action, Adventure, Demons, Drama, Fantasy, Horror, Military, Romance, Seinen, Supernatural",TV,12,90817
18962,17265,8,Log Horizon,"Action, Adventure, Fantasy, Game, Magic, Shounen",TV,25,387100
8894,13161,-1,Hagure Yuusha no Aesthetica,"Action, Ecchi, Fantasy, Super Power",TV,12,156044
68361,4835,9,Bleach Movie 3: Fade to Black - Kimi no Na wo Yobu,"Action, Comedy, Shounen, Super Power, Supernatural",Movie,1,122373
6051,9289,8,Hanasaku Iroha,"Comedy, Drama, Seinen, Slice of Life",TV,26,150393
37007,5040,6,One Outs,"Psychological, Seinen, Sports",TV,25,83056
69129,32729,8,Orange,"Drama, Romance, School, Sci-Fi, Shoujo",TV,13,165358
4346,2025,9,Darker than Black: Kuro no Keiyakusha,"Action, Mystery, Sci-Fi, Super Power",TV,25,440334
24976,18001,8,Freezing Vibration,"Action, Drama, Ecchi, Harem, Martial Arts, Military, Romance, Sci-Fi, Seinen",TV,12,79298
46347,2904,9,Code Geass: Hangyaku no Lelouch R2,"Action, Drama, Mecha, Military, Sci-Fi, Super Power",TV,25,572888
65557,198,8,Speed Grapher,"Action, Mystery, Super Power",TV,24,64627
35579,2236,9,Toki wo Kakeru Shoujo,"Adventure, Drama, Romance, Sci-Fi",Movie,1,289206
2106,6594,7,Katanagatari,"Action, Adventure, Historical, Martial Arts, Romance",TV,12,207241
44509,3226,9,Major S4,"Comedy, Drama, Shounen, Sports",TV,26,28002
30258,11665,10,Natsume Yuujinchou Shi,"Drama, Fantasy, Shoujo, Slice of Life, Supernatural",TV,13,98431
11791,355,7,Shakugan no Shana,"Action, Drama, Fantasy, Romance, School, Supernatural",TV,24,297058
65230,71,6,Full Metal Panic!,"Action, Comedy, Mecha, Military, Sci-Fi",TV,24,256325
4645,10067,5,Angel Beats!: Another Epilogue,"Drama, School, Supernatural",Special,1,134180
13084,507,6,Gravitation: Lyrics of Love,"Comedy, Romance, Shoujo, Shounen Ai",OVA,2,22015
20128,861,8,xxxHOLiC,"Comedy, Drama, Mystery, Psychological, Supernatural",TV,24,150872
37681,5507,-1,Senjou no Valkyria,"Action, Military, Romance",TV,26,77591
33631,6377,9,Zan Sayonara Zetsubou Sensei,"Comedy, Parody, School",TV,13,55402
61641,27891,7,Sword Art Online II: Debriefing,"Action, Adventure, Fantasy, Game",Special,1,39092
35689,1594,9,Jigoku Shoujo Futakomori,"Horror, Mystery, Psychological, Supernatural",TV,26,79816
22803,11179,-1,Papa no Iukoto wo Kikinasai!,"Comedy, Romance, Slice of Life",TV,12,97674
39734,376,-1,Elfen Lied Special,"Drama, Ecchi, Horror, Psychological, Supernatural",Special,1,116129
33631,3323,8,Kite Liberator,"Action, Drama, Sci-Fi",OVA,1,15827
54929,27655,6,Aldnoah.Zero 2nd Season,"Action, Mecha, Sci-Fi, Space",TV,12,149364
50300,371,7,Cardcaptor Sakura Movie 1,"Comedy, Drama, Fantasy, Magic, Shoujo",Movie,1,56327
9711,30123,9,Akagami no Shirayuki-hime,"Drama, Fantasy, Romance, Shoujo",TV,12,157551
9798,30276,10,One Punch Man,"Action, Comedy, Parody, Sci-Fi, Seinen, Super Power, Supernatural",TV,12,552458
40274,269,7,Bleach,"Action, Comedy, Shounen, Super Power, Supernatural",TV,366,624055
49840,1818,10,Claymore,"Action, Adventure, Demons, Fantasy, Shounen, Super Power, Supernatural",TV,26,316853
39861,31798,7,Kiznaiver,"Drama, Sci-Fi",TV,12,197912
3768,2962,8,Digimon Adventure 02 Movies,"Adventure, Fantasy, Kids, Sci-Fi",Movie,2,26543
40816,269,7,Bleach,"Action, Comedy, Shounen, Super Power, Supernatural",TV,366,624055
56928,27631,9,God Eater,"Action, Fantasy, Military, Sci-Fi",TV,13,192433
66684,2476,6,School Days,"Drama, Harem, Romance, School",TV,12,279183
5345,5114,9,Fullmetal Alchemist: Brotherhood,"Action, Adventure, Drama, Fantasy, Magic, Military, Shounen",TV,64,793665
11732,356,10,Fate/stay night,"Action, Fantasy, Magic, Romance, Supernatural",TV,24,374880
1847,10918,7,Kowarekake no Orgel (Movie),"Drama, Music, Sci-Fi, Slice of Life",Movie,1,9404
59235,68,1,Black Cat,"Adventure, Comedy, Sci-Fi, Shounen, Super Power",TV,23,150512
8960,6880,8,Deadman Wonderland,"Action, Horror, Sci-Fi",TV,12,453454
31984,18139,9,Tonari no Seki-kun,"Comedy, School, Seinen",TV,21,82568
70197,8407,7,Sora no Otoshimono: Forte,"Comedy, Ecchi, Harem, Romance, Sci-Fi, Shounen, Supernatural",TV,12,146697
11304,8768,-1,Hiyokoi,"Romance, School, Shoujo",Special,1,51072
62481,7785,10,Yojouhan Shinwa Taikei,"Mystery, Psychological, Romance",TV,11,122531
12094,2889,-1,Bleach Movie 2: The DiamondDust Rebellion - Mou Hitotsu no Hyourinmaru,"Action, Adventure, Shounen, Supernatural",Movie,1,134739
4666,150,8,Blood+,"Action, Drama, Horror, Military, Mystery, Supernatural, Vampire",TV,50,208321
55356,13535,10,Binbougami ga!,"Comedy, Parody, Shounen, Supernatural",TV,13,117091
63743,32483,7,Cheer Danshi!!,"School, Sports",TV,12,29219
15432,6682,3,11eyes,"Action, Ecchi, Super Power, Supernatural",TV,12,133971
63747,6746,10,Durarara!!,"Action, Mystery, Supernatural",TV,24,556431
19500,11887,9,Kokoro Connect,"Comedy, Drama, Romance, School, Slice of Life, Supernatural",TV,13,283847
16899,861,9,xxxHOLiC,"Comedy, Drama, Mystery, Psychological, Supernatural",TV,24,150872
41601,523,9,Tonari no Totoro,"Adventure, Comedy, Supernatural",Movie,1,271484
48766,25397,-1,Absolute Duo,"Action, Ecchi, Harem, Romance, School, Supernatural",TV,12,168811
47522,15451,9,High School DxD New,"Action, Comedy, Demons, Ecchi, Harem, Romance, School",TV,12,266657
55309,950,5,Street Fighter Alpha: Generations,"Adventure, Shounen",Movie,1,8906
776,20507,8,Noragami,"Action, Adventure, Shounen, Supernatural",TV,12,515378
2349,9041,-1,IS: Infinite Stratos,"Action, Comedy, Harem, Mecha, Sci-Fi",TV,12,254543
60721,21431,8,Gokukoku no Brynhildr,"Drama, Mystery, Sci-Fi, Seinen",TV,13,159899
56489,529,7,Saishuu Heiki Kanojo,"Drama, Romance, School, Sci-Fi",TV,13,58051
30744,15379,6,Kotoura-san,"Comedy, Drama, Romance, School",TV,12,123691
46139,12355,-1,Ookami Kodomo no Ame to Yuki,"Fantasy, Slice of Life",Movie,1,226193
49090,132,7,GetBackers,"Action, Comedy, Drama, Mystery, Shounen, Super Power, Supernatural",TV,49,73536
64259,20785,10,Mahouka Koukou no Rettousei,"Magic, Romance, School, Sci-Fi, Supernatural",TV,26,285317
8894,15809,-1,Hataraku Maou-sama!,"Comedy, Demons, Fantasy, Romance, Shounen",TV,13,409037
59758,1830,5,Utawarerumono Specials,"Action, Comedy, Drama, Fantasy",Special,6,11149
51780,10213,3,Maji de Watashi ni Koi Shinasai!,"Comedy, Ecchi, Harem, Martial Arts, Romance, School, Super Power",TV,12,116683
30207,4177,9,Bounen no Xamdou,"Action, Military, Sci-Fi",ONA,26,79026
11498,6392,-1,Issho ni Training: Training with Hinako,"Ecchi, Sports",OVA,1,11989
22886,30831,10,Kono Subarashii Sekai ni Shukufuku wo!,"Adventure, Comedy, Fantasy, Supernatural",TV,10,244877
14772,14227,-1,Tonari no Kaibutsu-kun,"Comedy, Romance, School, Shoujo, Slice of Life",TV,13,349836
29156,10834,7,Baka to Test to Shoukanjuu: Spinout! Sore ga Bokura no Nichijou,"Comedy, Romance, School, Super Power",Special,6,19758
59308,317,10,Final Fantasy VII: Advent Children,"Action, Fantasy, Super Power",Movie,1,138659
62830,20977,8,Tonari no Seki-kun OVA,"Comedy, School, Seinen",OVA,1,20774
49667,121,-1,Fullmetal Alchemist,"Action, Adventure, Comedy, Drama, Fantasy, Magic, Military, Shounen",TV,51,600384
28974,7593,6,Kiss x Sis (TV),"Comedy, Ecchi, Harem, Romance, School, Seinen",TV,12,215361
35153,8756,-1,Bishoujo Senshi Sailor Moon Memorial,"Demons, Magic, Romance, Shoujo",OVA,5,7981
18944,710,7,Rec,"Comedy, Drama, Romance",TV,9,68951
61843,20785,8,Mahouka Koukou no Rettousei,"Magic, Romance, School, Sci-Fi, Supernatural",TV,26,285317
38960,16498,7,Shingeki no Kyojin,"Action, Drama, Fantasy, Shounen, Super Power",TV,25,896229
32611,30,7,Neon Genesis Evangelion,"Action, Dementia, Drama, Mecha, Psychological, Sci-Fi",TV,26,461946
72571,20,4,Naruto,"Action, Comedy, Martial Arts, Shounen, Super Power",TV,220,683297
49929,10016,6,Kizuna Ichigeki,"Comedy, Martial Arts",Movie,1,4128
72522,15125,5,Teekyuu,"Comedy, School, Shounen, Sports",TV,12,30291
16030,205,-1,Samurai Champloo,"Action, Adventure, Comedy, Historical, Samurai, Shounen",TV,26,390076
57979,2413,8,Boin,Hentai,OVA,2,6383
30443,16732,7,Kiniro Mosaic,"Comedy, School, Slice of Life",TV,12,78131
33860,479,8,The Law of Ueki,"Adventure, Comedy, Drama, Shounen, Supernatural",TV,51,60027
40388,11235,8,Amagami SS+ Plus,"Comedy, Romance, School, Slice of Life",TV,13,73813
22026,4382,5,Suzumiya Haruhi no Yuuutsu (2009),"Comedy, Mystery, Parody, Romance, School, Sci-Fi, Slice of Life",TV,14,243448
33058,223,5,Dragon Ball,"Adventure, Comedy, Fantasy, Martial Arts, Shounen, Super Power",TV,153,316102
45973,14345,9,Btooom!,"Action, Psychological, Sci-Fi, Seinen",TV,12,329561
322,934,7,Higurashi no Naku Koro ni,"Horror, Mystery, Psychological, Supernatural, Thriller",TV,26,359494
12455,8063,-1,Sekaiichi Hatsukoi OVA,"Comedy, Drama, Romance, Shounen Ai",OVA,2,35225
28348,5690,7,Nodame Cantabile Finale,"Comedy, Josei, Music, Romance",TV,11,67697
51430,5029,10,Major Movie: Yuujou no Winning Shot,"Action, Shounen, Sports",Movie,1,9943
10545,30514,-1,Nisekoimonogatari,Music,ONA,1,17116
45358,9074,7,Arakawa Under the Bridge x Bridge,"Comedy, Romance, Seinen",TV,13,80394
25078,154,8,Shaman King,"Action, Adventure, Comedy, Drama, Shounen, Supernatural",TV,64,169517
58155,20,6,Naruto,"Action, Comedy, Martial Arts, Shounen, Super Power",TV,220,683297
64307,30015,9,ReLIFE,"Romance, School, Slice of Life",TV,13,202249
35372,12189,-1,Hyouka,"Mystery, School, Slice of Life",TV,22,372246
18084,10790,10,Kore wa Zombie Desu ka? of the Dead,"Action, Comedy, Ecchi, Harem, Magic, Supernatural",TV,10,180032
16519,4026,7,Pokemon Diamond &amp; Pearl: Giratina to Sora no Hanataba Sheimi,"Action, Adventure, Fantasy, Kids",Movie,1,32654
12484,984,8,Dragon Ball Z: Saiya-jin Zetsumetsu Keikaku,"Adventure, Comedy, Fantasy, Sci-Fi, Shounen",OVA,2,21043
13343,11757,5,Sword Art Online,"Action, Adventure, Fantasy, Game, Romance",TV,25,893100
6127,2273,10,Mobile Suit Gundam Wing: Endless Waltz Movie,"Action, Drama, Mecha, Military, Sci-Fi, Space",Movie,1,35711
13776,28817,7,Mikagura Gakuen Kumikyoku,"Action, Comedy, School, Shoujo Ai",TV,12,47642
57995,9989,10,Ano Hi Mita Hana no Namae wo Bokutachi wa Mada Shiranai.,"Drama, Slice of Life, Supernatural",TV,11,463835
41002,270,8,Hellsing,"Action, Horror, Seinen, Supernatural, Vampire",TV,13,308995
27297,12175,8,Koi to Senkyo to Chocolate,"Drama, Romance, School",TV,12,91552
4676,11577,8,Steins;Gate Movie: Fuka Ryouiki no Déjà vu,"Sci-Fi, Thriller",Movie,1,192424
25798,3322,8,Wagaya no Oinari-sama.,"Adventure, Fantasy, Shounen, Supernatural",TV,24,23132
6714,30503,8,Noragami Aragoto,"Action, Adventure, Shounen, Supernatural",TV,13,299434
36347,6675,8,Redline,"Action, Cars, Sci-Fi, Sports",Movie,1,109392
21377,731,5,Interstella5555: The 5tory of The 5ecret 5tar 5ystem,"Adventure, Drama, Music, Sci-Fi",Music,1,31464
41822,13331,-1,Jormungand: Perfect Order,"Action, Adventure, Seinen",TV,12,81951
50404,527,8,Pokemon,"Action, Adventure, Comedy, Fantasy, Kids",TV,276,229157
70108,12549,6,"Dakara Boku wa, H ga Dekinai.","Comedy, Ecchi, Romance, Supernatural",TV,12,169615
24137,7592,8,Nurarihyon no Mago,"Action, Demons, Shounen, Supernatural",TV,24,122976
11747,9656,8,Kimi ni Todoke 2nd Season,"Romance, School, Shoujo, Slice of Life",TV,12,171866
19771,269,9,Bleach,"Action, Comedy, Shounen, Super Power, Supernatural",TV,366,624055
72225,97,8,Last Exile,"Action, Adventure, Sci-Fi",TV,26,104193
40493,3616,8,Kamen no Maid Guy,"Action, Comedy, Ecchi, Super Power",TV,12,27761
35005,428,10,Kaleido Star: Aratanaru Tsubasa - Extra Stage,"Adventure, Comedy, Drama, Shoujo",OVA,1,9248
27929,33421,-1,Hitori no Shita: The Outcast,"Action, Super Power, Supernatural",TV,12,36343
73158,96,-1,Mobile Fighter G Gundam,"Adventure, Comedy, Drama, Martial Arts, Mecha, Romance, Sci-Fi, Space, Sports",TV,49,36338
3492,19511,-1,Naruto Shippuuden: Sunny Side Battle,"Action, Comedy, Martial Arts, Shounen, Super Power",Special,1,13014
13009,10209,-1,Kore wa Zombie Desu ka? OVA,"Action, Comedy, Ecchi, Harem, Magic, Supernatural",OVA,2,73826
37818,5114,10,Fullmetal Alchemist: Brotherhood,"Action, Adventure, Drama, Fantasy, Magic, Military, Shounen",TV,64,793665
67059,2025,-1,Darker than Black: Kuro no Keiyakusha,"Action, Mystery, Sci-Fi, Super Power",TV,25,440334
40748,19315,-1,Pupa,"Fantasy, Horror, Psychological",TV,12,83652
71275,29786,9,Shimoneta to Iu Gainen ga Sonzai Shinai Taikutsu na Sekai,"Comedy, Ecchi, School",TV,12,193822
4842,442,7,Naruto Movie 1: Dai Katsugeki!! Yuki Hime Shinobu Houjou Dattebayo!,"Adventure, Comedy, Drama, Historical, Shounen, Supernatural",Movie,1,120571
7711,5030,2,Maria†Holic,"Comedy, Parody, School, Shoujo Ai",TV,12,104663
43,11241,8,Brave 10,"Action, Adventure, Historical, Samurai, Seinen, Super Power",TV,12,82205
37553,28121,7,Dungeon ni Deai wo Motomeru no wa Machigatteiru Darou ka,"Action, Adventure, Comedy, Fantasy, Romance",TV,13,336349
46178,23281,7,Psycho-Pass 2,"Action, Police, Psychological, Sci-Fi",TV,11,228435
35862,6479,5,Candy Boy Episode: EX02 - Shiawase Kyouyuu Riron,"Romance, Shoujo Ai, Slice of Life",Special,1,15078
10596,249,7,InuYasha,"Action, Adventure, Comedy, Demons, Fantasy, Magic, Romance, Shounen, Supernatural",TV,167,281632
11356,12293,3,Campione!: Matsurowanu Kamigami to Kamigoroshi no Maou,"Comedy, Ecchi, Fantasy, Harem, Magic, Romance",TV,13,151928
9729,24833,9,Ansatsu Kyoushitsu (TV),"Action, Comedy, School, Shounen",TV,22,312654
6469,524,6,Onegai☆Twins: Natsu wa Owaranai,"Comedy, Drama, Romance",OVA,1,22614
58863,101,6,Air,"Drama, Romance, Slice of Life, Supernatural",TV,13,188861
62549,31859,-1,Hai to Gensou no Grimgar,"Action, Adventure, Drama, Fantasy",TV,12,213342
4326,9513,6,Beelzebub,"Action, Comedy, Demons, School, Shounen, Supernatural",TV,60,217752
5899,1079,6,Armitage III,"Action, Adventure, Mecha, Police, Romance, Sci-Fi",OVA,4,14930
62115,19889,7,Genshiken Nidaime Specials,"Comedy, Parody, Slice of Life",Special,4,3981
19331,18247,-1,IS: Infinite Stratos 2,"Action, Comedy, Harem, Mecha, Sci-Fi",TV,12,146979
5255,269,10,Bleach,"Action, Comedy, Shounen, Super Power, Supernatural",TV,366,624055
48248,228,8,Jigoku Shoujo,"Horror, Mystery, Psychological, Supernatural",TV,26,172415
22259,7468,6,Princess Lover! Picture Drama,"Comedy, Ecchi, Harem, School",Special,6,7132
33439,32093,-1,Tanaka-kun wa Itsumo Kedaruge,"Comedy, School, Slice of Life",TV,12,101335
42635,5658,7,Great Mazinger,"Action, Mecha, Sci-Fi, Shounen",TV,56,1917
41675,371,-1,Cardcaptor Sakura Movie 1,"Comedy, Drama, Fantasy, Magic, Shoujo",Movie,1,56327
12402,166,8,Samurai 7,"Historical, Mecha, Samurai, Sci-Fi",TV,26,74991
50529,747,6,Haru wo Daite Ita,"Drama, Romance, Yaoi",OVA,2,15269
50602,2904,2,Code Geass: Hangyaku no Lelouch R2,"Action, Drama, Mecha, Military, Sci-Fi, Super Power",TV,25,572888
34977,20787,-1,Black Bullet,"Action, Mystery, Sci-Fi, Seinen",TV,13,320267
41924,2476,7,School Days,"Drama, Harem, Romance, School",TV,12,279183
58509,846,6,School Rumble Ni Gakki,"Comedy, Romance, School, Shounen",TV,26,93095
61713,14513,8,Magi: The Labyrinth of Magic,"Action, Adventure, Fantasy, Magic, Shounen",TV,25,317513
22154,31711,8,To LOVE-Ru Darkness 2nd Specials,"Comedy, Ecchi, Harem, Romance, School, Sci-Fi, Shounen",Special,2,22487
69143,5348,6,Detective Conan Magic File 2: Kudou Shinichi - The Case of the Mysterious Wall and the Black Lab,"Adventure, Comedy, Mystery, Police, Shounen",OVA,1,7726
51229,120,8,Fruits Basket,"Comedy, Drama, Fantasy, Romance, Shoujo, Slice of Life",TV,26,242553
11822,28907,8,"Gate: Jieitai Kanochi nite, Kaku Tatakaeri","Action, Adventure, Fantasy, Military",TV,12,244314
43074,27417,-1,Diabolik Lovers OVA,"Harem, School, Shoujo, Vampire",OVA,1,13638
44323,228,5,Jigoku Shoujo,"Horror, Mystery, Psychological, Supernatural",TV,26,172415
14697,25055,-1,Furifure The Animation,Hentai,OVA,1,1832
69616,24415,9,Kuroko no Basket 3rd Season,"Comedy, School, Shounen, Sports",TV,25,184525
36567,9253,10,Steins;Gate,"Sci-Fi, Thriller",TV,24,673572
49666,13601,9,Psycho-Pass,"Action, Police, Psychological, Sci-Fi",TV,22,509109
49678,93,7,Mobile Suit Gundam Seed,"Action, Drama, Mecha, Military, Romance, Sci-Fi, Space",TV,50,96973
54682,7592,8,Nurarihyon no Mago,"Action, Demons, Shounen, Supernatural",TV,24,122976
72983,1686,9,Bleach Movie 1: Memories of Nobody,"Action, Adventure, Super Power",Movie,1,151598
27313,11179,7,Papa no Iukoto wo Kikinasai!,"Comedy, Romance, Slice of Life",TV,12,97674
58929,987,5,Dragon Ball GT: Goku Gaiden! Yuuki no Akashi wa Suushinchuu,"Action, Adventure, Comedy, Fantasy, Martial Arts, Shounen, Super Power",Special,1,32853
66504,3782,8,Kara no Kyoukai 2: Satsujin Kousatsu (Zen),"Action, Mystery, Romance, Supernatural, Thriller",Movie,1,114415
67100,1840,4,Zero no Tsukaima: Futatsuki no Kishi,"Action, Adventure, Comedy, Ecchi, Fantasy, Harem, Magic, Romance, School",TV,12,235684
44325,877,10,Nana,"Comedy, Drama, Music, Romance, Shoujo, Slice of Life",TV,47,197256
59266,146,-1,Kono Minikuku mo Utsukushii Sekai,"Comedy, Drama, Magic, Romance, Sci-Fi",TV,12,41756
55261,5493,-1,Ranma ½: Akumu! Shunmin Kou,"Action, Comedy, Martial Arts, Shounen, Supernatural",OVA,1,7064
41750,1056,9,Good Morning Call,"Comedy, Drama, Romance, School, Shoujo",OVA,1,3970
48930,7338,9,Darker than Black: Kuro no Keiyakusha Gaiden,"Action, Mystery, Sci-Fi, Super Power",Special,4,136135
49582,14829,-1,Fate/kaleid liner Prisma☆Illya,"Action, Comedy, Fantasy, Magic",TV,10,100392
61117,11597,6,Nisemonogatari,"Comedy, Mystery, Supernatural",TV,11,260062
26439,10928,8,Nogizaka Haruka no Himitsu: Finale,"Comedy, Romance",OVA,4,20660
53394,3674,-1,Sayonara Zetsubou Sensei Jo: Zetsubou Shoujo Senshuu,"Comedy, Parody, School",Special,1,12097
35325,431,9,Howl no Ugoku Shiro,"Adventure, Drama, Fantasy, Romance",Movie,1,333186
60599,18495,-1,Kitakubu Katsudou Kiroku,"Comedy, School, Slice of Life",TV,12,29790
68787,6327,-1,Miracle Train: Chuo-sen e Youkoso,"Fantasy, Shoujo",Special,1,2961
43482,13263,-1,Fate/Zero: Onegai! Einzbern Soudanshitsu,Comedy,Special,6,19326
34357,1498,8,Black Blood Brothers,"Action, Comedy, Fantasy, Shounen, Supernatural, Vampire",TV,12,68626
30519,4107,-1,Tengen Toppa Gurren Lagann Movie: Gurren-hen,"Action, Comedy, Mecha",Movie,1,72933
48590,12291,9,Acchi Kocchi (TV),"Comedy, Romance, School, Seinen, Slice of Life",TV,12,127973
15573,8460,7,Mirai Nikki,"Action, Shounen, Supernatural",OVA,1,114217
46320,11433,8,Ano Natsu de Matteru,"Comedy, Drama, Romance, Sci-Fi, Slice of Life",TV,12,169718
61287,2025,8,Darker than Black: Kuro no Keiyakusha,"Action, Mystery, Sci-Fi, Super Power",TV,25,440334
37227,376,-1,Elfen Lied Special,"Drama, Ecchi, Horror, Psychological, Supernatural",Special,1,116129
69389,16782,10,Kotonoha no Niwa,"Drama, Psychological, Romance, Slice of Life",Movie,1,189741
54240,4918,9,xxxHOLiC Shunmuki,"Comedy, Drama, Mystery, Psychological, Supernatural",OVA,2,40401
24075,13601,9,Psycho-Pass,"Action, Police, Psychological, Sci-Fi",TV,22,509109
22443,8630,8,Hidan no Aria,"Action, Comedy, Romance, School",TV,12,171888
15408,14813,9,Yahari Ore no Seishun Love Comedy wa Machigatteiru.,"Comedy, Drama, Romance, School",TV,13,353876
26320,1120,9,Pokemon: Mizu no Miyako no Mamorigami Latias to Latios,"Adventure, Comedy, Drama, Fantasy, Kids",Movie,1,42389
51692,9465,7,Break Blade 4: Sanka no Chi,"Action, Fantasy, Mecha, Military, Shounen",Movie,1,41598
70585,24625,8,Gundam Build Fighters Try,"Action, Mecha, Sci-Fi",TV,25,17946
64120,223,7,Dragon Ball,"Adventure, Comedy, Fantasy, Martial Arts, Shounen, Super Power",TV,153,316102
34031,26243,8,Owari no Seraph,"Action, Drama, Shounen, Supernatural, Vampire",TV,12,315630
49239,193,-1,Maburaho,"Comedy, Drama, Ecchi, Harem, Magic, Romance, School",TV,24,61004
55083,6547,6,Angel Beats!,"Action, Comedy, Drama, School, Supernatural",TV,13,717796
58567,2441,5,Koihime,"Fantasy, Harem, Hentai, Magic, Supernatural",OVA,2,3092
30065,1679,-1,Green Green Specials,"Comedy, Ecchi, Romance, Slice of Life",OVA,3,7526
49925,2969,9,Appleseed Saga Ex Machina,"Action, Mecha, Military, Sci-Fi",Movie,1,28365
4990,158,10,Maria-sama ga Miteru,"Drama, Romance, Shoujo, Shoujo Ai, Slice of Life",TV,13,33989
65899,121,8,Fullmetal Alchemist,"Action, Adventure, Comedy, Drama, Fantasy, Magic, Military, Shounen",TV,51,600384
54043,1659,7,Mai-Otome Specials,"Comedy, Drama, Fantasy, Magic",Special,9,4609
8719,13851,7,To LOVE-Ru Darkness OVA,"Comedy, Ecchi, Harem, Romance, School, Sci-Fi, Shounen",OVA,6,57166
63710,8630,-1,Hidan no Aria,"Action, Comedy, Romance, School",TV,12,171888
11735,20919,-1,Diabolik Lovers Recap,"Shoujo, Vampire",Special,1,11802
385,14513,10,Magi: The Labyrinth of Magic,"Action, Adventure, Fantasy, Magic, Shounen",TV,25,317513
61605,610,5,Popotan,"Comedy, Drama, Ecchi, Supernatural",TV,12,15230
50867,205,8,Samurai Champloo,"Action, Adventure, Comedy, Historical, Samurai, Shounen",TV,26,390076
22206,3328,7,School Days: Magical Heart Kokoro-chan,"Comedy, Ecchi, Magic",OVA,1,28812
30262,936,-1,Naruto Movie 2: Dai Gekitotsu! Maboroshi no Chiteiiseki Dattebayo!,"Adventure, Comedy, Drama, Fantasy, Shounen, Supernatural",Movie,1,97308
64914,6547,10,Angel Beats!,"Action, Comedy, Drama, School, Supernatural",TV,13,717796
14549,9756,9,Mahou Shoujo Madoka★Magica,"Drama, Magic, Psychological, Thriller",TV,12,462974
39477,43,8,Ghost in the Shell,"Action, Mecha, Police, Psychological, Sci-Fi, Seinen",Movie,1,223036
67449,2104,8,Seto no Hanayome,"Comedy, Parody, Romance, School",TV,26,165008
69737,649,8,Hanaukyou Maid-tai: La Verite,"Comedy, Ecchi, Harem, Romance",TV,12,14069
12303,32282,7,Shokugeki no Souma: Ni no Sara,"Ecchi, School, Shounen",TV,13,185015
7997,2367,-1,Moetan,"Comedy, Ecchi, Magic, School",TV,12,18432
49377,267,10,Gungrave,"Action, Drama, Sci-Fi, Seinen, Super Power",TV,26,95825
42154,17265,8,Log Horizon,"Action, Adventure, Fantasy, Game, Magic, Shounen",TV,25,387100
54849,6205,6,Kämpfer,"Action, Comedy, Ecchi, Romance, School, Shoujo Ai, Super Power",TV,12,146631
38682,1232,8,Saber Marionette R,"Action, Comedy, Harem, Mecha, Sci-Fi",OVA,3,4928
6512,1482,7,D.Gray-man,"Action, Adventure, Comedy, Shounen",TV,103,334399
62735,16528,8,Hal,"Romance, Sci-Fi, Shoujo",Movie,1,50812
11420,196,7,Onegai☆Twins,"Comedy, Drama, Harem, School, Sci-Fi",TV,12,59164
57868,23209,7,Sora no Method,"Drama, Fantasy, School, Slice of Life",TV,13,47900
65728,8915,6,Dantalian no Shoka,"Action, Historical, Mystery, Supernatural",TV,12,84779
29281,7902,8,Fullmetal Alchemist: Brotherhood - 4-Koma Theater,"Comedy, Fantasy, Military, Parody",Special,16,31262
20619,6747,7,Dance in the Vampire Bund,"Action, Supernatural, Vampire",TV,12,121005
53666,5734,8,Tayutama: Kiss on My Deity,"Harem, Romance, Supernatural",TV,12,43288
40039,12365,9,Bakuman. 3rd Season,"Comedy, Drama, Romance, Shounen",TV,25,133620
61974,5150,-1,Hatsukoi Limited,"Comedy, Romance, School, Shounen",TV,12,54796
43685,355,10,Shakugan no Shana,"Action, Drama, Fantasy, Romance, School, Supernatural",TV,24,297058
66694,1815,8,Shakugan no Shana Movie,"Action, Fantasy, Supernatural",Movie,1,43962
64726,11759,9,Accel World,"Action, Game, Romance, School, Sci-Fi",TV,24,324284
18873,6127,-1,Toradora!: SOS!,Comedy,Special,4,54096
51164,19613,-1,New Initial D Movie: Legend 1 - Kakusei,"Action, Cars, Seinen, Sports",Movie,1,7695
50215,2581,7,Mobile Suit Gundam 00,"Action, Drama, Mecha, Military, Sci-Fi, Space",TV,25,120351
54218,2966,8,Ookami to Koushinryou,"Adventure, Fantasy, Historical, Romance",TV,13,334932
1245,14345,8,Btooom!,"Action, Psychological, Sci-Fi, Seinen",TV,12,329561
22904,4063,7,Sekirei,"Action, Comedy, Ecchi, Harem, Super Power",TV,12,182713
55033,16498,-1,Shingeki no Kyojin,"Action, Drama, Fantasy, Shounen, Super Power",TV,25,896229
40648,10578,6,C³,"Action, Comedy, Ecchi, School, Supernatural",TV,12,100425
61904,4106,9,Trigun: Badlands Rumble,"Action, Comedy, Sci-Fi",Movie,1,68181
27088,6023,4,Nogizaka Haruka no Himitsu: Purezza,"Comedy, Ecchi, Romance",TV,12,45161
15653,9756,8,Mahou Shoujo Madoka★Magica,"Drama, Magic, Psychological, Thriller",TV,12,462974
54043,73,8,Full Metal Panic! The Second Raid,"Action, Mecha, Military",TV,13,155340
15715,26441,7,Junketsu no Maria,"Comedy, Fantasy, Historical, Magic, Seinen",TV,12,75460
2384,934,-1,Higurashi no Naku Koro ni,"Horror, Mystery, Psychological, Supernatural, Thriller",TV,26,359494
22087,11843,6,Danshi Koukousei no Nichijou,"Comedy, School, Shounen, Slice of Life",TV,12,258914
57434,508,10,Tottoko Hamtarou,"Adventure, Comedy, Kids",TV,296,29433
29454,3210,10,Ikoku Irokoi Romantan,"Comedy, Romance, Yaoi",OVA,2,24223
28379,880,8,Aa! Megami-sama!: Sorezore no Tsubasa,"Comedy, Magic, Romance, Seinen, Supernatural",TV,22,42026
8217,21067,6,Strange+,"Comedy, Shoujo, Slice of Life",TV,12,21006
24250,9062,7,Angel Beats! Specials,"Action, Comedy, School, Supernatural",Special,2,139013
6798,14513,7,Magi: The Labyrinth of Magic,"Action, Adventure, Fantasy, Magic, Shounen",TV,25,317513
37956,20785,7,Mahouka Koukou no Rettousei,"Magic, Romance, School, Sci-Fi, Supernatural",TV,26,285317
58330,1588,6,Mamoru-kun ni Megami no Shukufuku wo!,"Comedy, Romance, School",TV,24,16922
811,14713,-1,Kamisama Hajimemashita,"Comedy, Demons, Fantasy, Romance, Shoujo, Supernatural",TV,13,189641
25252,1559,9,Shijou Saikyou no Deshi Kenichi,"Action, Comedy, Martial Arts, School, Shounen",TV,50,129112
12129,18507,9,Free!,"Comedy, School, Slice of Life, Sports",TV,12,265791
13954,19703,7,Kyousou Giga (TV),"Action, Fantasy, Supernatural",TV,10,67732
5061,93,7,Mobile Suit Gundam Seed,"Action, Drama, Mecha, Military, Romance, Sci-Fi, Space",TV,50,96973
44756,24705,7,"Ore, Twintail ni Narimasu.","Action, Comedy, Fantasy, Romance, School, Shounen",TV,12,66868
24745,1364,-1,Detective Conan Movie 05: Countdown to Heaven,"Adventure, Comedy, Mystery, Police, Shounen",Movie,1,25432
6075,2167,7,Clannad,"Comedy, Drama, Romance, School, Slice of Life, Supernatural",TV,23,566690
35677,813,8,Dragon Ball Z,"Action, Adventure, Comedy, Fantasy, Martial Arts, Shounen, Super Power",TV,291,375662
8900,14741,8,Chuunibyou demo Koi ga Shitai!,"Comedy, Drama, Romance, School, Slice of Life",TV,12,394399
57306,14811,8,GJ-bu,"Comedy, School, Slice of Life",TV,12,83838
1252,29787,-1,Gochuumon wa Usagi Desu ka??,"Comedy, Slice of Life",TV,12,38102
32799,10162,9,Usagi Drop,"Josei, Slice of Life",TV,11,194855
42314,20787,-1,Black Bullet,"Action, Mystery, Sci-Fi, Seinen",TV,13,320267
11097,12729,7,High School DxD OVA,"Comedy, Demons, Ecchi, Romance, School",OVA,2,91154
22298,6,8,Trigun,"Action, Comedy, Sci-Fi",TV,26,283069
23893,1365,-1,Detective Conan Movie 06: The Phantom of Baker Street,"Adventure, Mystery, Police, Shounen",Movie,1,28462
11871,1117,9,Pokemon: Maboroshi no Pokemon Lugia Bakutan,"Adventure, Comedy, Drama, Fantasy, Kids",Movie,1,78876
73343,5958,9,Sora no Otoshimono,"Comedy, Ecchi, Harem, Romance, Sci-Fi, Shounen, Supernatural",TV,13,227681
10442,7711,6,Karigurashi no Arrietty,Fantasy,Movie,1,97910
45109,4224,10,Toradora!,"Comedy, Romance, School, Slice of Life",TV,25,633817
35410,18677,8,Yuusha ni Narenakatta Ore wa Shibushibu Shuushoku wo Ketsui Shimashita.,"Comedy, Ecchi, Fantasy, Romance",TV,12,115338
3362,4181,-1,Clannad: After Story,"Drama, Fantasy, Romance, Slice of Life, Supernatural",TV,24,456749
4355,4026,-1,Pokemon Diamond &amp; Pearl: Giratina to Sora no Hanataba Sheimi,"Action, Adventure, Fantasy, Kids",Movie,1,32654
65944,4872,7,Goku Sayonara Zetsubou Sensei,"Comedy, Parody, School",OVA,3,40358
22540,3782,8,Kara no Kyoukai 2: Satsujin Kousatsu (Zen),"Action, Mystery, Romance, Supernatural, Thriller",Movie,1,114415
33672,23755,-1,Nanatsu no Taizai,"Action, Adventure, Ecchi, Fantasy, Shounen, Supernatural",TV,24,331627
33192,849,7,Suzumiya Haruhi no Yuuutsu,"Comedy, Mystery, Parody, School, Sci-Fi, Slice of Life",TV,14,428569
23202,28297,10,Ore Monogatari!!,"Comedy, Romance, Shoujo",TV,24,200833
41018,174,8,Tenjou Tenge,"Action, Comedy, Ecchi, Martial Arts, School, Shounen, Super Power",TV,24,103449
57975,71,10,Full Metal Panic!,"Action, Comedy, Mecha, Military, Sci-Fi",TV,24,256325
49965,10521,9,Working&#039;!!,"Comedy, Slice of Life",TV,13,117328
67694,10790,-1,Kore wa Zombie Desu ka? of the Dead,"Action, Comedy, Ecchi, Harem, Magic, Supernatural",TV,10,180032
27664,650,-1,Gunsmith Cats,"Action, Comedy, Police, Seinen",OVA,3,15176
30299,9252,8,Break Blade 3: Kyoujin no Ato,"Action, Fantasy, Mecha, Military, Shounen",Movie,1,42653
42790,48,-1,.hack//Sign,"Adventure, Fantasy, Game, Magic, Mystery, Sci-Fi",TV,26,110304
32574,13759,8,Sakurasou no Pet na Kanojo,"Comedy, Drama, Romance, School, Slice of Life",TV,24,380375
27053,4752,5,Vampire Knight Guilty,"Drama, Mystery, Romance, Shoujo, Supernatural, Vampire",TV,13,198492
53645,18679,8,Kill la Kill,"Action, Comedy, School, Super Power",TV,24,508118
12151,245,9,Great Teacher Onizuka,"Comedy, Drama, School, Shounen, Slice of Life",TV,43,268487
63379,30503,9,Noragami Aragoto,"Action, Adventure, Shounen, Supernatural",TV,13,299434
1025,45,8,Rurouni Kenshin: Meiji Kenkaku Romantan,"Action, Adventure, Comedy, Historical, Romance, Samurai",TV,94,218928
17633,22297,9,Fate/stay night: Unlimited Blade Works,"Action, Fantasy, Magic, Shounen, Supernatural",TV,12,267484
34585,11553,-1,Toradora!: Bentou no Gokui,"Comedy, Romance, School, Slice of Life",Special,1,71433
61892,30206,5,Amagi Brilliant Park: Nonbirishiteiru Hima ga Nai!,Comedy,Special,1,30342
69833,15335,10,Gintama Movie: Kanketsu-hen - Yorozuya yo Eien Nare,"Action, Comedy, Historical, Parody, Samurai, Sci-Fi, Shounen",Movie,1,72534
22652,2227,7,Lady Lady!!,"Drama, Historical",TV,21,2681
55630,889,8,Black Lagoon,"Action, Seinen",TV,12,332562
1674,19703,6,Kyousou Giga (TV),"Action, Fantasy, Supernatural",TV,10,67732
59138,641,7,Ichigo 100% Special 2,"Comedy, Ecchi, Romance, Shounen",Special,1,13562
28546,175,7,Tokyo Underground,"Action, Adventure, Romance, Sci-Fi, Shounen, Super Power",TV,26,17920
62909,21167,7,Escha &amp; Logy no Atelier: Tasogare no Sora no Renkinjutsushi,Fantasy,TV,12,37885
27730,23121,7,Jinsei,"Comedy, School, Slice of Life",TV,13,40413
3652,2890,10,Gake no Ue no Ponyo,"Adventure, Fantasy",Movie,1,140277
48142,1074,8,Naruto Narutimate Hero 3: Tsuini Gekitotsu! Jounin vs. Genin!! Musabetsu Dairansen taikai Kaisai!!,"Adventure, Comedy, Game, Shounen",OVA,1,45188
52669,19775,8,Sidonia no Kishi,"Action, Mecha, Sci-Fi, Seinen, Space",TV,12,118341
46978,10589,-1,Naruto: Shippuuden Movie 5 - Blood Prison,"Action, Adventure, Martial Arts, Mystery, Shounen, Super Power",Movie,1,75660
69329,17831,6,Inu to Hasami wa Tsukaiyou,"Comedy, Supernatural",TV,12,69526
45741,457,9,Mushishi,"Adventure, Fantasy, Historical, Mystery, Seinen, Slice of Life, Supernatural",TV,26,300030
553,22101,10,Soredemo Sekai wa Utsukushii,"Adventure, Fantasy, Romance, Shoujo",TV,12,99462
40505,1689,6,Byousoku 5 Centimeter,"Drama, Romance, Slice of Life",Movie,3,324035
55610,1579,8,Kiniro no Corda: Primo Passo,"Comedy, Drama, Harem, Magic, Music, Romance, School, Shoujo",TV,25,63134
60401,7054,8,Kaichou wa Maid-sama!,"Comedy, Romance, School, Shoujo",TV,26,391628
12562,3785,-1,Evangelion: 3.0 You Can (Not) Redo,"Action, Mecha, Sci-Fi",Movie,1,135318
73276,4028,9,Slayers Revolution,"Adventure, Comedy, Fantasy",TV,13,23679
42416,31964,8,Boku no Hero Academia,"Action, Comedy, School, Shounen, Super Power",TV,13,282002
71499,5341,-1,Ookami to Koushinryou II,"Adventure, Fantasy, Historical, Romance",TV,12,210491
6949,14131,7,Girls und Panzer,"Military, School",TV,12,104275
61183,2144,9,Naruto Movie 3: Dai Koufun! Mikazuki Jima no Animaru Panikku Dattebayo!,"Action, Adventure",Movie,1,91526
4452,22265,8,Free!: Eternal Summer,"Comedy, School, Slice of Life, Sports",TV,13,150596
21281,2167,5,Clannad,"Comedy, Drama, Romance, School, Slice of Life, Supernatural",TV,23,566690
41536,531,8,Bishoujo Senshi Sailor Moon R: The Movie,"Drama, Magic, Romance, Shoujo",Movie,1,33682
32172,14293,-1,Nerawareta Gakuen,"Romance, School, Sci-Fi",Movie,1,44787
45802,10790,-1,Kore wa Zombie Desu ka? of the Dead,"Action, Comedy, Ecchi, Harem, Magic, Supernatural",TV,10,180032
59870,8915,7,Dantalian no Shoka,"Action, Historical, Mystery, Supernatural",TV,12,84779
15012,8424,8,MM!,"Comedy, Ecchi, Harem, School",TV,12,129672
59065,20541,10,Mikakunin de Shinkoukei,"Comedy, Romance, School, Slice of Life",TV,12,133385
72428,25183,7,Gangsta.,"Action, Drama, Seinen",TV,12,210752
14402,13125,7,Shinsekai yori,"Drama, Horror, Mystery, Sci-Fi, Supernatural",TV,25,288376
59194,485,-1,Damekko Doubutsu,Comedy,TV,26,8024
19255,10620,-1,Mirai Nikki (TV),"Action, Mystery, Psychological, Shounen, Supernatural, Thriller",TV,26,657190
59228,2787,7,Shakugan no Shana II (Second),"Action, Drama, Fantasy, Romance, School, Supernatural",TV,24,184525
24158,232,8,Cardcaptor Sakura,"Adventure, Comedy, Drama, Fantasy, Magic, Romance, School, Shoujo",TV,70,181249
67050,758,5,RahXephon: Pluralitas Concentio,"Action, Drama, Mecha, Psychological, Romance, Sci-Fi",Movie,1,10524
27332,7411,8,Kanojo x Kanojo x Kanojo: Sanshimai to no DokiDoki Kyoudou Seikatsu,"Harem, Hentai",OVA,3,14138
52295,6151,-1,Final Fantasy VII: On the Way to a Smile - Episode: Denzel,"Action, Fantasy, Super Power",OVA,1,18795
33165,21507,5,Soul Eater NOT!,"Action, Comedy, Ecchi, Shounen, Supernatural",TV,12,92269
58834,2236,10,Toki wo Kakeru Shoujo,"Adventure, Drama, Romance, Sci-Fi",Movie,1,289206
6973,1847,6,Rec: Yurusarezarumono,"Comedy, Drama, Romance",Special,1,16654
35957,23233,10,Shinmai Maou no Testament,"Action, Demons, Ecchi, Fantasy, Harem, Romance",TV,12,172321
70768,31821,-1,Arslan Senki (TV): Fuujin Ranbu,"Action, Adventure, Drama, Fantasy, Historical, Shounen, Supernatural",TV,8,53577
25409,4382,7,Suzumiya Haruhi no Yuuutsu (2009),"Comedy, Mystery, Parody, Romance, School, Sci-Fi, Slice of Life",TV,14,243448
23289,899,7,Dragon Ball Z Movie 06: Gekitotsu!! 100-oku Power no Senshi-tachi,"Adventure, Comedy, Fantasy, Sci-Fi, Shounen",Movie,1,55789
28858,496,-1,Kamui no Ken,"Adventure, Drama, Fantasy, Historical, Shounen",Movie,1,2776
58481,8476,10,Otome Youkai Zakuro,"Demons, Historical, Military, Romance, Seinen, Supernatural",TV,13,61957
60929,28121,8,Dungeon ni Deai wo Motomeru no wa Machigatteiru Darou ka,"Action, Adventure, Comedy, Fantasy, Romance",TV,13,336349
56435,24475,8,Mangaka-san to Assistant-san to The Animation Specials,"Comedy, Ecchi, Harem, Seinen, Slice of Life",Special,6,21564
41827,482,6,Yu☆Gi☆Oh!: Duel Monsters GX,"Action, Comedy, Fantasy, Game, Shounen",TV,180,74331
58446,384,9,Gantz,"Action, Drama, Horror, Psychological, Sci-Fi, Supernatural",TV,13,165335
41909,23281,8,Psycho-Pass 2,"Action, Police, Psychological, Sci-Fi",TV,11,228435
12114,7592,7,Nurarihyon no Mago,"Action, Demons, Shounen, Supernatural",TV,24,122976
68740,149,7,Loveless,"Action, Drama, Fantasy, Mystery, Romance, Shoujo, Shounen Ai, Supernatural",TV,12,85554
41698,4565,-1,Tengen Toppa Gurren Lagann Movie: Lagann-hen,"Action, Mecha, Sci-Fi, Space, Super Power",Movie,1,82253
40200,934,9,Higurashi no Naku Koro ni,"Horror, Mystery, Psychological, Supernatural, Thriller",TV,26,359494
47909,532,-1,Bishoujo Senshi Sailor Moon S,"Drama, Magic, Romance, Shoujo",TV,38,66911
22062,6547,8,Angel Beats!,"Action, Comedy, Drama, School, Supernatural",TV,13,717796
2954,512,10,Majo no Takkyuubin,"Adventure, Comedy, Drama, Fantasy, Magic, Romance",Movie,1,152331
478,18679,9,Kill la Kill,"Action, Comedy, School, Super Power",TV,24,508118
10965,174,7,Tenjou Tenge,"Action, Comedy, Ecchi, Martial Arts, School, Shounen, Super Power",TV,24,103449
65237,2904,9,Code Geass: Hangyaku no Lelouch R2,"Action, Drama, Mecha, Military, Sci-Fi, Super Power",TV,25,572888
58916,552,-1,Digimon Adventure,"Action, Adventure, Comedy, Fantasy, Kids",TV,54,182208
6569,2904,9,Code Geass: Hangyaku no Lelouch R2,"Action, Drama, Mecha, Military, Sci-Fi, Super Power",TV,25,572888
63231,357,-1,Bokusatsu Tenshi Dokuro-chan,"Comedy, Ecchi, Magic",OVA,4,117080
39921,10405,4,Xi Avant,"Adventure, Sci-Fi",Movie,1,2379
68281,5530,8,Pandora Hearts,"Adventure, Fantasy, Mystery, Shounen, Supernatural",TV,25,229567
37332,16706,6,Kami nomi zo Shiru Sekai: Megami-hen,"Comedy, Harem, Romance, Shounen, Supernatural",TV,12,142612
25314,5958,6,Sora no Otoshimono,"Comedy, Ecchi, Harem, Romance, Sci-Fi, Shounen, Supernatural",TV,13,227681
20766,10161,7,No.6,"Action, Sci-Fi",TV,11,168017
66824,7791,9,K-On!!,"Comedy, Music, School, Slice of Life",TV,26,246276
66022,225,7,Dragon Ball GT,"Action, Adventure, Comedy, Fantasy, Magic, Sci-Fi, Shounen, Super Power",TV,64,226625
3158,29803,6,Overlord,"Action, Adventure, Fantasy, Game, Magic, Supernatural",TV,13,244268
47701,10161,10,No.6,"Action, Sci-Fi",TV,11,168017
1165,18001,8,Freezing Vibration,"Action, Drama, Ecchi, Harem, Martial Arts, Military, Romance, Sci-Fi, Seinen",TV,12,79298
45752,7858,-1,Sora no Otoshimono: Project Pink,"Comedy, Ecchi, Harem, Sci-Fi, Shounen, Supernatural",OVA,1,61903
2715,8861,7,"Yosuga no Sora: In Solitude, Where We Are Least Alone.","Drama, Ecchi, Harem, Romance",TV,12,173216
25382,469,8,Karin,"Comedy, Romance, School, Shounen, Vampire",TV,24,106142
6983,32,10,Neon Genesis Evangelion: The End of Evangelion,"Dementia, Drama, Mecha, Psychological, Sci-Fi",Movie,1,215630
50971,4214,10,Rosario to Vampire Capu2,"Comedy, Ecchi, Fantasy, Harem, Romance, School, Vampire",TV,13,203958
62142,11759,10,Accel World,"Action, Game, Romance, School, Sci-Fi",TV,24,324284
10692,10087,8,Fate/Zero,"Action, Fantasy, Supernatural",TV,13,453630
20204,3588,7,Soul Eater,"Action, Adventure, Comedy, Fantasy, Shounen, Supernatural",TV,51,580184
2137,249,7,InuYasha,"Action, Adventure, Comedy, Demons, Fantasy, Magic, Romance, Shounen, Supernatural",TV,167,281632
52052,5277,-1,Sekirei: Pure Engagement,"Action, Comedy, Ecchi, Harem, Super Power",TV,13,113911
56139,4106,8,Trigun: Badlands Rumble,"Action, Comedy, Sci-Fi",Movie,1,68181
3047,4898,7,Kuroshitsuji,"Action, Comedy, Demons, Fantasy, Historical, Shounen, Supernatural",TV,24,424919
37595,11741,8,Fate/Zero 2nd Season,"Action, Fantasy, Supernatural, Thriller",TV,12,340973
6098,1536,8,Busou Renkin,"Action, Comedy, Fantasy, School, Shounen, Supernatural",TV,26,104607
15347,25681,7,Kamisama Hajimemashita◎,"Comedy, Demons, Fantasy, Romance, Shoujo, Supernatural",TV,12,91796
49945,1187,4,DNA² OVA,"Comedy, Drama, Sci-Fi",OVA,3,8003
57731,509,7,I My Me! Strawberry Eggs,"Comedy, Drama, Romance, School, Slice of Life",TV,13,25043
2108,15583,7,Date A Live,"Comedy, Harem, Mecha, Romance, School, Sci-Fi",TV,12,301358
31169,11285,8,Black★Rock Shooter (TV),"Action, Drama, School, Slice of Life",TV,8,198991
21084,13357,7,High School DxD Specials,"Comedy, Demons, Ecchi, Harem, Romance, School",Special,6,75439
12613,5040,7,One Outs,"Psychological, Seinen, Sports",TV,25,83056
32436,210,10,Ranma ½,"Comedy, Fantasy, Martial Arts, Slice of Life",TV,161,105212
56470,12365,-1,Bakuman. 3rd Season,"Comedy, Drama, Romance, Shounen",TV,25,133620
56469,249,7,InuYasha,"Action, Adventure, Comedy, Demons, Fantasy, Magic, Romance, Shounen, Supernatural",TV,167,281632
60372,2034,8,Lovely★Complex,"Comedy, Romance, Shoujo",TV,24,235003
17501,10620,8,Mirai Nikki (TV),"Action, Mystery, Psychological, Shounen, Supernatural, Thriller",TV,26,657190
66206,72,10,Full Metal Panic? Fumoffu,"Action, Comedy, School",TV,12,171086
20954,1281,7,Gakkou no Kaidan,"Horror, Mystery, Supernatural",TV,19,42033
57879,11617,7,High School DxD,"Comedy, Demons, Ecchi, Harem, Romance, School",TV,12,398660
44914,317,9,Final Fantasy VII: Advent Children,"Action, Fantasy, Super Power",Movie,1,138659
55034,1689,-1,Byousoku 5 Centimeter,"Drama, Romance, Slice of Life",Movie,3,324035
44178,114,8,Sakigake!! Cromartie Koukou,"Comedy, School, Shounen",TV,26,67254
62617,21995,-1,Ao Haru Ride,"Comedy, Drama, Romance, School, Shoujo, Slice of Life",TV,12,227417
69076,5973,7,Fight Ippatsu! Juuden-chan!!,"Comedy, Ecchi, Sci-Fi, Shounen",TV,12,20279
68571,457,9,Mushishi,"Adventure, Fantasy, Historical, Mystery, Seinen, Slice of Life, Supernatural",TV,26,300030
52253,355,8,Shakugan no Shana,"Action, Drama, Fantasy, Romance, School, Supernatural",TV,24,297058
47282,30898,6,Tsunpri,Hentai,OVA,1,2362
17333,9510,-1,Mitsudomoe Zouryouchuu!,"Comedy, School, Slice of Life",TV,8,26468
48220,232,10,Cardcaptor Sakura,"Adventure, Comedy, Drama, Fantasy, Magic, Romance, School, Shoujo",TV,70,181249
32324,1840,9,Zero no Tsukaima: Futatsuki no Kishi,"Action, Adventure, Comedy, Ecchi, Fantasy, Harem, Magic, Romance, School",TV,12,235684
45183,6,-1,Trigun,"Action, Comedy, Sci-Fi",TV,26,283069
67348,1926,8,Jishu Seisaku Movie Binchou-tan,"Music, Slice of Life",Music,1,1781
51945,1254,-1,Saint Seiya,"Adventure, Fantasy, Sci-Fi, Shounen",TV,114,70559
40739,2144,-1,Naruto Movie 3: Dai Koufun! Mikazuki Jima no Animaru Panikku Dattebayo!,"Action, Adventure",Movie,1,91526
3201,2904,10,Code Geass: Hangyaku no Lelouch R2,"Action, Drama, Mecha, Military, Sci-Fi, Super Power",TV,25,572888
22057,66,-1,Azumanga Daioh,"Comedy, School, Slice of Life",TV,26,170901
6549,3588,9,Soul Eater,"Action, Adventure, Comedy, Fantasy, Shounen, Supernatural",TV,51,580184
14075,5630,9,Higashi no Eden,"Action, Comedy, Drama, Mystery, Romance, Sci-Fi, Thriller",TV,11,276593
18429,24913,8,Bokura wa Minna Kawaisou: Hajimete no,"Comedy, Romance, School, Slice of Life",Special,1,20622
53403,9253,10,Steins;Gate,"Sci-Fi, Thriller",TV,24,673572
28817,5680,7,K-On!,"Comedy, Music, School, Slice of Life",TV,13,386048
13288,8676,9,Amagami SS,"Comedy, Romance, School, Slice of Life",TV,25,157223
46906,29803,7,Overlord,"Action, Adventure, Fantasy, Game, Magic, Supernatural",TV,13,244268
28951,2167,10,Clannad,"Comedy, Drama, Romance, School, Slice of Life, Supernatural",TV,23,566690
64255,940,7,Inukami!,"Comedy, Ecchi, Romance, Shounen, Supernatural",TV,26,47882
28402,10719,8,Boku wa Tomodachi ga Sukunai,"Comedy, Ecchi, Harem, Romance, School, Seinen, Slice of Life",TV,12,325664
21963,3167,6,Eve no Jikan,"Sci-Fi, Slice of Life",ONA,6,99074
38673,4437,6,Naruto: Shippuuden Movie 2 - Kizuna,"Action, Martial Arts, Shounen, Supernatural",Movie,1,97818
28518,10163,-1,C: The Money of Soul and Possibility Control,"Action, Mystery, Super Power, Thriller",TV,11,156853
9858,15451,-1,High School DxD New,"Action, Comedy, Demons, Ecchi, Harem, Romance, School",TV,12,266657
73172,6151,8,Final Fantasy VII: On the Way to a Smile - Episode: Denzel,"Action, Fantasy, Super Power",OVA,1,18795
22378,16668,6,Kakumeiki Valvrave,"Action, Mecha, Space",TV,12,96718
51947,62,7,D.C.: Da Capo,"Drama, Harem, Magic, Romance",TV,26,49909
59050,79,7,Shuffle!,"Comedy, Drama, Ecchi, Fantasy, Harem, Magic, Romance, School, Seinen",TV,24,158772
40320,2001,10,Tengen Toppa Gurren Lagann,"Action, Adventure, Comedy, Mecha, Sci-Fi",TV,27,562962
15221,62,7,D.C.: Da Capo,"Drama, Harem, Magic, Romance",TV,26,49909
30558,688,7,Uta Kata,"Drama, Magic",TV,12,16688
19812,45,8,Rurouni Kenshin: Meiji Kenkaku Romantan,"Action, Adventure, Comedy, Historical, Romance, Samurai",TV,94,218928
16702,2904,-1,Code Geass: Hangyaku no Lelouch R2,"Action, Drama, Mecha, Military, Sci-Fi, Super Power",TV,25,572888
27676,1368,-1,Detective Conan OVA 06: Follow the Vanished Diamond! Conan &amp; Heiji vs. Kid!,"Comedy, Mystery, Police, Shounen",OVA,1,8436
51499,8514,7,Break Blade 2: Ketsubetsu no Michi,"Action, Fantasy, Mecha, Military, Shounen",Movie,1,44900
58273,534,-1,Slayers,"Adventure, Comedy, Demons, Fantasy, Magic",TV,26,73476
50130,105,7,Boys Be...,"Comedy, Romance, Shounen, Slice of Life",TV,13,15026
64507,1470,7,City Hunter,"Action, Comedy, Mystery, Shounen",TV,51,19963
65545,7088,5,Ichiban Ushiro no Daimaou,"Action, Comedy, Ecchi, Fantasy, Harem, Magic, School, Shounen",TV,12,203618
54584,1290,7,Mobile Police Patlabor: WXIII,"Mecha, Police, Sci-Fi",Movie,1,5480
30567,570,8,Jin-Rou,"Drama, Military, Police, Psychological, Romance",Movie,1,62464
7573,323,8,Mousou Dairinin,"Drama, Mystery, Police, Psychological, Supernatural, Thriller",TV,13,137687
11317,2993,8,Rosario to Vampire,"Comedy, Ecchi, Fantasy, Harem, Romance, School, Shounen, Vampire",TV,13,299278
60129,818,6,Sakura Tsuushin,"Comedy, Drama, Romance, Slice of Life",OVA,12,7342
63334,9479,7,Coppelion,"Action, Sci-Fi, Seinen",TV,13,76291
22540,527,5,Pokemon,"Action, Adventure, Comedy, Fantasy, Kids",TV,276,229157
17815,19391,9,Shingeki no Kyojin Picture Drama,"Comedy, Parody",Special,9,26363
19428,263,-1,Hajime no Ippo,"Comedy, Drama, Shounen, Sports",TV,75,157670
71030,18277,10,Strike the Blood,"Action, Ecchi, Fantasy, Harem, School, Shounen, Supernatural, Vampire",TV,24,231387
60140,2167,-1,Clannad,"Comedy, Drama, Romance, School, Slice of Life, Supernatural",TV,23,566690
19281,10897,6,Boku wa Tomodachi ga Sukunai Episode 0,"Comedy, Romance, School, Seinen, Slice of Life",OVA,1,69233
43626,14967,8,Boku wa Tomodachi ga Sukunai Next,"Comedy, Harem, Romance, School, Seinen, Slice of Life",TV,12,214319
62898,1118,7,Pokemon: Kesshoutou no Teiou Entei,"Action, Adventure, Comedy, Drama, Fantasy, Kids",Movie,1,73253
48828,4155,10,One Piece Film: Strong World,"Action, Adventure, Comedy, Drama, Fantasy, Shounen",Movie,1,85020
72404,4565,8,Tengen Toppa Gurren Lagann Movie: Lagann-hen,"Action, Mecha, Sci-Fi, Space, Super Power",Movie,1,82253
10439,442,7,Naruto Movie 1: Dai Katsugeki!! Yuki Hime Shinobu Houjou Dattebayo!,"Adventure, Comedy, Drama, Historical, Shounen, Supernatural",Movie,1,120571
32370,18195,10,Little Busters!: Refrain,"Comedy, Drama, Romance, School, Slice of Life, Supernatural",TV,13,71820
64542,2159,8,Ookiku Furikabutte,"Comedy, Sports",TV,25,49599
65624,17641,-1,Date A Live: Date to Date,"Comedy, Harem, Romance, School, Sci-Fi",OVA,1,68328
32684,10716,-1,Towa no Quon 5: Souzetsu no Raifuku,"Action, Super Power, Supernatural",Movie,1,18060
24645,578,10,Hotaru no Haka,"Drama, Historical",Movie,1,174878
29892,3467,7,Nogizaka Haruka no Himitsu,"Comedy, Romance",TV,12,80820
60168,3712,8,Zero no Tsukaima: Princesses no Rondo,"Action, Adventure, Comedy, Ecchi, Fantasy, Harem, Magic, Romance, School",TV,12,210891
49676,4186,6,Chrome Shelled Regios,"Action, Adventure, Fantasy, School, Sci-Fi",TV,24,103615
23031,123,-1,Fushigi Yuugi,"Adventure, Comedy, Drama, Fantasy, Historical, Magic, Martial Arts, Romance, Shoujo",TV,52,61622
1539,4752,-1,Vampire Knight Guilty,"Drama, Mystery, Romance, Shoujo, Supernatural, Vampire",TV,13,198492
71182,431,9,Howl no Ugoku Shiro,"Adventure, Drama, Fantasy, Romance",Movie,1,333186
26685,30831,8,Kono Subarashii Sekai ni Shukufuku wo!,"Adventure, Comedy, Fantasy, Supernatural",TV,10,244877
5006,2787,9,Shakugan no Shana II (Second),"Action, Drama, Fantasy, Romance, School, Supernatural",TV,24,184525
436,11703,7,Code:Breaker,"Action, Comedy, School, Shounen, Super Power, Supernatural",TV,13,135255
58054,2472,7,Naruto: Shippuuden Movie 1,"Action, Adventure, Comedy, Fantasy, Shounen",Movie,1,108170
43916,21603,-1,Mekakucity Actors,"Comedy, Romance, Sci-Fi, Super Power, Supernatural",TV,12,198876
5512,637,-1,Iketeru Futari,"Comedy, Ecchi, Romance, School, Seinen",TV,16,11933
54742,4918,-1,xxxHOLiC Shunmuki,"Comedy, Drama, Mystery, Psychological, Supernatural",OVA,2,40401
48995,4793,10,Pokemon: Pichu to Pikachu,"Adventure, Comedy, Fantasy, Kids",Movie,1,22352
60621,21855,8,Hanamonogatari,"Comedy, Mystery, Supernatural",TV,5,124886
14513,20057,9,Space☆Dandy,"Comedy, Sci-Fi, Space",TV,13,123529
60083,2581,9,Mobile Suit Gundam 00,"Action, Drama, Mecha, Military, Sci-Fi, Space",TV,25,120351
